Temperature (K);Pressure (MPa);Density (kg/m3);Volume (m3/kg);Internal Energy (kJ/kg);Enthalpy (kJ/kg);Entropy (J/g*K);Cv (J/g*K);Cp (J/g*K);Sound Spd. (m/s);Joule-Thomson (K/MPa);Viscosity (Pa*s);Therm. Cond. (W/m*K);Phase
232.800000000;8.00000000000;1136.36666493;0.000879997654682;106.449170645;113.489151882;0.641501675612;0.960651797608;1.94279481570;906.030222474;-0.112999669325;0.000207487237833;0.163566081240;liquid
232.850000000;8.00000000000;1136.18346122;0.000880139549759;106.545178964;113.586295363;0.641918913797;0.960587325600;1.94294445263;905.691706815;-0.112783998854;0.000207324832672;0.163506991542;liquid
232.900000000;8.00000000000;1136.00020505;0.000880281531252;106.641194083;113.683446333;0.642336094563;0.960522896577;1.94309442789;905.353177720;-0.112568021658;0.000207162571122;0.163447906902;liquid
232.950000000;8.00000000000;1135.81689635;0.000880423599276;106.737216017;113.780604811;0.642753218007;0.960458510560;1.94324474192;905.014635078;-0.112351737242;0.000207000453015;0.163388827312;liquid
233.000000000;8.00000000000;1135.63353505;0.000880565753947;106.833244781;113.877770813;0.643170284225;0.960394167572;1.94339539518;904.676078776;-0.112135145110;0.000206838478185;0.163329752764;liquid
233.050000000;8.00000000000;1135.45012109;0.000880707995379;106.929280393;113.974944356;0.643587293316;0.960329867635;1.94354638811;904.337508704;-0.111918244768;0.000206676646465;0.163270683249;liquid
233.100000000;8.00000000000;1135.26665440;0.000880850323689;107.025322868;114.072125457;0.644004245377;0.960265610773;1.94369772118;903.998924750;-0.111701035717;0.000206514957689;0.163211618759;liquid
233.150000000;8.00000000000;1135.08313490;0.000880992738993;107.121372222;114.169314134;0.644421140505;0.960201397007;1.94384939483;903.660326801;-0.111483517458;0.000206353411690;0.163152559286;liquid
233.200000000;8.00000000000;1134.89956253;0.000881135241408;107.217428471;114.266510403;0.644837978798;0.960137226360;1.94400140953;903.321714747;-0.111265689493;0.000206192008302;0.163093504821;liquid
233.250000000;8.00000000000;1134.71593721;0.000881277831050;107.313491632;114.363714281;0.645254760353;0.960073098855;1.94415376572;902.983088475;-0.111047551319;0.000206030747359;0.163034455356;liquid
233.300000000;8.00000000000;1134.53225888;0.000881420508035;107.409561721;114.460925785;0.645671485268;0.960009014514;1.94430646388;902.644447874;-0.110829102435;0.000205869628695;0.162975410883;liquid
233.350000000;8.00000000000;1134.34852746;0.000881563272481;107.505638753;114.558144933;0.646088153640;0.959944973359;1.94445950445;902.305792831;-0.110610342338;0.000205708652145;0.162916371394;liquid
233.400000000;8.00000000000;1134.16474289;0.000881706124505;107.601722745;114.655371741;0.646504765568;0.959880975414;1.94461288790;901.967123235;-0.110391270523;0.000205547817544;0.162857336880;liquid
233.450000000;8.00000000000;1133.98090509;0.000881849064224;107.697813713;114.752606227;0.646921321148;0.959817020701;1.94476661469;901.628438974;-0.110171886485;0.000205387124725;0.162798307333;liquid
233.500000000;8.00000000000;1133.79701399;0.000881992091756;107.793911674;114.849848408;0.647337820479;0.959753109243;1.94492068529;901.289739935;-0.109952189716;0.000205226573525;0.162739282745;liquid
233.550000000;8.00000000000;1133.61306953;0.000882135207220;107.890016644;114.947098301;0.647754263659;0.959689241063;1.94507510016;900.951026006;-0.109732179710;0.000205066163777;0.162680263107;liquid
233.600000000;8.00000000000;1133.42907163;0.000882278410732;107.986128638;115.044355924;0.648170650784;0.959625416183;1.94522985976;900.612297075;-0.109511855956;0.000204905895318;0.162621248411;liquid
233.650000000;8.00000000000;1133.24502023;0.000882421702413;108.082247674;115.141621293;0.648586981953;0.959561634626;1.94538496457;900.273553030;-0.109291217945;0.000204745767982;0.162562238649;liquid
233.700000000;8.00000000000;1133.06091524;0.000882565082379;108.178373767;115.238894426;0.649003257264;0.959497896415;1.94554041504;899.934793758;-0.109070265165;0.000204585781606;0.162503233812;liquid
233.750000000;8.00000000000;1132.87675660;0.000882708550751;108.274506934;115.336175340;0.649419476815;0.959434201574;1.94569621166;899.596019148;-0.108848997103;0.000204425936025;0.162444233892;liquid
233.800000000;8.00000000000;1132.69254424;0.000882852107647;108.370647192;115.433464053;0.649835640703;0.959370550124;1.94585235489;899.257229086;-0.108627413246;0.000204266231074;0.162385238882;liquid
233.850000000;8.00000000000;1132.50827809;0.000882995753186;108.466794556;115.530760582;0.650251749026;0.959306942089;1.94600884520;898.918423459;-0.108405513078;0.000204106666591;0.162326248772;liquid
233.900000000;8.00000000000;1132.32395807;0.000883139487488;108.562949044;115.628064943;0.650667801884;0.959243377493;1.94616568306;898.579602156;-0.108183296084;0.000203947242412;0.162267263554;liquid
233.950000000;8.00000000000;1132.13958411;0.000883283310673;108.659110670;115.725377156;0.651083799372;0.959179856357;1.94632286896;898.240765064;-0.107960761744;0.000203787958372;0.162208283220;liquid
234.000000000;8.00000000000;1131.95515615;0.000883427222861;108.755279453;115.822697236;0.651499741591;0.959116378705;1.94648040337;897.901912069;-0.107737909542;0.000203628814309;0.162149307761;liquid
234.050000000;8.00000000000;1131.77067410;0.000883571224172;108.851455409;115.920025202;0.651915628637;0.959052944561;1.94663828675;897.563043060;-0.107514738957;0.000203469810059;0.162090337170;liquid
234.100000000;8.00000000000;1131.58613791;0.000883715314726;108.947638553;116.017361071;0.652331460610;0.958989553947;1.94679651960;897.224157922;-0.107291249468;0.000203310945459;0.162031371437;liquid
234.150000000;8.00000000000;1131.40154748;0.000883859494645;109.043828903;116.114704860;0.652747237606;0.958926206887;1.94695510240;896.885256544;-0.107067440552;0.000203152220347;0.161972410556;liquid
234.200000000;8.00000000000;1131.21690276;0.000884003764049;109.140026474;116.212056587;0.653162959725;0.958862903403;1.94711403561;896.546338812;-0.106843311686;0.000202993634560;0.161913454516;liquid
234.250000000;8.00000000000;1131.03220368;0.000884148123060;109.236231285;116.309416269;0.653578627065;0.958799643520;1.94727331973;896.207404612;-0.106618862345;0.000202835187935;0.161854503310;liquid
234.300000000;8.00000000000;1130.84745014;0.000884292571798;109.332443350;116.406783925;0.653994239724;0.958736427260;1.94743295524;895.868453832;-0.106394092004;0.000202676880310;0.161795556930;liquid
234.350000000;8.00000000000;1130.66264210;0.000884437110386;109.428662687;116.504159571;0.654409797800;0.958673254648;1.94759294262;895.529486359;-0.106169000134;0.000202518711523;0.161736615367;liquid
234.400000000;8.00000000000;1130.47777947;0.000884581738946;109.524889313;116.601543225;0.654825301392;0.958610125705;1.94775328235;895.190502079;-0.105943586207;0.000202360681412;0.161677678613;liquid
234.450000000;8.00000000000;1130.29286217;0.000884726457599;109.621123244;116.698934905;0.655240750598;0.958547040457;1.94791397494;894.851500879;-0.105717849694;0.000202202789814;0.161618746659;liquid
234.500000000;8.00000000000;1130.10789015;0.000884871266468;109.717364496;116.796334628;0.655656145517;0.958483998925;1.94807502086;894.512482645;-0.105491790064;0.000202045036569;0.161559819497;liquid
234.550000000;8.00000000000;1129.92286331;0.000885016165676;109.813613087;116.893742413;0.656071486248;0.958421001135;1.94823642060;894.173447263;-0.105265406783;0.000201887421515;0.161500897120;liquid
234.600000000;8.00000000000;1129.73778160;0.000885161155346;109.909869033;116.991158276;0.656486772888;0.958358047109;1.94839817466;893.834394621;-0.105038699319;0.000201729944490;0.161441979517;liquid
234.650000000;8.00000000000;1129.55264494;0.000885306235600;110.006132351;117.088582236;0.656902005537;0.958295136871;1.94856028353;893.495324603;-0.104811667138;0.000201572605333;0.161383066682;liquid
234.700000000;8.00000000000;1129.36745324;0.000885451406563;110.102403058;117.186014310;0.657317184293;0.958232270444;1.94872274769;893.156237097;-0.104584309702;0.000201415403884;0.161324158605;liquid
234.750000000;8.00000000000;1129.18220645;0.000885596668357;110.198681170;117.283454517;0.657732309254;0.958169447853;1.94888556766;892.817131989;-0.104356626474;0.000201258339981;0.161265255279;liquid
234.800000000;8.00000000000;1128.99690448;0.000885742021107;110.294966704;117.380902873;0.658147380520;0.958106669121;1.94904874392;892.478009164;-0.104128616917;0.000201101413464;0.161206356694;liquid
234.850000000;8.00000000000;1128.81154727;0.000885887464936;110.391259678;117.478359397;0.658562398190;0.958043934272;1.94921227697;892.138868509;-0.103900280489;0.000200944624172;0.161147462843;liquid
234.900000000;8.00000000000;1128.62613473;0.000886032999970;110.487560107;117.575824107;0.658977362362;0.957981243330;1.94937616731;891.799709909;-0.103671616650;0.000200787971945;0.161088573717;liquid
234.950000000;8.00000000000;1128.44066680;0.000886178626332;110.583868009;117.673297020;0.659392273135;0.957918596319;1.94954041544;891.460533250;-0.103442624858;0.000200631456623;0.161029689308;liquid
235.000000000;8.00000000000;1128.25514339;0.000886324344148;110.680183401;117.770778154;0.659807130607;0.957855993262;1.94970502186;891.121338418;-0.103213304569;0.000200475078046;0.160970809608;liquid
235.050000000;8.00000000000;1128.06956444;0.000886470153542;110.776506300;117.868267528;0.660221934879;0.957793434184;1.94986998708;890.782125298;-0.102983655237;0.000200318836054;0.160911934607;liquid
235.100000000;8.00000000000;1127.88392988;0.000886616054641;110.872836722;117.965765159;0.660636686049;0.957730919109;1.95003531159;890.442893776;-0.102753676316;0.000200162730487;0.160853064298;liquid
235.150000000;8.00000000000;1127.69823961;0.000886762047569;110.969174685;118.063271065;0.661051384215;0.957668448060;1.95020099592;890.103643737;-0.102523367260;0.000200006761186;0.160794198672;liquid
235.200000000;8.00000000000;1127.51249358;0.000886908132452;111.065520205;118.160785265;0.661466029478;0.957606021062;1.95036704055;889.764375066;-0.102292727518;0.000199850927992;0.160735337721;liquid
235.250000000;8.00000000000;1127.32669171;0.000887054309417;111.161873300;118.258307775;0.661880621935;0.957543638139;1.95053344601;889.425087650;-0.102061756541;0.000199695230745;0.160676481436;liquid
235.300000000;8.00000000000;1127.14083391;0.000887200578590;111.258233986;118.355838615;0.662295161688;0.957481299315;1.95070021280;889.085781372;-0.101830453776;0.000199539669286;0.160617629809;liquid
235.350000000;8.00000000000;1126.95492012;0.000887346940097;111.354602282;118.453377802;0.662709648833;0.957419004615;1.95086734143;888.746456119;-0.101598818672;0.000199384243456;0.160558782832;liquid
235.400000000;8.00000000000;1126.76895027;0.000887493394066;111.450978203;118.550925355;0.663124083472;0.957356754062;1.95103483241;888.407111774;-0.101366850674;0.000199228953098;0.160499940496;liquid
235.450000000;8.00000000000;1126.58292426;0.000887639940623;111.547361767;118.648481292;0.663538465703;0.957294547682;1.95120268627;888.067748224;-0.101134549227;0.000199073798052;0.160441102792;liquid
235.500000000;8.00000000000;1126.39684204;0.000887786579896;111.643752991;118.746045630;0.663952795625;0.957232385498;1.95137090350;887.728365351;-0.100901913773;0.000198918778159;0.160382269713;liquid
235.550000000;8.00000000000;1126.21070352;0.000887933312012;111.740151892;118.843618388;0.664367073338;0.957170267535;1.95153948464;887.388963042;-0.100668943754;0.000198763893263;0.160323441249;liquid
235.600000000;8.00000000000;1126.02450863;0.000888080137100;111.836558488;118.941199585;0.664781298942;0.957108193817;1.95170843020;887.049541181;-0.100435638611;0.000198609143204;0.160264617393;liquid
235.650000000;8.00000000000;1125.83825729;0.000888227055287;111.932972795;119.038789237;0.665195472535;0.957046164370;1.95187774069;886.710099652;-0.100201997784;0.000198454527825;0.160205798136;liquid
235.700000000;8.00000000000;1125.65194942;0.000888374066702;112.029394831;119.136387365;0.665609594218;0.956984179217;1.95204741665;886.370638339;-0.0999680207089;0.000198300046968;0.160146983470;liquid
235.750000000;8.00000000000;1125.46558496;0.000888521171473;112.125824613;119.233993985;0.666023664090;0.956922238384;1.95221745859;886.031157128;-0.0997337068235;0.000198145700475;0.160088173385;liquid
235.800000000;8.00000000000;1125.27916382;0.000888668369730;112.222262159;119.331609117;0.666437682251;0.956860341895;1.95238786703;885.691655901;-0.0994990555624;0.000197991488190;0.160029367874;liquid
235.850000000;8.00000000000;1125.09268592;0.000888815661601;112.318707485;119.429232778;0.666851648800;0.956798489774;1.95255864250;885.352134543;-0.0992640663594;0.000197837409955;0.159970566929;liquid
235.900000000;8.00000000000;1124.90615120;0.000888963047217;112.415160609;119.526864987;0.667265563837;0.956736682047;1.95272978553;885.012592939;-0.0990287386469;0.000197683465613;0.159911770539;liquid
235.950000000;8.00000000000;1124.71955956;0.000889110526706;112.511621549;119.624505763;0.667679427462;0.956674918739;1.95290129664;884.673030971;-0.0987930718558;0.000197529655007;0.159852978699;liquid
236.000000000;8.00000000000;1124.53291095;0.000889258100199;112.608090321;119.722155123;0.668093239775;0.956613199874;1.95307317637;884.333448524;-0.0985570654158;0.000197375977980;0.159794191398;liquid
236.050000000;8.00000000000;1124.34620527;0.000889405767825;112.704566944;119.819813086;0.668507000875;0.956551525477;1.95324542524;883.993845481;-0.0983207187550;0.000197222434376;0.159735408628;liquid
236.100000000;8.00000000000;1124.15944246;0.000889553529716;112.801051434;119.917479672;0.668920710863;0.956489895574;1.95341804379;883.654221726;-0.0980840313005;0.000197069024038;0.159676630381;liquid
236.150000000;8.00000000000;1123.97262242;0.000889701386002;112.897543809;120.015154897;0.669334369838;0.956428310189;1.95359103256;883.314577142;-0.0978470024776;0.000196915746810;0.159617856648;liquid
236.200000000;8.00000000000;1123.78574510;0.000889849336815;112.994044086;120.112838781;0.669747977901;0.956366769348;1.95376439206;882.974911612;-0.0976096317104;0.000196762602536;0.159559087421;liquid
236.250000000;8.00000000000;1123.59881041;0.000889997382284;113.090552284;120.210531342;0.670161535152;0.956305273076;1.95393812285;882.635225020;-0.0973719184217;0.000196609591060;0.159500322692;liquid
236.300000000;8.00000000000;1123.41181826;0.000890145522543;113.187068419;120.308232599;0.670575041690;0.956243821398;1.95411222546;882.295517249;-0.0971338620326;0.000196456712226;0.159441562451;liquid
236.350000000;8.00000000000;1123.22476860;0.000890293757722;113.283592509;120.405942571;0.670988497617;0.956182414339;1.95428670044;881.955788182;-0.0968954619632;0.000196303965879;0.159382806691;liquid
236.400000000;8.00000000000;1123.03766132;0.000890442087954;113.380124572;120.503661276;0.671401903031;0.956121051925;1.95446154831;881.616037701;-0.0966567176318;0.000196151351863;0.159324055402;liquid
236.450000000;8.00000000000;1122.85049637;0.000890590513371;113.476664625;120.601388732;0.671815258035;0.956059734181;1.95463676962;881.276265689;-0.0964176284555;0.000195998870023;0.159265308577;liquid
236.500000000;8.00000000000;1122.66327365;0.000890739034106;113.573212686;120.699124959;0.672228562726;0.955998461133;1.95481236492;880.936472029;-0.0961781938500;0.000195846520203;0.159206566207;liquid
236.550000000;8.00000000000;1122.47599310;0.000890887650291;113.669768773;120.796869975;0.672641817208;0.955937232806;1.95498833476;880.596656604;-0.0959384132295;0.000195694302249;0.159147828283;liquid
236.600000000;8.00000000000;1122.28865463;0.000891036362060;113.766332902;120.894623799;0.673055021578;0.955876049226;1.95516467967;880.256819295;-0.0956982860068;0.000195542216006;0.159089094797;liquid
236.650000000;8.00000000000;1122.10125816;0.000891185169547;113.862905093;120.992386449;0.673468175939;0.955814910419;1.95534140021;879.916959985;-0.0954578115933;0.000195390261319;0.159030365740;liquid
236.700000000;8.00000000000;1121.91380361;0.000891334072884;113.959485362;121.090157945;0.673881280391;0.955753816410;1.95551849693;879.577078556;-0.0952169893989;0.000195238438033;0.158971641104;liquid
236.750000000;8.00000000000;1121.72629092;0.000891483072206;114.056073727;121.187938305;0.674294335033;0.955692767225;1.95569597038;879.237174891;-0.0949758188321;0.000195086745995;0.158912920880;liquid
236.800000000;8.00000000000;1121.53871998;0.000891632167647;114.152670207;121.285727548;0.674707339968;0.955631762890;1.95587382111;878.897248870;-0.0947342993000;0.000194935185050;0.158854205060;liquid
236.850000000;8.00000000000;1121.35109074;0.000891781359342;114.249274819;121.383525693;0.675120295296;0.955570803431;1.95605204967;878.557300376;-0.0944924302081;0.000194783755043;0.158795493635;liquid
236.900000000;8.00000000000;1121.16340310;0.000891930647425;114.345887580;121.481332760;0.675533201116;0.955509888873;1.95623065662;878.217329291;-0.0942502109606;0.000194632455822;0.158736786596;liquid
236.950000000;8.00000000000;1120.97565700;0.000892080032032;114.442508509;121.579148765;0.675946057531;0.955449019243;1.95640964253;877.877335495;-0.0940076409603;0.000194481287232;0.158678083935;liquid
237.000000000;8.00000000000;1120.78785234;0.000892229513297;114.539137624;121.676973730;0.676358864641;0.955388194568;1.95658900794;877.537318870;-0.0937647196082;0.000194330249120;0.158619385644;liquid
237.050000000;8.00000000000;1120.59998905;0.000892379091357;114.635774942;121.774807673;0.676771622547;0.955327414872;1.95676875341;877.197279298;-0.0935214463042;0.000194179341332;0.158560691714;liquid
237.100000000;8.00000000000;1120.41206704;0.000892528766347;114.732420481;121.872650612;0.677184331350;0.955266680183;1.95694887952;876.857216660;-0.0932778204466;0.000194028563714;0.158502002136;liquid
237.150000000;8.00000000000;1120.22408625;0.000892678538404;114.829074260;121.970502567;0.677596991151;0.955205990527;1.95712938682;876.517130835;-0.0930338414322;0.000193877916115;0.158443316902;liquid
237.200000000;8.00000000000;1120.03604659;0.000892828407663;114.925736296;122.068363557;0.678009602051;0.955145345930;1.95731027588;876.177021707;-0.0927895086563;0.000193727398381;0.158384636003;liquid
237.250000000;8.00000000000;1119.84794797;0.000892978374263;115.022406607;122.166233601;0.678422164151;0.955084746418;1.95749154726;875.836889154;-0.0925448215128;0.000193577010358;0.158325959430;liquid
237.300000000;8.00000000000;1119.65979032;0.000893128438339;115.119085211;122.264112718;0.678834677552;0.955024192018;1.95767320153;875.496733058;-0.0922997793940;0.000193426751896;0.158267287175;liquid
237.350000000;8.00000000000;1119.47157356;0.000893278600029;115.215772127;122.362000927;0.679247142356;0.954963682757;1.95785523926;875.156553299;-0.0920543816907;0.000193276622839;0.158208619230;liquid
237.400000000;8.00000000000;1119.28329760;0.000893428859470;115.312467373;122.459898248;0.679659558664;0.954903218662;1.95803766102;874.816349757;-0.0918086277924;0.000193126623038;0.158149955586;liquid
237.450000000;8.00000000000;1119.09496237;0.000893579216801;115.409170965;122.557804700;0.680071926577;0.954842799758;1.95822046739;874.476122313;-0.0915625170868;0.000192976752338;0.158091296234;liquid
237.500000000;8.00000000000;1118.90656778;0.000893729672160;115.505882924;122.655720301;0.680484246197;0.954782426073;1.95840365894;874.135870846;-0.0913160489604;0.000192827010589;0.158032641165;liquid
237.550000000;8.00000000000;1118.71811375;0.000893880225684;115.602603267;122.753645072;0.680896517626;0.954722097634;1.95858723624;873.795595236;-0.0910692227979;0.000192677397638;0.157973990371;liquid
237.600000000;8.00000000000;1118.52960021;0.000894030877513;115.699332011;122.851579031;0.681308740963;0.954661814468;1.95877119988;873.455295363;-0.0908220379827;0.000192527913334;0.157915343844;liquid
237.650000000;8.00000000000;1118.34102706;0.000894181627787;115.796069176;122.949522199;0.681720916313;0.954601576601;1.95895555042;873.114971107;-0.0905744938965;0.000192378557524;0.157856701574;liquid
237.700000000;8.00000000000;1118.15239423;0.000894332476643;115.892814780;123.047474593;0.682133043775;0.954541384061;1.95914028846;872.774622347;-0.0903265899196;0.000192229330058;0.157798063554;liquid
237.750000000;8.00000000000;1117.96370164;0.000894483424222;115.989568840;123.145436234;0.682545123451;0.954481236875;1.95932541456;872.434248962;-0.0900783254308;0.000192080230785;0.157739429773;liquid
237.800000000;8.00000000000;1117.77494920;0.000894634470663;116.086331376;123.243407141;0.682957155445;0.954421135071;1.95951092933;872.093850831;-0.0898296998072;0.000191931259552;0.157680800225;liquid
237.850000000;8.00000000000;1117.58613683;0.000894785616107;116.183102405;123.341387333;0.683369139856;0.954361078675;1.95969683333;871.753427834;-0.0895807124243;0.000191782416209;0.157622174900;liquid
237.900000000;8.00000000000;1117.39726446;0.000894936860694;116.279881945;123.439376831;0.683781076788;0.954301067714;1.95988312717;871.412979849;-0.0893313626565;0.000191633700605;0.157563553789;liquid
237.950000000;8.00000000000;1117.20833198;0.000895088204565;116.376670016;123.537375653;0.684192966341;0.954241102218;1.96006981142;871.072506754;-0.0890816498761;0.000191485112590;0.157504936884;liquid
238.000000000;8.00000000000;1117.01933933;0.000895239647861;116.473466636;123.635383818;0.684604808619;0.954181182212;1.96025688668;870.732008429;-0.0888315734541;0.000191336652012;0.157446324176;liquid
238.050000000;8.00000000000;1116.83028643;0.000895391190723;116.570271822;123.733401348;0.685016603723;0.954121307726;1.96044435353;870.391484751;-0.0885811327601;0.000191188318723;0.157387715657;liquid
238.100000000;8.00000000000;1116.64117318;0.000895542833293;116.667085594;123.831428260;0.685428351754;0.954061478785;1.96063221258;870.050935599;-0.0883303271617;0.000191040112570;0.157329111317;liquid
238.150000000;8.00000000000;1116.45199950;0.000895694575713;116.763907970;123.929464576;0.685840052817;0.954001695419;1.96082046441;869.710360850;-0.0880791560253;0.000190892033404;0.157270511149;liquid
238.200000000;8.00000000000;1116.26276532;0.000895846418125;116.860738968;124.027510313;0.686251707012;0.953941957656;1.96100910963;869.369760384;-0.0878276187156;0.000190744081076;0.157211915143;liquid
238.250000000;8.00000000000;1116.07347055;0.000895998360672;116.957578608;124.125565493;0.686663314442;0.953882265522;1.96119814882;869.029134076;-0.0875757145957;0.000190596255434;0.157153323291;liquid
238.300000000;8.00000000000;1115.88411510;0.000896150403496;117.054426907;124.223630135;0.687074875209;0.953822619047;1.96138758260;868.688481805;-0.0873234430271;0.000190448556331;0.157094735583;liquid
238.350000000;8.00000000000;1115.69469889;0.000896302546740;117.151283884;124.321704258;0.687486389416;0.953763018258;1.96157741156;868.347803449;-0.0870708033697;0.000190300983615;0.157036152012;liquid
238.400000000;8.00000000000;1115.50522184;0.000896454790548;117.248149558;124.419787883;0.687897857166;0.953703463184;1.96176763630;868.007098884;-0.0868177949819;0.000190153537139;0.156977572569;liquid
238.450000000;8.00000000000;1115.31568386;0.000896607135064;117.345023948;124.517881028;0.688309278560;0.953643953853;1.96195825744;867.666367987;-0.0865644172204;0.000190006216751;0.156918997245;liquid
238.500000000;8.00000000000;1115.12608487;0.000896759580431;117.441907071;124.615983715;0.688720653701;0.953584490293;1.96214927556;867.325610635;-0.0863106694403;0.000189859022305;0.156860426031;liquid
238.550000000;8.00000000000;1114.93642479;0.000896912126795;117.538798948;124.714095962;0.689131982693;0.953525072534;1.96234069130;866.984826706;-0.0860565509952;0.000189711953649;0.156801858918;liquid
238.600000000;8.00000000000;1114.74670353;0.000897064774299;117.635699596;124.812217791;0.689543265637;0.953465700603;1.96253250524;866.644016074;-0.0858020612368;0.000189565010637;0.156743295898;liquid
238.650000000;8.00000000000;1114.55692100;0.000897217523088;117.732609035;124.910349220;0.689954502637;0.953406374529;1.96272471801;866.303178618;-0.0855471995156;0.000189418193118;0.156684736962;liquid
238.700000000;8.00000000000;1114.36707712;0.000897370373308;117.829527283;125.008490269;0.690365693795;0.953347094342;1.96291733022;865.962314212;-0.0852919651800;0.000189271500945;0.156626182101;liquid
238.750000000;8.00000000000;1114.17717181;0.000897523325104;117.926454358;125.106640959;0.690776839215;0.953287860070;1.96311034247;865.621422733;-0.0850363575771;0.000189124933970;0.156567631306;liquid
238.800000000;8.00000000000;1113.98720498;0.000897676378622;118.023390281;125.204801310;0.691187938999;0.953228671742;1.96330375540;865.280504057;-0.0847803760523;0.000188978492043;0.156509084570;liquid
238.850000000;8.00000000000;1113.79717655;0.000897829534009;118.120335069;125.302971341;0.691598993251;0.953169529387;1.96349756961;864.939558059;-0.0845240199493;0.000188832175017;0.156450541882;liquid
238.900000000;8.00000000000;1113.60708642;0.000897982791410;118.217288742;125.401151074;0.692010002073;0.953110433035;1.96369178573;864.598584615;-0.0842672886101;0.000188685982745;0.156392003234;liquid
238.950000000;8.00000000000;1113.41693452;0.000898136150972;118.314251319;125.499340527;0.692420965569;0.953051382714;1.96388640438;864.257583600;-0.0840101813752;0.000188539915077;0.156333468618;liquid
239.000000000;8.00000000000;1113.22672076;0.000898289612843;118.411222818;125.597539721;0.692831883842;0.952992378455;1.96408142617;863.916554888;-0.0837526975833;0.000188393971868;0.156274938024;liquid
239.050000000;8.00000000000;1113.03644505;0.000898443177170;118.508203259;125.695748676;0.693242756995;0.952933420286;1.96427685175;863.575498355;-0.0834948365714;0.000188248152968;0.156216411445;liquid
239.100000000;8.00000000000;1112.84610731;0.000898596844100;118.605192660;125.793967413;0.693653585132;0.952874508238;1.96447268172;863.234413876;-0.0832365976750;0.000188102458231;0.156157888870;liquid
239.150000000;8.00000000000;1112.65570745;0.000898750613782;118.702191041;125.892195951;0.694064368356;0.952815642340;1.96466891672;862.893301325;-0.0829779802279;0.000187956887510;0.156099370291;liquid
239.200000000;8.00000000000;1112.46524538;0.000898904486364;118.799198420;125.990434311;0.694475106771;0.952756822622;1.96486555738;862.552160576;-0.0827189835621;0.000187811440658;0.156040855700;liquid
239.250000000;8.00000000000;1112.27472103;0.000899058461994;118.896214818;126.088682514;0.694885800480;0.952698049113;1.96506260434;862.210991504;-0.0824596070079;0.000187666117527;0.155982345087;liquid
239.300000000;8.00000000000;1112.08413429;0.000899212540822;118.993240252;126.186940578;0.695296449587;0.952639321845;1.96526005822;861.869793982;-0.0821998498940;0.000187520917971;0.155923838444;liquid
239.350000000;8.00000000000;1111.89348508;0.000899366722997;119.090274742;126.285208526;0.695707054195;0.952580640847;1.96545791966;861.528567883;-0.0819397115474;0.000187375841843;0.155865335762;liquid
239.400000000;8.00000000000;1111.70277333;0.000899521008667;119.187318308;126.383486377;0.696117614409;0.952522006149;1.96565618929;861.187313083;-0.0816791912934;0.000187230888997;0.155806837032;liquid
239.450000000;8.00000000000;1111.51199893;0.000899675397984;119.284370968;126.481774152;0.696528130332;0.952463417782;1.96585486777;860.846029453;-0.0814182884555;0.000187086059286;0.155748342245;liquid
239.500000000;8.00000000000;1111.32116180;0.000899829891098;119.381432742;126.580071871;0.696938602069;0.952404875776;1.96605395572;860.504716867;-0.0811570023556;0.000186941352565;0.155689851393;liquid
239.550000000;8.00000000000;1111.13026186;0.000899984488158;119.478503649;126.678379554;0.697349029722;0.952346380162;1.96625345378;860.163375197;-0.0808953323139;0.000186796768686;0.155631364466;liquid
239.600000000;8.00000000000;1110.93929902;0.000900139189316;119.575583708;126.776697223;0.697759413397;0.952287930971;1.96645336261;859.822004318;-0.0806332776487;0.000186652307505;0.155572881455;liquid
239.650000000;8.00000000000;1110.74827319;0.000900293994723;119.672672940;126.875024897;0.698169753197;0.952229528233;1.96665368285;859.480604100;-0.0803708376767;0.000186507968876;0.155514402353;liquid
239.700000000;8.00000000000;1110.55718428;0.000900448904531;119.769771362;126.973362598;0.698580049227;0.952171171980;1.96685441514;859.139174416;-0.0801080117128;0.000186363752652;0.155455927149;liquid
239.750000000;8.00000000000;1110.36603220;0.000900603918891;119.866878995;127.071710346;0.698990301590;0.952112862243;1.96705556014;858.797715139;-0.0798447990703;0.000186219658689;0.155397455835;liquid
239.800000000;8.00000000000;1110.17481686;0.000900759037955;119.963995857;127.170068161;0.699400510392;0.952054599053;1.96725711849;858.456226140;-0.0795811990607;0.000186075686840;0.155338988403;liquid
239.850000000;8.00000000000;1109.98353819;0.000900914261876;120.061121970;127.268436065;0.699810675736;0.951996382441;1.96745909085;858.114707290;-0.0793172109935;0.000185931836961;0.155280524842;liquid
239.900000000;8.00000000000;1109.79219608;0.000901069590807;120.158257351;127.366814077;0.700220797728;0.951938212439;1.96766147787;857.773158462;-0.0790528341768;0.000185788108907;0.155222065145;liquid
239.950000000;8.00000000000;1109.60079045;0.000901225024901;120.255402020;127.465202219;0.700630876471;0.951880089079;1.96786428022;857.431579527;-0.0787880679167;0.000185644502533;0.155163609302;liquid
240.000000000;8.00000000000;1109.40932120;0.000901380564311;120.352555998;127.563600512;0.701040912070;0.951822012392;1.96806749854;857.089970354;-0.0785229115177;0.000185501017693;0.155105157305;liquid
240.050000000;8.00000000000;1109.21778826;0.000901536209192;120.449719303;127.662008976;0.701450904630;0.951763982410;1.96827113350;856.748330816;-0.0782573642824;0.000185357654244;0.155046709144;liquid
240.100000000;8.00000000000;1109.02619154;0.000901691959696;120.546891955;127.760427632;0.701860854256;0.951705999165;1.96847518575;856.406660783;-0.0779914255117;0.000185214412040;0.154988264811;liquid
240.150000000;8.00000000000;1108.83453093;0.000901847815980;120.644073974;127.858856502;0.702270761052;0.951648062690;1.96867965598;856.064960124;-0.0777250945046;0.000185071290938;0.154929824296;liquid
240.200000000;8.00000000000;1108.64280635;0.000902003778196;120.741265379;127.957295605;0.702680625124;0.951590173016;1.96888454483;855.723228711;-0.0774583705584;0.000184928290792;0.154871387591;liquid
240.250000000;8.00000000000;1108.45101772;0.000902159846502;120.838466191;128.055744963;0.703090446576;0.951532330177;1.96908985297;855.381466412;-0.0771912529686;0.000184785411460;0.154812954687;liquid
240.300000000;8.00000000000;1108.25916494;0.000902316021051;120.935676429;128.154204597;0.703500225514;0.951474534204;1.96929558109;855.039673098;-0.0769237410288;0.000184642652796;0.154754525574;liquid
240.350000000;8.00000000000;1108.06724792;0.000902472302000;121.032896112;128.252674528;0.703909962042;0.951416785131;1.96950172984;854.697848639;-0.0766558340311;0.000184500014658;0.154696100245;liquid
240.400000000;8.00000000000;1107.87526657;0.000902628689505;121.130125261;128.351154777;0.704319656267;0.951359082991;1.96970829989;854.355992902;-0.0763875312653;0.000184357496901;0.154637678689;liquid
240.450000000;8.00000000000;1107.68322080;0.000902785183722;121.227363895;128.449645365;0.704729308292;0.951301427815;1.96991529194;854.014105757;-0.0761188320198;0.000184215099382;0.154579260898;liquid
240.500000000;8.00000000000;1107.49111053;0.000902941784809;121.324612035;128.548146313;0.705138918224;0.951243819639;1.97012270664;853.672187073;-0.0758497355810;0.000184072821958;0.154520846862;liquid
240.550000000;8.00000000000;1107.29893565;0.000903098492922;121.421869700;128.646657643;0.705548486168;0.951186258495;1.97033054468;853.330236719;-0.0755802412335;0.000183930664484;0.154462436574;liquid
240.600000000;8.00000000000;1107.10669608;0.000903255308218;121.519136909;128.745179375;0.705958012229;0.951128744416;1.97053880674;852.988254561;-0.0753103482600;0.000183788626819;0.154404030023;liquid
240.650000000;8.00000000000;1106.91439173;0.000903412230857;121.616413684;128.843711531;0.706367496514;0.951071277437;1.97074749351;852.646240470;-0.0750400559414;0.000183646708818;0.154345627201;liquid
240.700000000;8.00000000000;1106.72202250;0.000903569260995;121.713700043;128.942254131;0.706776939126;0.951013857590;1.97095660566;852.304194311;-0.0747693635568;0.000183504910339;0.154287228099;liquid
240.750000000;8.00000000000;1106.52958831;0.000903726398791;121.810996008;129.040807198;0.707186340174;0.950956484911;1.97116614388;851.962115953;-0.0744982703833;0.000183363231240;0.154228832707;liquid
240.800000000;8.00000000000;1106.33708906;0.000903883644404;121.908301598;129.139370753;0.707595699762;0.950899159432;1.97137610886;851.620005263;-0.0742267756964;0.000183221671378;0.154170441017;liquid
240.850000000;8.00000000000;1106.14452466;0.000904040997993;122.005616832;129.237944816;0.708005017995;0.950841881189;1.97158650129;851.277862107;-0.0739548787695;0.000183080230609;0.154112053020;liquid
240.900000000;8.00000000000;1105.95189502;0.000904198459719;122.102941732;129.336529410;0.708414294981;0.950784650216;1.97179732187;850.935686353;-0.0736825788742;0.000182938908793;0.154053668706;liquid
240.950000000;8.00000000000;1105.75920004;0.000904356029740;122.200276318;129.435124556;0.708823530825;0.950727466548;1.97200857128;850.593477868;-0.0734098752803;0.000182797705786;0.153995288067;liquid
241.000000000;8.00000000000;1105.56643964;0.000904513708216;122.297620609;129.533730274;0.709232725633;0.950670330219;1.97222025021;850.251236516;-0.0731367672556;0.000182656621446;0.153936911093;liquid
241.050000000;8.00000000000;1105.37361372;0.000904671495310;122.394974625;129.632346588;0.709641879512;0.950613241264;1.97243235938;849.908962165;-0.0728632540659;0.000182515655632;0.153878537775;liquid
241.100000000;8.00000000000;1105.18072219;0.000904829391180;122.492338388;129.730973518;0.710050992568;0.950556199719;1.97264489948;849.566654679;-0.0725893349756;0.000182374808202;0.153820168105;liquid
241.150000000;8.00000000000;1104.98776495;0.000904987395990;122.589711917;129.829611085;0.710460064906;0.950499205619;1.97285787120;849.224313925;-0.0723150092465;0.000182234079014;0.153761802072;liquid
241.200000000;8.00000000000;1104.79474191;0.000905145509899;122.687095233;129.928259312;0.710869096634;0.950442258999;1.97307127525;848.881939767;-0.0720402761391;0.000182093467926;0.153703439669;liquid
241.250000000;8.00000000000;1104.60165298;0.000905303733071;122.784488355;130.026918220;0.711278087858;0.950385359895;1.97328511235;848.539532071;-0.0717651349117;0.000181952974798;0.153645080885;liquid
241.300000000;8.00000000000;1104.40849807;0.000905462065668;122.881891305;130.125587830;0.711687038685;0.950328508343;1.97349938318;848.197090701;-0.0714895848206;0.000181812599487;0.153586725713;liquid
241.350000000;8.00000000000;1104.21527707;0.000905620507852;122.979304103;130.224268165;0.712095949221;0.950271704379;1.97371408847;847.854615522;-0.0712136251204;0.000181672341853;0.153528374142;liquid
241.400000000;8.00000000000;1104.02198991;0.000905779059786;123.076726768;130.322959246;0.712504819574;0.950214948040;1.97392922893;847.512106397;-0.0709372550636;0.000181532201755;0.153470026163;liquid
241.450000000;8.00000000000;1103.82863647;0.000905937721634;123.174159322;130.421661096;0.712913649849;0.950158239361;1.97414480526;847.169563191;-0.0706604739009;0.000181392179051;0.153411681768;liquid
241.500000000;8.00000000000;1103.63521668;0.000906096493559;123.271601786;130.520373734;0.713322440154;0.950101578380;1.97436081819;846.826985767;-0.0703832808809;0.000181252273602;0.153353340947;liquid
241.550000000;8.00000000000;1103.44173043;0.000906255375727;123.369054179;130.619097185;0.713731190596;0.950044965133;1.97457726842;846.484373987;-0.0701056752504;0.000181112485265;0.153295003691;liquid
241.600000000;8.00000000000;1103.24817763;0.000906414368300;123.466516522;130.717831468;0.714139901282;0.949988399657;1.97479415669;846.141727717;-0.0698276562542;0.000180972813902;0.153236669990;liquid
241.650000000;8.00000000000;1103.05455818;0.000906573471444;123.563988836;130.816576608;0.714548572319;0.949931881990;1.97501148370;845.799046817;-0.0695492231351;0.000180833259371;0.153178339837;liquid
241.700000000;8.00000000000;1102.86087199;0.000906732685325;123.661471142;130.915332624;0.714957203815;0.949875412168;1.97522925019;845.456331151;-0.0692703751338;0.000180693821532;0.153120013220;liquid
241.750000000;8.00000000000;1102.66711897;0.000906892010107;123.758963459;131.014099540;0.715365795876;0.949818990231;1.97544745687;845.113580581;-0.0689911114894;0.000180554500245;0.153061690132;liquid
241.800000000;8.00000000000;1102.47329901;0.000907051445957;123.856465809;131.112877377;0.715774348610;0.949762616215;1.97566610448;844.770794968;-0.0687114314386;0.000180415295370;0.153003370563;liquid
241.850000000;8.00000000000;1102.27941203;0.000907210993041;123.953978213;131.211666158;0.716182862125;0.949706290159;1.97588519375;844.427974174;-0.0684313342164;0.000180276206768;0.152945054504;liquid
241.900000000;8.00000000000;1102.08545793;0.000907370651525;124.051500692;131.310465904;0.716591336529;0.949650012100;1.97610472540;844.085118061;-0.0681508190558;0.000180137234298;0.152886741946;liquid
241.950000000;8.00000000000;1101.89143661;0.000907530421578;124.149033265;131.409276638;0.716999771928;0.949593782078;1.97632470017;843.742226490;-0.0678698851875;0.000179998377822;0.152828432878;liquid
242.000000000;8.00000000000;1101.69734798;0.000907690303365;124.246575954;131.508098381;0.717408168431;0.949537600131;1.97654511879;843.399299320;-0.0675885318406;0.000179859637198;0.152770127293;liquid
242.050000000;8.00000000000;1101.50319193;0.000907850297055;124.344128781;131.606931157;0.717816526145;0.949481466298;1.97676598200;843.056336413;-0.0673067582420;0.000179721012289;0.152711825181;liquid
242.100000000;8.00000000000;1101.30896838;0.000908010402817;124.441691764;131.705774987;0.718224845179;0.949425380619;1.97698729055;842.713337630;-0.0670245636164;0.000179582502955;0.152653526532;liquid
242.150000000;8.00000000000;1101.11467722;0.000908170620818;124.539264927;131.804629893;0.718633125640;0.949369343132;1.97720904516;842.370302828;-0.0667419471868;0.000179444109056;0.152595231338;liquid
242.200000000;8.00000000000;1100.92031836;0.000908330951227;124.636848289;131.903495899;0.719041367637;0.949313353877;1.97743124659;842.027231869;-0.0664589081740;0.000179305830455;0.152536939588;liquid
242.250000000;8.00000000000;1100.72589170;0.000908491394214;124.734441872;132.002373026;0.719449571278;0.949257412895;1.97765389558;841.684124612;-0.0661754457968;0.000179167667011;0.152478651274;liquid
242.300000000;8.00000000000;1100.53139715;0.000908651949949;124.832045696;132.101261296;0.719857736670;0.949201520225;1.97787699288;841.340980915;-0.0658915592719;0.000179029618587;0.152420366387;liquid
242.350000000;8.00000000000;1100.33683460;0.000908812618601;124.929659784;132.200160732;0.720265863923;0.949145675908;1.97810053923;840.997800636;-0.0656072478141;0.000178891685044;0.152362084917;liquid
242.400000000;8.00000000000;1100.14220397;0.000908973400340;125.027284155;132.299071357;0.720673953145;0.949089879983;1.97832453540;840.654583635;-0.0653225106359;0.000178753866243;0.152303806854;liquid
242.450000000;8.00000000000;1099.94750515;0.000909134295339;125.124918831;132.397993193;0.721082004445;0.949034132493;1.97854898212;840.311329770;-0.0650373469479;0.000178616162046;0.152245532190;liquid
242.500000000;8.00000000000;1099.75273804;0.000909295303767;125.222563833;132.496926263;0.721490017930;0.948978433479;1.97877388017;839.968038897;-0.0647517559588;0.000178478572315;0.152187260915;liquid
242.550000000;8.00000000000;1099.55790254;0.000909456425796;125.320219183;132.595870589;0.721897993710;0.948922782980;1.97899923029;839.624710875;-0.0644657368748;0.000178341096912;0.152128993020;liquid
242.600000000;8.00000000000;1099.36299856;0.000909617661599;125.417884901;132.694826194;0.722305931893;0.948867181040;1.97922503325;839.281345560;-0.0641792889003;0.000178203735699;0.152070728495;liquid
242.650000000;8.00000000000;1099.16802600;0.000909779011347;125.515561009;132.793793100;0.722713832589;0.948811627700;1.97945128981;838.937942810;-0.0638924112377;0.000178066488537;0.152012467332;liquid
242.700000000;8.00000000000;1098.97298476;0.000909940475213;125.613247529;132.892771330;0.723121695906;0.948756123001;1.97967800074;838.594502480;-0.0636051030870;0.000177929355290;0.151954209520;liquid
242.750000000;8.00000000000;1098.77787474;0.000910102053371;125.710944481;132.991760907;0.723529521954;0.948700666988;1.97990516679;838.251024427;-0.0633173636464;0.000177792335820;0.151895955050;liquid
242.800000000;8.00000000000;1098.58269584;0.000910263745993;125.808651887;133.090761854;0.723937310842;0.948645259701;1.98013278875;837.907508506;-0.0630291921118;0.000177655429989;0.151837703913;liquid
242.850000000;8.00000000000;1098.38744796;0.000910425553254;125.906369768;133.189774194;0.724345062678;0.948589901184;1.98036086737;837.563954574;-0.0627405876771;0.000177518637659;0.151779456099;liquid
242.900000000;8.00000000000;1098.19213101;0.000910587475328;126.004098146;133.288797949;0.724752777573;0.948534591481;1.98058940344;837.220362485;-0.0624515495339;0.000177381958695;0.151721211600;liquid
242.950000000;8.00000000000;1097.99674488;0.000910749512389;126.101837043;133.387833142;0.725160455635;0.948479330634;1.98081839772;836.876732093;-0.0621620768719;0.000177245392958;0.151662970405;liquid
243.000000000;8.00000000000;1097.80128946;0.000910911664613;126.199586479;133.486879796;0.725568096974;0.948424118687;1.98104785101;836.533063255;-0.0618721688786;0.000177108940313;0.151604732505;liquid
243.050000000;8.00000000000;1097.60576467;0.000911073932175;126.297346477;133.585937935;0.725975701701;0.948368955685;1.98127776406;836.189355823;-0.0615818247392;0.000176972600621;0.151546497892;liquid
243.100000000;8.00000000000;1097.41017041;0.000911236315251;126.395117058;133.685007580;0.726383269923;0.948313841671;1.98150813768;835.845609651;-0.0612910436369;0.000176836373746;0.151488266554;liquid
243.150000000;8.00000000000;1097.21450656;0.000911398814017;126.492898244;133.784088756;0.726790801753;0.948258776691;1.98173897263;835.501824593;-0.0609998247528;0.000176700259552;0.151430038483;liquid
243.200000000;8.00000000000;1097.01877303;0.000911561428649;126.590690056;133.883181485;0.727198297298;0.948203760789;1.98197026971;835.158000502;-0.0607081672657;0.000176564257902;0.151371813670;liquid
243.250000000;8.00000000000;1096.82296972;0.000911724159325;126.688492516;133.982285791;0.727605756670;0.948148794010;1.98220202971;834.814137232;-0.0604160703523;0.000176428368660;0.151313592104;liquid
243.300000000;8.00000000000;1096.62709653;0.000911887006222;126.786305646;134.081401696;0.728013179978;0.948093876400;1.98243425341;834.470234633;-0.0601235331871;0.000176292591690;0.151255373777;liquid
243.350000000;8.00000000000;1096.43115336;0.000912049969518;126.884129468;134.180529224;0.728420567333;0.948039008005;1.98266694162;834.126292559;-0.0598305549424;0.000176156926855;0.151197158678;liquid
243.400000000;8.00000000000;1096.23514010;0.000912213049390;126.981964003;134.279668398;0.728827918844;0.947984188870;1.98290009511;833.782310862;-0.0595371347885;0.000176021374019;0.151138946799;liquid
243.450000000;8.00000000000;1096.03905665;0.000912376246019;127.079809273;134.378819241;0.729235234623;0.947929419043;1.98313371470;833.438289391;-0.0592432718932;0.000175885933048;0.151080738130;liquid
243.500000000;8.00000000000;1095.84290292;0.000912539559582;127.177665301;134.477981777;0.729642514780;0.947874698569;1.98336780118;833.094228000;-0.0589489654222;0.000175750603805;0.151022532661;liquid
243.550000000;8.00000000000;1095.64667879;0.000912702990259;127.275532107;134.577156029;0.730049759424;0.947820027497;1.98360235535;832.750126538;-0.0586542145392;0.000175615386153;0.150964330383;liquid
243.600000000;8.00000000000;1095.45038417;0.000912866538231;127.373409715;134.676342021;0.730456968668;0.947765405872;1.98383737801;832.405984856;-0.0583590184055;0.000175480279959;0.150906131286;liquid
243.650000000;8.00000000000;1095.25401895;0.000913030203676;127.471298145;134.775539775;0.730864142621;0.947710833744;1.98407286998;832.061802804;-0.0580633761800;0.000175345285087;0.150847935361;liquid
243.700000000;8.00000000000;1095.05758303;0.000913193986776;127.569197421;134.874749315;0.731271281395;0.947656311159;1.98430883206;831.717580232;-0.0577672870198;0.000175210401400;0.150789742597;liquid
243.750000000;8.00000000000;1094.86107631;0.000913357887712;127.667107564;134.973970666;0.731678385101;0.947601838166;1.98454526507;831.373316989;-0.0574707500795;0.000175075628765;0.150731552986;liquid
243.800000000;8.00000000000;1094.66449869;0.000913521906665;127.765028596;135.073203850;0.732085453849;0.947547414815;1.98478216981;831.029012923;-0.0571737645114;0.000174940967046;0.150673366518;liquid
243.850000000;8.00000000000;1094.46785005;0.000913686043818;127.862960540;135.172448891;0.732492487751;0.947493041153;1.98501954710;830.684667884;-0.0568763294656;0.000174806416109;0.150615183183;liquid
243.900000000;8.00000000000;1094.27113030;0.000913850299352;127.960903418;135.271705812;0.732899486917;0.947438717231;1.98525739775;830.340281719;-0.0565784440902;0.000174671975818;0.150557002972;liquid
243.950000000;8.00000000000;1094.07433934;0.000914014673450;128.058857251;135.370974638;0.733306451460;0.947384443097;1.98549572260;829.995854277;-0.0562801075305;0.000174537646039;0.150498825874;liquid
244.000000000;8.00000000000;1093.87747705;0.000914179166296;128.156822062;135.470255393;0.733713381491;0.947330218803;1.98573452246;829.651385405;-0.0559813189301;0.000174403426637;0.150440651881;liquid
244.050000000;8.00000000000;1093.68054334;0.000914343778073;128.254797874;135.569548099;0.734120277122;0.947276044398;1.98597379815;829.306874950;-0.0556820774300;0.000174269317478;0.150382480983;liquid
244.100000000;8.00000000000;1093.48353810;0.000914508508964;128.352784709;135.668852780;0.734527138463;0.947221919933;1.98621355051;828.962322760;-0.0553823821689;0.000174135318428;0.150324313169;liquid
244.150000000;8.00000000000;1093.28646122;0.000914673359155;128.450782588;135.768169462;0.734933965627;0.947167845459;1.98645378036;828.617728679;-0.0550822322833;0.000174001429352;0.150266148431;liquid
244.200000000;8.00000000000;1093.08931260;0.000914838328829;128.548791536;135.867498166;0.735340758726;0.947113821028;1.98669448854;828.273092555;-0.0547816269075;0.000173867650116;0.150207986759;liquid
244.250000000;8.00000000000;1092.89209214;0.000915003418173;128.646811573;135.966838918;0.735747517871;0.947059846691;1.98693567587;827.928414233;-0.0544805651732;0.000173733980588;0.150149828142;liquid
244.300000000;8.00000000000;1092.69479972;0.000915168627372;128.744842723;136.066191742;0.736154243175;0.947005922502;1.98717734320;827.583693558;-0.0541790462101;0.000173600420631;0.150091672572;liquid
244.350000000;8.00000000000;1092.49743525;0.000915333956612;128.842885008;136.165556661;0.736560934750;0.946952048511;1.98741949136;827.238930376;-0.0538770691454;0.000173466970114;0.150033520039;liquid
244.400000000;8.00000000000;1092.29999862;0.000915499406079;128.940938450;136.264933699;0.736967592707;0.946898224773;1.98766212120;826.894124530;-0.0535746331040;0.000173333628902;0.149975370532;liquid
244.450000000;8.00000000000;1092.10248972;0.000915664975961;129.039003073;136.364322881;0.737374217161;0.946844451341;1.98790523355;826.549275865;-0.0532717372084;0.000173200396862;0.149917224042;liquid
244.500000000;8.00000000000;1091.90490845;0.000915830666445;129.137078899;136.463724230;0.737780808222;0.946790728268;1.98814882927;826.204384225;-0.0529683805789;0.000173067273861;0.149859080559;liquid
244.550000000;8.00000000000;1091.70725469;0.000915996477718;129.235165950;136.563137772;0.738187366004;0.946737055609;1.98839290921;825.859449453;-0.0526645623334;0.000172934259765;0.149800940074;liquid
244.600000000;8.00000000000;1091.50952835;0.000916162409969;129.333264250;136.662563529;0.738593890619;0.946683433417;1.98863747421;825.514471391;-0.0523602815873;0.000172801354441;0.149742802577;liquid
244.650000000;8.00000000000;1091.31172932;0.000916328463387;129.431373820;136.762001527;0.739000382180;0.946629861749;1.98888252513;825.169449884;-0.0520555374538;0.000172668557756;0.149684668058;liquid
244.700000000;8.00000000000;1091.11385748;0.000916494638160;129.529494685;136.861451790;0.739406840799;0.946576340659;1.98912806282;824.824384772;-0.0517503290438;0.000172535869577;0.149626536506;liquid
244.750000000;8.00000000000;1090.91591273;0.000916660934479;129.627626866;136.960914342;0.739813266591;0.946522870203;1.98937408814;824.479275897;-0.0514446554654;0.000172403289772;0.149568407914;liquid
244.800000000;8.00000000000;1090.71789496;0.000916827352532;129.725770387;137.060389207;0.740219659668;0.946469450437;1.98962060196;824.134123102;-0.0511385158249;0.000172270818208;0.149510282269;liquid
244.850000000;8.00000000000;1090.51980408;0.000916993892511;129.823925270;137.159876410;0.740626020143;0.946416081418;1.98986760514;823.788926227;-0.0508319092258;0.000172138454752;0.149452159564;liquid
244.900000000;8.00000000000;1090.32163995;0.000917160554607;129.922091539;137.259375976;0.741032348129;0.946362763203;1.99011509853;823.443685112;-0.0505248347692;0.000172006199272;0.149394039787;liquid
244.950000000;8.00000000000;1090.12340249;0.000917327339010;130.020269216;137.358887928;0.741438643741;0.946309495849;1.99036308302;823.098399599;-0.0502172915539;0.000171874051636;0.149335922930;liquid
245.000000000;8.00000000000;1089.92509158;0.000917494245912;130.118458325;137.458412292;0.741844907090;0.946256279413;1.99061155947;822.753069526;-0.0499092786765;0.000171742011711;0.149277808981;liquid
245.050000000;8.00000000000;1089.72670711;0.000917661275506;130.216658888;137.557949092;0.742251138293;0.946203113955;1.99086052875;822.407694734;-0.0496007952306;0.000171610079365;0.149219697932;liquid
245.100000000;8.00000000000;1089.52824897;0.000917828427984;130.314870929;137.657498353;0.742657337461;0.946149999533;1.99110999175;822.062275060;-0.0492918403080;0.000171478254466;0.149161589772;liquid
245.150000000;8.00000000000;1089.32971706;0.000917995703539;130.413094471;137.757060100;0.743063504708;0.946096936206;1.99135994933;821.716810345;-0.0489824129976;0.000171346536883;0.149103484491;liquid
245.200000000;8.00000000000;1089.13111126;0.000918163102366;130.511329538;137.856634356;0.743469640150;0.946043924033;1.99161040238;821.371300426;-0.0486725123860;0.000171214926483;0.149045382080;liquid
245.250000000;8.00000000000;1088.93243147;0.000918330624656;130.609576151;137.956221148;0.743875743899;0.945990963075;1.99186135178;821.025745141;-0.0483621375574;0.000171083423136;0.148987282529;liquid
245.300000000;8.00000000000;1088.73367757;0.000918498270607;130.707834335;138.055820500;0.744281816070;0.945938053392;1.99211279842;820.680144328;-0.0480512875935;0.000170952026709;0.148929185827;liquid
245.350000000;8.00000000000;1088.53484946;0.000918666040411;130.806104113;138.155432436;0.744687856778;0.945885195046;1.99236474319;820.334497823;-0.0477399615735;0.000170820737071;0.148871091966;liquid
245.400000000;8.00000000000;1088.33594702;0.000918833934264;130.904385508;138.255056983;0.745093866136;0.945832388096;1.99261718698;819.988805463;-0.0474281585742;0.000170689554090;0.148813000933;liquid
245.450000000;8.00000000000;1088.13697014;0.000919001952363;131.002678545;138.354694163;0.745499844260;0.945779632606;1.99287013068;819.643067084;-0.0471158776697;0.000170558477637;0.148754912721;liquid
245.500000000;8.00000000000;1087.93791872;0.000919170094903;131.100983245;138.454344004;0.745905791263;0.945726928637;1.99312357519;819.297282523;-0.0468031179318;0.000170427507578;0.148696827318;liquid
245.550000000;8.00000000000;1087.73879264;0.000919338362081;131.199299633;138.554006529;0.746311707261;0.945674276253;1.99337752140;818.951451614;-0.0464898784298;0.000170296643785;0.148638744716;liquid
245.600000000;8.00000000000;1087.53959179;0.000919506754095;131.297627732;138.653681765;0.746717592369;0.945621675516;1.99363197022;818.605574192;-0.0461761582303;0.000170165886125;0.148580664903;liquid
245.650000000;8.00000000000;1087.34031607;0.000919675271141;131.395967566;138.753369735;0.747123446701;0.945569126490;1.99388692256;818.259650093;-0.0458619563977;0.000170035234468;0.148522587870;liquid
245.700000000;8.00000000000;1087.14096534;0.000919843913418;131.494319158;138.853070465;0.747529270373;0.945516629241;1.99414237931;817.913679150;-0.0455472719934;0.000169904688683;0.148464513606;liquid
245.750000000;8.00000000000;1086.94153952;0.000920012681125;131.592682532;138.952783981;0.747935063500;0.945464183831;1.99439834139;817.567661197;-0.0452321040768;0.000169774248640;0.148406442102;liquid
245.800000000;8.00000000000;1086.74203848;0.000920181574460;131.691057712;139.052510308;0.748340826197;0.945411790327;1.99465480972;817.221596066;-0.0449164517043;0.000169643914208;0.148348373348;liquid
245.850000000;8.00000000000;1086.54246211;0.000920350593624;131.789444722;139.152249471;0.748746558579;0.945359448794;1.99491178519;816.875483592;-0.0446003139301;0.000169513685257;0.148290307333;liquid
245.900000000;8.00000000000;1086.34281030;0.000920519738815;131.887843584;139.252001495;0.749152260762;0.945307159299;1.99516926874;816.529323607;-0.0442836898055;0.000169383561657;0.148232244048;liquid
245.950000000;8.00000000000;1086.14308293;0.000920689010235;131.986254324;139.351766406;0.749557932863;0.945254921907;1.99542726129;816.183115942;-0.0439665783795;0.000169253543278;0.148174183482;liquid
246.000000000;8.00000000000;1085.94327990;0.000920858408083;132.084676965;139.451544229;0.749963574995;0.945202736687;1.99568576375;815.836860429;-0.0436489786984;0.000169123629990;0.148116125626;liquid
246.050000000;8.00000000000;1085.74340109;0.000921027932563;132.183111530;139.551334991;0.750369187277;0.945150603707;1.99594477705;815.490556900;-0.0433308898059;0.000168993821663;0.148058070468;liquid
246.100000000;8.00000000000;1085.54344638;0.000921197583875;132.281558045;139.651138716;0.750774769823;0.945098523033;1.99620430211;815.144205185;-0.0430123107432;0.000168864118166;0.148000017999;liquid
246.150000000;8.00000000000;1085.34341567;0.000921367362222;132.380016532;139.750955430;0.751180322749;0.945046494736;1.99646433988;814.797805114;-0.0426932405488;0.000168734519372;0.147941968210;liquid
246.200000000;8.00000000000;1085.14330883;0.000921537267806;132.478487016;139.850785158;0.751585846172;0.944994518884;1.99672489129;814.451356518;-0.0423736782587;0.000168605025149;0.147883921089;liquid
246.250000000;8.00000000000;1084.94312576;0.000921707300831;132.576969521;139.950627927;0.751991340209;0.944942595547;1.99698595726;814.104859226;-0.0420536229061;0.000168475635369;0.147825876626;liquid
246.300000000;8.00000000000;1084.74286634;0.000921877461501;132.675464070;140.050483762;0.752396804976;0.944890724796;1.99724753874;813.758313067;-0.0417330735217;0.000168346349902;0.147767834812;liquid
246.350000000;8.00000000000;1084.54253045;0.000922047750020;132.773970690;140.150352690;0.752802240589;0.944838906701;1.99750963667;813.411717869;-0.0414120291336;0.000168217168619;0.147709795635;liquid
246.400000000;8.00000000000;1084.34211798;0.000922218166592;132.872489402;140.250234735;0.753207647165;0.944787141335;1.99777225200;813.065073461;-0.0410904887671;0.000168088091391;0.147651759087;liquid
246.450000000;8.00000000000;1084.14162881;0.000922388711423;132.971020232;140.350129924;0.753613024821;0.944735428768;1.99803538567;812.718379671;-0.0407684514450;0.000167959118088;0.147593725156;liquid
246.500000000;8.00000000000;1083.94106284;0.000922559384718;133.069563204;140.450038282;0.754018373674;0.944683769075;1.99829903864;812.371636326;-0.0404459161873;0.000167830248583;0.147535693833;liquid
246.550000000;8.00000000000;1083.74041993;0.000922730186684;133.168118343;140.549959836;0.754423693841;0.944632162326;1.99856321185;812.024843252;-0.0401228820115;0.000167701482746;0.147477665107;liquid
246.600000000;8.00000000000;1083.53969998;0.000922901117527;133.266685672;140.649894612;0.754828985440;0.944580608597;1.99882790627;811.678000277;-0.0397993479322;0.000167572820448;0.147419638967;liquid
246.650000000;8.00000000000;1083.33890288;0.000923072177455;133.365265216;140.749842635;0.755234248587;0.944529107962;1.99909312285;811.331107226;-0.0394753129615;0.000167444261562;0.147361615405;liquid
246.700000000;8.00000000000;1083.13802849;0.000923243366674;133.463856999;140.849803933;0.755639483400;0.944477660495;1.99935886255;810.984163925;-0.0391507761088;0.000167315805957;0.147303594408;liquid
246.750000000;8.00000000000;1082.93707672;0.000923414685394;133.562461047;140.949778530;0.756044689997;0.944426266272;1.99962512634;810.637170199;-0.0388257363806;0.000167187453507;0.147245575968;liquid
246.800000000;8.00000000000;1082.73604743;0.000923586133823;133.661077384;141.049766454;0.756449868496;0.944374925368;1.99989191518;810.290125873;-0.0385001927809;0.000167059204083;0.147187560073;liquid
246.850000000;8.00000000000;1082.53494052;0.000923757712170;133.759706033;141.149767731;0.756855019013;0.944323637860;2.00015923005;809.943030771;-0.0381741443108;0.000166931057556;0.147129546713;liquid
246.900000000;8.00000000000;1082.33375587;0.000923929420644;133.858347021;141.249782386;0.757260141668;0.944272403826;2.00042707192;809.595884717;-0.0378475899688;0.000166803013799;0.147071535879;liquid
246.950000000;8.00000000000;1082.13249335;0.000924101259456;133.957000371;141.349810447;0.757665236579;0.944221223343;2.00069544177;809.248687535;-0.0375205287506;0.000166675072684;0.147013527559;liquid
247.000000000;8.00000000000;1081.93115285;0.000924273228817;134.055666109;141.449851939;0.758070303863;0.944170096490;2.00096434057;808.901439046;-0.0371929596491;0.000166547234082;0.146955521743;liquid
247.050000000;8.00000000000;1081.72973425;0.000924445328937;134.154344258;141.549906890;0.758475343639;0.944119023344;2.00123376930;808.554139075;-0.0368648816546;0.000166419497866;0.146897518422;liquid
247.100000000;8.00000000000;1081.52823744;0.000924617560028;134.253034845;141.649975325;0.758880356025;0.944068003986;2.00150372896;808.206787442;-0.0365362937544;0.000166291863909;0.146839517583;liquid
247.150000000;8.00000000000;1081.32666229;0.000924789922302;134.351737893;141.750057271;0.759285341140;0.944017038496;2.00177422053;807.859383971;-0.0362071949333;0.000166164332083;0.146781519218;liquid
247.200000000;8.00000000000;1081.12500868;0.000924962415973;134.450453428;141.850152756;0.759690299104;0.943966126955;2.00204524499;807.511928480;-0.0358775841730;0.000166036902261;0.146723523315;liquid
247.250000000;8.00000000000;1080.92327650;0.000925135041253;134.549181475;141.950261805;0.760095230033;0.943915269443;2.00231680335;807.164420793;-0.0355474604526;0.000165909574314;0.146665529865;liquid
247.300000000;8.00000000000;1080.72146563;0.000925307798355;134.647922058;142.050384445;0.760500134049;0.943864466044;2.00258889660;806.816860728;-0.0352168227484;0.000165782348117;0.146607538856;liquid
247.350000000;8.00000000000;1080.51957595;0.000925480687495;134.746675203;142.150520703;0.760905011269;0.943813716838;2.00286152575;806.469248106;-0.0348856700339;0.000165655223541;0.146549550278;liquid
247.400000000;8.00000000000;1080.31760733;0.000925653708886;134.845440935;142.250670607;0.761309861812;0.943763021911;2.00313469178;806.121582747;-0.0345540012795;0.000165528200461;0.146491564121;liquid
247.450000000;8.00000000000;1080.11555966;0.000925826862745;134.944219280;142.350834181;0.761714685800;0.943712381344;2.00340839572;805.773864468;-0.0342218154531;0.000165401278748;0.146433580374;liquid
247.500000000;8.00000000000;1079.91343281;0.000926000149286;135.043010261;142.451011455;0.762119483350;0.943661795224;2.00368263856;805.426093089;-0.0338891115197;0.000165274458276;0.146375599027;liquid
247.550000000;8.00000000000;1079.71122667;0.000926173568726;135.141813905;142.551202454;0.762524254583;0.943611263634;2.00395742133;805.078268428;-0.0335558884413;0.000165147738919;0.146317620069;liquid
247.600000000;8.00000000000;1079.50894112;0.000926347121282;135.240630236;142.651407206;0.762928999617;0.943560786662;2.00423274503;804.730390303;-0.0332221451771;0.000165021120549;0.146259643490;liquid
247.650000000;8.00000000000;1079.30657602;0.000926520807171;135.339459280;142.751625738;0.763333718574;0.943510364392;2.00450861069;804.382458530;-0.0328878806834;0.000164894603041;0.146201669279;liquid
247.700000000;8.00000000000;1079.10413127;0.000926694626611;135.438301063;142.851858076;0.763738411574;0.943459996912;2.00478501932;804.034472927;-0.0325530939137;0.000164768186268;0.146143697425;liquid
247.750000000;8.00000000000;1078.90160674;0.000926868579820;135.537155610;142.952104249;0.764143078735;0.943409684310;2.00506197195;803.686433310;-0.0322177838187;0.000164641870103;0.146085727918;liquid
247.800000000;8.00000000000;1078.69900230;0.000927042667017;135.636022946;143.052364283;0.764547720180;0.943359426675;2.00533946961;803.338339494;-0.0318819493459;0.000164515654421;0.146027760748;liquid
247.850000000;8.00000000000;1078.49631784;0.000927216888423;135.734903098;143.152638205;0.764952336027;0.943309224094;2.00561751333;802.990191295;-0.0315455894400;0.000164389539095;0.145969795903;liquid
247.900000000;8.00000000000;1078.29355323;0.000927391244255;135.833796089;143.252926043;0.765356926398;0.943259076659;2.00589610415;802.641988529;-0.0312087030430;0.000164263523999;0.145911833373;liquid
247.950000000;8.00000000000;1078.09070835;0.000927565734736;135.932701947;143.353227824;0.765761491414;0.943208984458;2.00617524309;802.293731009;-0.0308712890937;0.000164137609008;0.145853873148;liquid
248.000000000;8.00000000000;1077.88778307;0.000927740360086;136.031620696;143.453543577;0.766166031195;0.943158947584;2.00645493121;801.945418550;-0.0305333465281;0.000164011793996;0.145795915216;liquid
248.050000000;8.00000000000;1077.68477728;0.000927915120526;136.130552363;143.553873327;0.766570545862;0.943108966127;2.00673516953;801.597050966;-0.0301948742792;0.000163886078836;0.145737959567;liquid
248.100000000;8.00000000000;1077.48169085;0.000928090016279;136.229496972;143.654217103;0.766975035537;0.943059040181;2.00701595912;801.248628069;-0.0298558712770;0.000163760463404;0.145680006191;liquid
248.150000000;8.00000000000;1077.27852365;0.000928265047568;136.328454551;143.754574932;0.767379500340;0.943009169838;2.00729730102;800.900149672;-0.0295163364486;0.000163634947573;0.145622055077;liquid
248.200000000;8.00000000000;1077.07527556;0.000928440214615;136.427425125;143.854946842;0.767783940393;0.942959355192;2.00757919629;800.551615588;-0.0291762687181;0.000163509531219;0.145564106213;liquid
248.250000000;8.00000000000;1076.87194646;0.000928615517644;136.526408720;143.955332861;0.768188355818;0.942909596338;2.00786164597;800.203025629;-0.0288356670066;0.000163384214216;0.145506159590;liquid
248.300000000;8.00000000000;1076.66853622;0.000928790956880;136.625405361;144.055733016;0.768592746736;0.942859893370;2.00814465114;799.854379606;-0.0284945302322;0.000163258996439;0.145448215196;liquid
248.350000000;8.00000000000;1076.46504472;0.000928966532548;136.724415075;144.156147335;0.768997113270;0.942810246384;2.00842821285;799.505677330;-0.0281528573099;0.000163133877763;0.145390273021;liquid
248.400000000;8.00000000000;1076.26147182;0.000929142244872;136.823437887;144.256575846;0.769401455540;0.942760655478;2.00871233217;799.156918612;-0.0278106471519;0.000163008858063;0.145332333053;liquid
248.450000000;8.00000000000;1076.05781742;0.000929318094078;136.922473825;144.357018578;0.769805773670;0.942711120747;2.00899701017;798.808103261;-0.0274678986672;0.000162883937213;0.145274395283;liquid
248.500000000;8.00000000000;1075.85408137;0.000929494080394;137.021522914;144.457475557;0.770210067780;0.942661642291;2.00928224792;798.459231087;-0.0271246107617;0.000162759115090;0.145216459699;liquid
248.550000000;8.00000000000;1075.65026355;0.000929670204046;137.120585179;144.557946812;0.770614337995;0.942612220208;2.00956804650;798.110301900;-0.0267807823384;0.000162634391568;0.145158526291;liquid
248.600000000;8.00000000000;1075.44636385;0.000929846465262;137.219660649;144.658432371;0.771018584436;0.942562854596;2.00985440699;797.761315509;-0.0264364122971;0.000162509766522;0.145100595047;liquid
248.650000000;8.00000000000;1075.24238212;0.000930022864269;137.318749348;144.758932262;0.771422807226;0.942513545557;2.01014133047;797.412271721;-0.0260914995347;0.000162385239829;0.145042665957;liquid
248.700000000;8.00000000000;1075.03831824;0.000930199401297;137.417851303;144.859446513;0.771827006488;0.942464293191;2.01042881804;797.063170344;-0.0257460429448;0.000162260811364;0.144984739010;liquid
248.750000000;8.00000000000;1074.83417209;0.000930376076575;137.516966541;144.959975153;0.772231182345;0.942415097599;2.01071687077;796.714011187;-0.0254000414181;0.000162136481002;0.144926814195;liquid
248.800000000;8.00000000000;1074.62994354;0.000930552890333;137.616095087;145.060518210;0.772635334920;0.942365958884;2.01100548976;796.364794055;-0.0250534938420;0.000162012248620;0.144868891501;liquid
248.850000000;8.00000000000;1074.42563246;0.000930729842800;137.715236969;145.161075712;0.773039464335;0.942316877149;2.01129467612;796.015518756;-0.0247063991010;0.000161888114093;0.144810970917;liquid
248.900000000;8.00000000000;1074.22123872;0.000930906934209;137.814392213;145.261647687;0.773443570716;0.942267852498;2.01158443093;795.666185096;-0.0243587560763;0.000161764077297;0.144753052432;liquid
248.950000000;8.00000000000;1074.01676220;0.000931084164790;137.913560846;145.362234164;0.773847654184;0.942218885034;2.01187475531;795.316792880;-0.0240105636460;0.000161640138108;0.144695136036;liquid
249.000000000;8.00000000000;1073.81220276;0.000931261534775;138.012742894;145.462835172;0.774251714864;0.942169974864;2.01216565036;794.967341914;-0.0236618206851;0.000161516296402;0.144637221717;liquid
249.050000000;8.00000000000;1073.60756027;0.000931439044398;138.111938384;145.563450739;0.774655752880;0.942121122093;2.01245711719;794.617832002;-0.0233125260653;0.000161392552056;0.144579309465;liquid
249.100000000;8.00000000000;1073.40283462;0.000931616693892;138.211147342;145.664080893;0.775059768356;0.942072326828;2.01274915692;794.268262949;-0.0229626786554;0.000161268904946;0.144521399268;liquid
249.150000000;8.00000000000;1073.19802566;0.000931794483489;138.310369796;145.764725664;0.775463761415;0.942023589176;2.01304177066;793.918634559;-0.0226122773207;0.000161145354948;0.144463491115;liquid
249.200000000;8.00000000000;1072.99313327;0.000931972413426;138.409605772;145.865385080;0.775867732182;0.941974909246;2.01333495954;793.568946635;-0.0222613209236;0.000161021901939;0.144405584995;liquid
249.250000000;8.00000000000;1072.78815731;0.000932150483936;138.508855298;145.966059170;0.776271680782;0.941926287146;2.01362872467;793.219198980;-0.0219098083230;0.000160898545795;0.144347680898;liquid
249.300000000;8.00000000000;1072.58309767;0.000932328695256;138.608118400;146.066747962;0.776675607339;0.941877722986;2.01392306720;792.869391398;-0.0215577383747;0.000160775286394;0.144289778812;liquid
249.350000000;8.00000000000;1072.37795420;0.000932507047621;138.707395105;146.167451486;0.777079511978;0.941829216877;2.01421798825;792.519523689;-0.0212051099315;0.000160652123612;0.144231878726;liquid
249.400000000;8.00000000000;1072.17272677;0.000932685541268;138.806685440;146.268169770;0.777483394823;0.941780768930;2.01451348896;792.169595656;-0.0208519218425;0.000160529057326;0.144173980629;liquid
249.450000000;8.00000000000;1071.96741526;0.000932864176434;138.905989433;146.368902844;0.777887256001;0.941732379256;2.01480957047;791.819607101;-0.0204981729540;0.000160406087413;0.144116084510;liquid
249.500000000;8.00000000000;1071.76201953;0.000933042953358;139.005307110;146.469650737;0.778291095635;0.941684047970;2.01510623391;791.469557824;-0.0201438621088;0.000160283213749;0.144058190358;liquid
249.550000000;8.00000000000;1071.55653945;0.000933221872278;139.104638499;146.570413478;0.778694913852;0.941635775183;2.01540348045;791.119447626;-0.0197889881463;0.000160160436214;0.144000298161;liquid
249.600000000;8.00000000000;1071.35097489;0.000933400933432;139.203983627;146.671191095;0.779098710776;0.941587561011;2.01570131122;790.769276306;-0.0194335499030;0.000160037754682;0.143942407909;liquid
249.650000000;8.00000000000;1071.14532572;0.000933580137062;139.303342522;146.771983618;0.779502486534;0.941539405569;2.01599972739;790.419043665;-0.0190775462117;0.000159915169033;0.143884519590;liquid
249.700000000;8.00000000000;1070.93959180;0.000933759483406;139.402715210;146.872791077;0.779906241252;0.941491308972;2.01629873010;790.068749501;-0.0187209759022;0.000159792679143;0.143826633193;liquid
249.750000000;8.00000000000;1070.73377300;0.000933938972706;139.502101720;146.973613501;0.780309975055;0.941443271338;2.01659832053;789.718393614;-0.0183638378008;0.000159670284889;0.143768748708;liquid
249.800000000;8.00000000000;1070.52786919;0.000934118605204;139.601502078;147.074450919;0.780713688069;0.941395292783;2.01689849984;789.367975801;-0.0180061307304;0.000159547986151;0.143710866121;liquid
249.850000000;8.00000000000;1070.32188023;0.000934298381141;139.700916312;147.175303361;0.781117380421;0.941347373426;2.01719926920;789.017495862;-0.0176478535107;0.000159425782805;0.143652985424;liquid
249.900000000;8.00000000000;1070.11580599;0.000934478300760;139.800344450;147.276170856;0.781521052237;0.941299513386;2.01750062977;788.666953592;-0.0172890049581;0.000159303674728;0.143595106603;liquid
249.950000000;8.00000000000;1069.90964634;0.000934658364304;139.899786519;147.377053434;0.781924703644;0.941251712782;2.01780258275;788.316348790;-0.0169295838855;0.000159181661800;0.143537229648;liquid
250.000000000;8.00000000000;1069.70340114;0.000934838572018;139.999242548;147.477951124;0.782328334769;0.941203971736;2.01810512930;787.965681251;-0.0165695891023;0.000159059743898;0.143479354548;liquid
250.050000000;8.00000000000;1069.49707025;0.000935018924145;140.098712564;147.578863957;0.782731945738;0.941156290369;2.01840827062;787.614950773;-0.0162090194148;0.000158937920901;0.143421481291;liquid
250.100000000;8.00000000000;1069.29065354;0.000935199420932;140.198196594;147.679791961;0.783135536679;0.941108668802;2.01871200789;787.264157151;-0.0158478736256;0.000158816192685;0.143363609867;liquid
250.150000000;8.00000000000;1069.08415088;0.000935380062623;140.297694667;147.780735168;0.783539107719;0.941061107159;2.01901634230;786.913300181;-0.0154861505342;0.000158694559131;0.143305740262;liquid
250.200000000;8.00000000000;1068.87756213;0.000935560849466;140.397206810;147.881693605;0.783942658985;0.941013605564;2.01932127505;786.562379657;-0.0151238489363;0.000158573020115;0.143247872467;liquid
250.250000000;8.00000000000;1068.67088715;0.000935741781706;140.496733051;147.982667305;0.784346190605;0.940966164141;2.01962680735;786.211395374;-0.0147609676244;0.000158451575517;0.143190006470;liquid
250.300000000;8.00000000000;1068.46412581;0.000935922859593;140.596273419;148.083656296;0.784749702707;0.940918783015;2.01993294040;785.860347127;-0.0143975053876;0.000158330225215;0.143132142259;liquid
250.350000000;8.00000000000;1068.25727797;0.000936104083373;140.695827942;148.184660609;0.785153195419;0.940871462314;2.02023967539;785.509234709;-0.0140334610112;0.000158208969088;0.143074279824;liquid
250.400000000;8.00000000000;1068.05034349;0.000936285453296;140.795396647;148.285680274;0.785556668868;0.940824202163;2.02054701356;785.158057914;-0.0136688332773;0.000158087807014;0.143016419151;liquid
250.450000000;8.00000000000;1067.84332224;0.000936466969612;140.894979564;148.386715320;0.785960123182;0.940777002690;2.02085495611;784.806816534;-0.0133036209644;0.000157966738872;0.142958560232;liquid
250.500000000;8.00000000000;1067.63621408;0.000936648632570;140.994576719;148.487765779;0.786363558492;0.940729864025;2.02116350426;784.455510362;-0.0129378228476;0.000157845764542;0.142900703052;liquid
250.550000000;8.00000000000;1067.42901887;0.000936830442421;141.094188142;148.588831681;0.786766974924;0.940682786297;2.02147265924;784.104139191;-0.0125714376982;0.000157724883902;0.142842847602;liquid
250.600000000;8.00000000000;1067.22173647;0.000937012399416;141.193813860;148.689913056;0.787170372607;0.940635769635;2.02178242227;783.752702812;-0.0122044642844;0.000157604096831;0.142784993870;liquid
250.650000000;8.00000000000;1067.01436675;0.000937194503809;141.293453903;148.791009933;0.787573751671;0.940588814172;2.02209279460;783.401201017;-0.0118369013704;0.000157483403208;0.142727141844;liquid
250.700000000;8.00000000000;1066.80690956;0.000937376755851;141.393108298;148.892122345;0.787977112245;0.940541920038;2.02240377745;783.049633596;-0.0114687477172;0.000157362802913;0.142669291512;liquid
250.750000000;8.00000000000;1066.59936476;0.000937559155795;141.492777075;148.993250321;0.788380454458;0.940495087366;2.02271537207;782.698000340;-0.0111000020819;0.000157242295825;0.142611442864;liquid
250.800000000;8.00000000000;1066.39173223;0.000937741703896;141.592460261;149.094393893;0.788783778439;0.940448316291;2.02302757970;782.346301040;-0.0107306632182;0.000157121881824;0.142553595887;liquid
250.850000000;8.00000000000;1066.18401181;0.000937924400408;141.692157886;149.195553090;0.789187084318;0.940401606946;2.02334040159;781.994535485;-0.0103607298762;0.000157001560789;0.142495750570;liquid
250.900000000;8.00000000000;1065.97620337;0.000938107245586;141.791869978;149.296727943;0.789590372224;0.940354959466;2.02365383899;781.642703465;-0.00999020080240;0.000156881332599;0.142437906902;liquid
250.950000000;8.00000000000;1065.76830676;0.000938290239687;141.891596566;149.397918484;0.789993642288;0.940308373988;2.02396789317;781.290804768;-0.00961907473955;0.000156761197135;0.142380064870;liquid
251.000000000;8.00000000000;1065.56032185;0.000938473382967;141.991337679;149.499124743;0.790396894640;0.940261850647;2.02428256538;780.938839184;-0.00924735042682;0.000156641154276;0.142322224463;liquid
251.050000000;8.00000000000;1065.35224849;0.000938656675683;142.091093345;149.600346751;0.790800129409;0.940215389583;2.02459785690;780.586806501;-0.00887502659974;0.000156521203901;0.142264385669;liquid
251.100000000;8.00000000000;1065.14408655;0.000938840118092;142.190863594;149.701584539;0.791203346727;0.940168990933;2.02491376898;780.234706506;-0.00850210199015;0.000156401345892;0.142206548477;liquid
251.150000000;8.00000000000;1064.93583588;0.000939023710454;142.290648454;149.802838138;0.791606546724;0.940122654835;2.02523030291;779.882538988;-0.00812857532620;0.000156281580128;0.142148712875;liquid
251.200000000;8.00000000000;1064.72749633;0.000939207453028;142.390447955;149.904107579;0.792009729531;0.940076381432;2.02554745996;779.530303733;-0.00775444533234;0.000156161906488;0.142090878852;liquid
251.250000000;8.00000000000;1064.51906778;0.000939391346073;142.490262126;150.005392894;0.792412895279;0.940030170862;2.02586524142;779.178000528;-0.00737971072931;0.000156042324854;0.142033046395;liquid
251.300000000;8.00000000000;1064.31055007;0.000939575389850;142.590090995;150.106694114;0.792816044099;0.939984023269;2.02618364857;778.825629159;-0.00700437023412;0.000155922835106;0.141975215492;liquid
251.350000000;8.00000000000;1064.10194306;0.000939759584620;142.689934593;150.208011270;0.793219176122;0.939937938794;2.02650268271;778.473189413;-0.00662842256004;0.000155803437123;0.141917386133;liquid
251.400000000;8.00000000000;1063.89324660;0.000939943930645;142.789792947;150.309344393;0.793622291480;0.939891917581;2.02682234514;778.120681076;-0.00625186641656;0.000155684130787;0.141859558305;liquid
251.450000000;8.00000000000;1063.68446057;0.000940128428187;142.889666089;150.410693515;0.794025390305;0.939845959774;2.02714263715;777.768103932;-0.00587470050943;0.000155564915978;0.141801731996;liquid
251.500000000;8.00000000000;1063.47558480;0.000940313077510;142.989554047;150.512058667;0.794428472728;0.939800065518;2.02746356005;777.415457766;-0.00549692354059;0.000155445792577;0.141743907195;liquid
251.550000000;8.00000000000;1063.26661916;0.000940497878878;143.089456850;150.613439881;0.794831538882;0.939754234959;2.02778511515;777.062742364;-0.00511853420820;0.000155326760463;0.141686083890;liquid
251.600000000;8.00000000000;1063.05756350;0.000940682832554;143.189374529;150.714837189;0.795234588898;0.939708468243;2.02810730377;776.709957509;-0.00473953120657;0.000155207819519;0.141628262068;liquid
251.650000000;8.00000000000;1062.84841768;0.000940867938805;143.289307112;150.816250622;0.795637622910;0.939662765518;2.02843012722;776.357102986;-0.00435991322620;0.000155088969625;0.141570441718;liquid
251.700000000;8.00000000000;1062.63918154;0.000941053197896;143.389254629;150.917680212;0.796040641050;0.939617126932;2.02875358683;776.004178577;-0.00397967895375;0.000154970210662;0.141512622829;liquid
251.750000000;8.00000000000;1062.42985496;0.000941238610094;143.489217111;151.019125991;0.796443643450;0.939571552634;2.02907768392;775.651184067;-0.00359882707200;0.000154851542511;0.141454805387;liquid
251.800000000;8.00000000000;1062.22043777;0.000941424175666;143.589194586;151.120587991;0.796846630244;0.939526042775;2.02940241983;775.298119238;-0.00321735625988;0.000154732965053;0.141396989382;liquid
251.850000000;8.00000000000;1062.01092983;0.000941609894879;143.689187085;151.222066244;0.797249601564;0.939480597504;2.02972779589;774.944983871;-0.00283526519240;0.000154614478169;0.141339174801;liquid
251.900000000;8.00000000000;1061.80133100;0.000941795768004;143.789194638;151.323560782;0.797652557545;0.939435216974;2.03005381346;774.591777751;-0.00245255254067;0.000154496081741;0.141281361632;liquid
251.950000000;8.00000000000;1061.59164113;0.000941981795308;143.889217274;151.425071636;0.798055498319;0.939389901337;2.03038047386;774.238500658;-0.00206921697189;0.000154377775650;0.141223549863;liquid
252.000000000;8.00000000000;1061.38186008;0.000942167977063;143.989255023;151.526598840;0.798458424021;0.939344650745;2.03070777846;773.885152373;-0.00168525714932;0.000154259559777;0.141165739482;liquid
252.050000000;8.00000000000;1061.17198768;0.000942354313539;144.089307916;151.628142425;0.798861334784;0.939299465354;2.03103572861;773.531732679;-0.00130067173224;0.000154141434005;0.141107930478;liquid
252.100000000;8.00000000000;1060.96202381;0.000942540805006;144.189375983;151.729702423;0.799264230742;0.939254345317;2.03136432567;773.178241356;-0.000915459376006;0.000154023398214;0.141050122838;liquid
252.150000000;8.00000000000;1060.75196830;0.000942727451739;144.289459254;151.831278868;0.799667112030;0.939209290791;2.03169357101;772.824678184;-0.000529618731945;0.000153905452286;0.140992316549;liquid
252.200000000;8.00000000000;1060.54182101;0.000942914254008;144.389557759;151.932871791;0.800069978783;0.939164301932;2.03202346600;772.471042943;-0.000143148447419;0.000153787596103;0.140934511601;liquid
252.250000000;8.00000000000;1060.33158179;0.000943101212089;144.489671529;152.034481226;0.800472831134;0.939119378897;2.03235401200;772.117335414;0.000243952834256;0.000153669829547;0.140876707980;liquid
252.300000000;8.00000000000;1060.12125049;0.000943288326255;144.589800593;152.136107203;0.800875669219;0.939074521844;2.03268521041;771.763555376;0.000631686473776;0.000153552152500;0.140818905675;liquid
252.350000000;8.00000000000;1059.91082696;0.000943475596781;144.689944983;152.237749757;0.801278493173;0.939029730933;2.03301706260;771.409702608;0.00102005383590;0.000153434564844;0.140761104674;liquid
252.400000000;8.00000000000;1059.70031105;0.000943663023943;144.790104729;152.339408921;0.801681303131;0.938985006322;2.03334956997;771.055776888;0.00140905628944;0.000153317066461;0.140703304963;liquid
252.450000000;8.00000000000;1059.48970261;0.000943850608017;144.890279861;152.441084725;0.802084099228;0.938940348173;2.03368273391;770.701777997;0.00179869520730;0.000153199657233;0.140645506532;liquid
252.500000000;8.00000000000;1059.27900150;0.000944038349281;144.990470411;152.542777205;0.802486881601;0.938895756646;2.03401655582;770.347705711;0.00218897196648;0.000153082337043;0.140587709368;liquid
252.550000000;8.00000000000;1059.06820755;0.000944226248013;145.090676408;152.644486392;0.802889650385;0.938851231904;2.03435103710;769.993559809;0.00257988794808;0.000152965105772;0.140529913458;liquid
252.600000000;8.00000000000;1058.85732061;0.000944414304490;145.190897884;152.746212320;0.803292405716;0.938806774110;2.03468617916;769.639340068;0.00297144453735;0.000152847963303;0.140472118791;liquid
252.650000000;8.00000000000;1058.64634054;0.000944602518994;145.291134869;152.847955021;0.803695147730;0.938762383427;2.03502198342;769.285046266;0.00336364312369;0.000152730909519;0.140414325354;liquid
252.700000000;8.00000000000;1058.43526719;0.000944790891802;145.391387395;152.949714529;0.804097876564;0.938718060020;2.03535845130;768.930678180;0.00375648510064;0.000152613944303;0.140356533134;liquid
252.750000000;8.00000000000;1058.22410039;0.000944979423197;145.491655492;153.051490877;0.804500592355;0.938673804054;2.03569558421;768.576235587;0.00414997186596;0.000152497067536;0.140298742120;liquid
252.800000000;8.00000000000;1058.01284000;0.000945168113460;145.591939191;153.153284099;0.804903295238;0.938629615696;2.03603338360;768.221718263;0.00454410482156;0.000152380279101;0.140240952299;liquid
252.850000000;8.00000000000;1057.80148587;0.000945356962873;145.692238524;153.255094227;0.805305985353;0.938585495111;2.03637185089;767.867125984;0.00493888537361;0.000152263578882;0.140183163658;liquid
252.900000000;8.00000000000;1057.59003783;0.000945545971719;145.792553521;153.356921295;0.805708662835;0.938541442468;2.03671098752;767.512458526;0.00533431493248;0.000152146966761;0.140125376186;liquid
252.950000000;8.00000000000;1057.37849574;0.000945735140283;145.892884214;153.458765337;0.806111327821;0.938497457936;2.03705079494;767.157715665;0.00573039491283;0.000152030442622;0.140067589870;liquid
253.000000000;8.00000000000;1057.16685944;0.000945924468848;145.993230635;153.560626386;0.806513980451;0.938453541683;2.03739127460;766.802897176;0.00612712673353;0.000151914006346;0.140009804698;liquid
253.050000000;8.00000000000;1056.95512878;0.000946113957699;146.093592814;153.662504475;0.806916620861;0.938409693880;2.03773242796;766.448002835;0.00652451181780;0.000151797657818;0.139952020656;liquid
253.100000000;8.00000000000;1056.74330360;0.000946303607124;146.193970783;153.764399640;0.807319249190;0.938365914697;2.03807425646;766.093032415;0.00692255159312;0.000151681396921;0.139894237733;liquid
253.150000000;8.00000000000;1056.53138374;0.000946493417408;146.294364573;153.866311912;0.807721865576;0.938322204306;2.03841676159;765.737985692;0.00732124749129;0.000151565223537;0.139836455916;liquid
253.200000000;8.00000000000;1056.31936906;0.000946683388840;146.394774216;153.968241327;0.808124470158;0.938278562880;2.03875994480;765.382862440;0.00772060094849;0.000151449137550;0.139778675193;liquid
253.250000000;8.00000000000;1056.10725939;0.000946873521707;146.495199744;154.070187918;0.808527063073;0.938234990590;2.03910380758;765.027662432;0.00812061340521;0.000151333138844;0.139720895551;liquid
253.300000000;8.00000000000;1055.89505458;0.000947063816299;146.595641189;154.172151719;0.808929644462;0.938191487613;2.03944835141;764.672385443;0.00852128630633;0.000151217227301;0.139663116977;liquid
253.350000000;8.00000000000;1055.68275447;0.000947254272905;146.696098581;154.274132765;0.809332214462;0.938148054121;2.03979357778;764.317031246;0.00892262110114;0.000151101402807;0.139605339459;liquid
253.400000000;8.00000000000;1055.47035890;0.000947444891817;146.796571954;154.376131088;0.809734773214;0.938104690290;2.04013948816;763.961599613;0.00932461924331;0.000150985665243;0.139547562984;liquid
253.450000000;8.00000000000;1055.25786771;0.000947635673324;146.897061338;154.478146725;0.810137320858;0.938061396297;2.04048608408;763.606090319;0.00972728219098;0.000150870014494;0.139489787540;liquid
253.500000000;8.00000000000;1055.04528075;0.000947826617721;146.997566766;154.580179708;0.810539857532;0.938018172319;2.04083336702;763.250503136;0.0101306114067;0.000150754450444;0.139432013114;liquid
253.550000000;8.00000000000;1054.83259787;0.000948017725299;147.098088271;154.682230073;0.810942383377;0.937975018532;2.04118133849;762.894837836;0.0105346083575;0.000150638972976;0.139374239694;liquid
253.600000000;8.00000000000;1054.61981889;0.000948208996352;147.198625883;154.784297854;0.811344898532;0.937931935116;2.04153000002;762.539094192;0.0109392745149;0.000150523581975;0.139316467266;liquid
253.650000000;8.00000000000;1054.40694366;0.000948400431175;147.299179635;154.886383084;0.811747403140;0.937888922250;2.04187935311;762.183271975;0.0113446113549;0.000150408277324;0.139258695818;liquid
253.700000000;8.00000000000;1054.19397202;0.000948592030064;147.399749560;154.988485800;0.812149897339;0.937845980114;2.04222939929;761.827370957;0.0117506203581;0.000150293058907;0.139200925337;liquid
253.750000000;8.00000000000;1053.98090381;0.000948783793313;147.500335689;155.090606036;0.812552381271;0.937803108887;2.04258014011;761.471390910;0.0121573030096;0.000150177926610;0.139143155811;liquid
253.800000000;8.00000000000;1053.76773888;0.000948975721220;147.600938056;155.192743826;0.812954855076;0.937760308753;2.04293157708;761.115331605;0.0125646607989;0.000150062880314;0.139085387226;liquid
253.850000000;8.00000000000;1053.55447705;0.000949167814084;147.701556693;155.294899205;0.813357318897;0.937717579892;2.04328371175;760.759192812;0.0129726952205;0.000149947919906;0.139027619570;liquid
253.900000000;8.00000000000;1053.34111817;0.000949360072201;147.802191631;155.397072209;0.813759772875;0.937674922488;2.04363654567;760.402974304;0.0133814077730;0.000149833045270;0.138969852830;liquid
253.950000000;8.00000000000;1053.12766208;0.000949552495872;147.902842905;155.499262872;0.814162217151;0.937632336724;2.04399008040;760.046675850;0.0137907999599;0.000149718256289;0.138912086994;liquid
254.000000000;8.00000000000;1052.91410861;0.000949745085396;148.003510545;155.601471229;0.814564651867;0.937589822784;2.04434431749;759.690297222;0.0142008732893;0.000149603552849;0.138854322048;liquid
254.050000000;8.00000000000;1052.70045761;0.000949937841074;148.104194586;155.703697315;0.814967077166;0.937547380854;2.04469925850;759.333838188;0.0146116292740;0.000149488934834;0.138796557979;liquid
254.100000000;8.00000000000;1052.48670891;0.000950130763209;148.204895060;155.805941166;0.815369493189;0.937505011118;2.04505490501;758.977298519;0.0150230694314;0.000149374402128;0.138738794775;liquid
254.150000000;8.00000000000;1052.27286234;0.000950323852102;148.305612000;155.908202817;0.815771900080;0.937462713764;2.04541125860;758.620677985;0.0154351952836;0.000149259954617;0.138681032422;liquid
254.200000000;8.00000000000;1052.05891774;0.000950517108057;148.406345439;156.010482304;0.816174297982;0.937420488979;2.04576832084;758.263976355;0.0158480083575;0.000149145592184;0.138623270909;liquid
254.250000000;8.00000000000;1051.84487496;0.000950710531378;148.507095410;156.112779661;0.816576687036;0.937378336949;2.04612609332;757.907193399;0.0162615101846;0.000149031314716;0.138565510220;liquid
254.300000000;8.00000000000;1051.63073382;0.000950904122370;148.607861946;156.215094925;0.816979067388;0.937336257865;2.04648457764;757.550328886;0.0166757023014;0.000148917122096;0.138507750345;liquid
254.350000000;8.00000000000;1051.41649416;0.000951097881339;148.708645080;156.317428131;0.817381439179;0.937294251914;2.04684377539;757.193382585;0.0170905862489;0.000148803014210;0.138449991269;liquid
254.400000000;8.00000000000;1051.20215582;0.000951291808591;148.809444846;156.419779314;0.817783802555;0.937252319287;2.04720368819;756.836354264;0.0175061635731;0.000148688990944;0.138392232979;liquid
254.450000000;8.00000000000;1050.98771862;0.000951485904433;148.910261276;156.522148512;0.818186157658;0.937210460175;2.04756431764;756.479243693;0.0179224358247;0.000148575052181;0.138334475464;liquid
254.500000000;8.00000000000;1050.77318241;0.000951680169175;149.011094405;156.624535758;0.818588504634;0.937168674767;2.04792566536;756.122050639;0.0183394045593;0.000148461197807;0.138276718708;liquid
254.550000000;8.00000000000;1050.55854702;0.000951874603124;149.111944265;156.726941090;0.818990843626;0.937126963257;2.04828773297;755.764774871;0.0187570713374;0.000148347427708;0.138218962700;liquid
254.600000000;8.00000000000;1050.34381227;0.000952069206592;149.212810891;156.829364544;0.819393174779;0.937085325836;2.04865052211;755.407416157;0.0191754377243;0.000148233741769;0.138161207426;liquid
254.650000000;8.00000000000;1050.12897801;0.000952263979888;149.313694315;156.931806154;0.819795498239;0.937043762698;2.04901403441;755.049974264;0.0195945052903;0.000148120139874;0.138103452873;liquid
254.700000000;8.00000000000;1049.91404407;0.000952458923325;149.414594572;157.034265959;0.820197814150;0.937002274037;2.04937827151;754.692448961;0.0200142756105;0.000148006621911;0.138045699027;liquid
254.750000000;8.00000000000;1049.69901028;0.000952654037215;149.515511696;157.136743994;0.820600122658;0.936960860047;2.04974323506;754.334840015;0.0204347502651;0.000147893187763;0.137987945876;liquid
254.800000000;8.00000000000;1049.48387646;0.000952849321871;149.616445720;157.239240295;0.821002423908;0.936919520923;2.05010892672;753.977147193;0.0208559308392;0.000147779837318;0.137930193407;liquid
254.850000000;8.00000000000;1049.26864246;0.000953044777607;149.717396678;157.341754899;0.821404718047;0.936878256861;2.05047534813;753.619370263;0.0212778189229;0.000147666570460;0.137872441605;liquid
254.900000000;8.00000000000;1049.05330809;0.000953240404738;149.818364604;157.444287842;0.821807005220;0.936837068057;2.05084250098;753.261508991;0.0217004161112;0.000147553387075;0.137814690459;liquid
254.950000000;8.00000000000;1048.83787320;0.000953436203581;149.919349532;157.546839161;0.822209285574;0.936795954708;2.05121038693;752.903563145;0.0221237240043;0.000147440287049;0.137756939953;liquid
255.000000000;8.00000000000;1048.62233762;0.000953632174452;150.020351497;157.649408893;0.822611559255;0.936754917012;2.05157900767;752.545532491;0.0225477442074;0.000147327270268;0.137699190076;liquid
255.050000000;8.00000000000;1048.40670116;0.000953828317669;150.121370533;157.751997074;0.823013826410;0.936713955166;2.05194836487;752.187416796;0.0229724783308;0.000147214336617;0.137641440813;liquid
255.100000000;8.00000000000;1048.19096366;0.000954024633550;150.222406673;157.854603741;0.823416087186;0.936673069370;2.05231846024;751.829215826;0.0233979279899;0.000147101485983;0.137583692152;liquid
255.150000000;8.00000000000;1047.97512496;0.000954221122414;150.323459953;157.957228932;0.823818341732;0.936632259824;2.05268929546;751.470929347;0.0238240948051;0.000146988718253;0.137525944079;liquid
255.200000000;8.00000000000;1047.75918487;0.000954417784582;150.424530407;158.059872683;0.824220590193;0.936591526726;2.05306087225;751.112557126;0.0242509804022;0.000146876033311;0.137468196580;liquid
255.250000000;8.00000000000;1047.54314323;0.000954614620376;150.525618069;158.162535032;0.824622832718;0.936550870277;2.05343319231;750.754098929;0.0246785864119;0.000146763431044;0.137410449642;liquid
255.300000000;8.00000000000;1047.32699986;0.000954811630116;150.626722974;158.265216015;0.825025069456;0.936510290679;2.05380625736;750.395554521;0.0251069144702;0.000146650911338;0.137352703252;liquid
255.350000000;8.00000000000;1047.11075459;0.000955008814125;150.727845157;158.367915670;0.825427300554;0.936469788134;2.05418006913;750.036923669;0.0255359662185;0.000146538474081;0.137294957395;liquid
255.400000000;8.00000000000;1046.89440725;0.000955206172729;150.828984653;158.470634034;0.825829526161;0.936429362843;2.05455462935;749.678206137;0.0259657433031;0.000146426119157;0.137237212059;liquid
255.450000000;8.00000000000;1046.67795766;0.000955403706250;150.930141495;158.573371145;0.826231746425;0.936389015010;2.05492993975;749.319401692;0.0263962473759;0.000146313846453;0.137179467230;liquid
255.500000000;8.00000000000;1046.46140565;0.000955601415016;151.031315721;158.676127041;0.826633961497;0.936348744837;2.05530600209;748.960510099;0.0268274800938;0.000146201655857;0.137121722894;liquid
255.550000000;8.00000000000;1046.24475105;0.000955799299352;151.132507363;158.778901758;0.827036171525;0.936308552529;2.05568281810;748.601531123;0.0272594431192;0.000146089547254;0.137063979038;liquid
255.600000000;8.00000000000;1046.02799367;0.000955997359586;151.233716459;158.881695335;0.827438376659;0.936268438290;2.05606038954;748.242464529;0.0276921381197;0.000145977520532;0.137006235648;liquid
255.650000000;8.00000000000;1045.81113335;0.000956195596045;151.334943041;158.984507810;0.827840577048;0.936228402326;2.05643871819;747.883310083;0.0281255667684;0.000145865575576;0.136948492710;liquid
255.700000000;8.00000000000;1045.59416990;0.000956394009060;151.436187147;159.087339220;0.828242772843;0.936188444841;2.05681780581;747.524067549;0.0285597307437;0.000145753712273;0.136890750211;liquid
255.750000000;8.00000000000;1045.37710315;0.000956592598960;151.537448811;159.190189603;0.828644964195;0.936148566042;2.05719765418;747.164736692;0.0289946317294;0.000145641930512;0.136833008136;liquid
255.800000000;8.00000000000;1045.15993293;0.000956791366077;151.638728069;159.293058998;0.829047151253;0.936108766135;2.05757826508;746.805317276;0.0294302714148;0.000145530230177;0.136775266473;liquid
255.850000000;8.00000000000;1044.94265906;0.000956990310741;151.740024956;159.395947442;0.829449334169;0.936069045328;2.05795964031;746.445809067;0.0298666514945;0.000145418611157;0.136717525208;liquid
255.900000000;8.00000000000;1044.72528135;0.000957189433287;151.841339508;159.498854975;0.829851513094;0.936029403827;2.05834178166;746.086211829;0.0303037736688;0.000145307073337;0.136659784325;liquid
255.950000000;8.00000000000;1044.50779964;0.000957388734048;151.942671761;159.601781633;0.830253688179;0.935989841842;2.05872469093;745.726525327;0.0307416396432;0.000145195616606;0.136602043813;liquid
256.000000000;8.00000000000;1044.29021374;0.000957588213359;152.044021750;159.704727457;0.830655859576;0.935950359580;2.05910836995;745.366749324;0.0311802511291;0.000145084240851;0.136544303656;liquid
256.050000000;8.00000000000;1044.07252347;0.000957787871554;152.145389511;159.807692483;0.831058027436;0.935910957250;2.05949282053;745.006883584;0.0316196098432;0.000144972945957;0.136486563842;liquid
256.100000000;8.00000000000;1043.85472865;0.000957987708972;152.246775080;159.910676752;0.831460191913;0.935871635063;2.05987804449;744.646927874;0.0320597175079;0.000144861731814;0.136428824356;liquid
256.150000000;8.00000000000;1043.63682911;0.000958187725950;152.348178493;160.013680301;0.831862353159;0.935832393227;2.06026404366;744.286881955;0.0325005758510;0.000144750598307;0.136371085183;liquid
256.200000000;8.00000000000;1043.41882466;0.000958387922825;152.449599786;160.116703169;0.832264511325;0.935793231954;2.06065081990;743.926745592;0.0329421866062;0.000144639545325;0.136313346311;liquid
256.250000000;8.00000000000;1043.20071512;0.000958588299937;152.551038996;160.219745395;0.832666666566;0.935754151454;2.06103837504;743.566518550;0.0333845515128;0.000144528572755;0.136255607726;liquid
256.300000000;8.00000000000;1042.98250031;0.000958788857628;152.652496158;160.322807019;0.833068819035;0.935715151939;2.06142671094;743.206200591;0.0338276723155;0.000144417680484;0.136197869412;liquid
256.350000000;8.00000000000;1042.76418005;0.000958989596237;152.753971310;160.425888080;0.833470968885;0.935676233620;2.06181582946;742.845791480;0.0342715507652;0.000144306868399;0.136140131356;liquid
256.400000000;8.00000000000;1042.54575416;0.000959190516108;152.855464487;160.528988615;0.833873116270;0.935637396709;2.06220573247;742.485290981;0.0347161886180;0.000144196136389;0.136082393545;liquid
256.450000000;8.00000000000;1042.32722245;0.000959391617584;152.956975725;160.632108666;0.834275261344;0.935598641419;2.06259642185;742.124698857;0.0351615876361;0.000144085484341;0.136024655964;liquid
256.500000000;8.00000000000;1042.10858474;0.000959592901009;153.058505063;160.735248271;0.834677404261;0.935559967964;2.06298789948;741.764014871;0.0356077495875;0.000143974912142;0.135966918598;liquid
256.550000000;8.00000000000;1041.88984085;0.000959794366728;153.160052535;160.838407469;0.835079545177;0.935521376555;2.06338016725;741.403238788;0.0360546762458;0.000143864419681;0.135909181434;liquid
256.600000000;8.00000000000;1041.67099059;0.000959996015087;153.261618180;160.941586301;0.835481684245;0.935482867408;2.06377322705;741.042370370;0.0365023693907;0.000143754006845;0.135851444458;liquid
256.650000000;8.00000000000;1041.45203378;0.000960197846433;153.363202034;161.044784805;0.835883821623;0.935444440736;2.06416708080;740.681409382;0.0369508308074;0.000143643673522;0.135793707654;liquid
256.700000000;8.00000000000;1041.23297023;0.000960399861116;153.464804133;161.148003022;0.836285957463;0.935406096754;2.06456173040;740.320355585;0.0374000622873;0.000143533419599;0.135735971010;liquid
256.750000000;8.00000000000;1041.01379976;0.000960602059483;153.566424516;161.251240991;0.836688091924;0.935367835676;2.06495717779;739.959208745;0.0378500656277;0.000143423244966;0.135678234511;liquid
256.800000000;8.00000000000;1040.79452218;0.000960804441885;153.668063218;161.354498753;0.837090225160;0.935329657719;2.06535342487;739.597968623;0.0383008426317;0.000143313149510;0.135620498142;liquid
256.850000000;8.00000000000;1040.57513730;0.000961007008673;153.769720278;161.457776347;0.837492357329;0.935291563097;2.06575047360;739.236634983;0.0387523951085;0.000143203133118;0.135562761889;liquid
256.900000000;8.00000000000;1040.35564495;0.000961209760199;153.871395732;161.561073814;0.837894488586;0.935253552027;2.06614832591;738.875207589;0.0392047248732;0.000143093195680;0.135505025738;liquid
256.950000000;8.00000000000;1040.13604492;0.000961412696816;153.973089619;161.664391193;0.838296619088;0.935215624725;2.06654698375;738.513686203;0.0396578337470;0.000142983337082;0.135447289674;liquid
257.000000000;8.00000000000;1039.91633703;0.000961615818878;154.074801975;161.767728526;0.838698748994;0.935177781408;2.06694644909;738.152070589;0.0401117235571;0.000142873557215;0.135389553683;liquid
257.050000000;8.00000000000;1039.69652110;0.000961819126741;154.176532838;161.871085852;0.839100878459;0.935140022292;2.06734672388;737.790360509;0.0405663961369;0.000142763855965;0.135331817751;liquid
257.100000000;8.00000000000;1039.47659693;0.000962022620760;154.278282246;161.974463212;0.839503007643;0.935102347595;2.06774781010;737.428555726;0.0410218533257;0.000142654233221;0.135274081863;liquid
257.150000000;8.00000000000;1039.25656434;0.000962226301294;154.380050236;162.077860646;0.839905136704;0.935064757535;2.06814970974;737.066656004;0.0414780969692;0.000142544688871;0.135216346004;liquid
257.200000000;8.00000000000;1039.03642313;0.000962430168699;154.481836847;162.181278196;0.840307265798;0.935027252329;2.06855242478;736.704661106;0.0419351289191;0.000142435222805;0.135158610160;liquid
257.250000000;8.00000000000;1038.81617312;0.000962634223335;154.583642116;162.284715902;0.840709395086;0.934989832196;2.06895595722;736.342570793;0.0423929510334;0.000142325834910;0.135100874317;liquid
257.300000000;8.00000000000;1038.59581411;0.000962838465562;154.685466081;162.388173806;0.841111524727;0.934952497354;2.06936030907;735.980384830;0.0428515651762;0.000142216525075;0.135043138459;liquid
257.350000000;8.00000000000;1038.37534592;0.000963042895742;154.787308781;162.491651947;0.841513654879;0.934915248022;2.06976548233;735.618102979;0.0433109732179;0.000142107293189;0.134985402573;liquid
257.400000000;8.00000000000;1038.15476834;0.000963247514237;154.889170254;162.595150368;0.841915785702;0.934878084419;2.07017147903;735.255725003;0.0437711770352;0.000141998139139;0.134927666643;liquid
257.450000000;8.00000000000;1037.93408120;0.000963452321410;154.991050537;162.698669109;0.842317917356;0.934841006764;2.07057830119;734.893250664;0.0442321785113;0.000141889062816;0.134869930655;liquid
257.500000000;8.00000000000;1037.71328429;0.000963657317625;155.092949670;162.802208211;0.842720050001;0.934804015277;2.07098595086;734.530679726;0.0446939795354;0.000141780064107;0.134812194594;liquid
257.550000000;8.00000000000;1037.49237742;0.000963862503249;155.194867691;162.905767717;0.843122183798;0.934767110177;2.07139443008;734.168011951;0.0451565820033;0.000141671142902;0.134754458446;liquid
257.600000000;8.00000000000;1037.27136040;0.000964067878647;155.296804639;163.009347668;0.843524318908;0.934730291685;2.07180374090;733.805247102;0.0456199878171;0.000141562299089;0.134696722195;liquid
257.650000000;8.00000000000;1037.05023303;0.000964273444187;155.398760552;163.112948105;0.843926455491;0.934693560020;2.07221388538;733.442384942;0.0460841988855;0.000141453532557;0.134638985827;liquid
257.700000000;8.00000000000;1036.82899512;0.000964479200237;155.500735469;163.216569071;0.844328593708;0.934656915404;2.07262486560;733.079425233;0.0465492171234;0.000141344843196;0.134581249327;liquid
257.750000000;8.00000000000;1036.60764648;0.000964685147168;155.602729429;163.320210606;0.844730733723;0.934620358057;2.07303668362;732.716367738;0.0470150444524;0.000141236230893;0.134523512680;liquid
257.800000000;8.00000000000;1036.38618690;0.000964891285350;155.704742470;163.423872753;0.845132875696;0.934583888199;2.07344934154;732.353212221;0.0474816828006;0.000141127695538;0.134465775871;liquid
257.850000000;8.00000000000;1036.16461620;0.000965097615155;155.806774633;163.527555554;0.845535019790;0.934547506053;2.07386284145;731.989958442;0.0479491341026;0.000141019237021;0.134408038886;liquid
257.900000000;8.00000000000;1035.94293417;0.000965304136955;155.908825956;163.631259051;0.845937166168;0.934511211838;2.07427718545;731.626606166;0.0484174002996;0.000140910855230;0.134350301708;liquid
257.950000000;8.00000000000;1035.72114061;0.000965510851125;156.010896478;163.734983287;0.846339314992;0.934475005776;2.07469237566;731.263155155;0.0488864833394;0.000140802550055;0.134292564324;liquid
258.000000000;8.00000000000;1035.49923534;0.000965717758040;156.112986239;163.838728303;0.846741466426;0.934438888090;2.07510841418;730.899605172;0.0493563851765;0.000140694321384;0.134234826718;liquid
258.050000000;8.00000000000;1035.27721814;0.000965924858076;156.215095278;163.942494142;0.847143620633;0.934402859000;2.07552530316;730.535955979;0.0498271077720;0.000140586169108;0.134177088876;liquid
258.100000000;8.00000000000;1035.05508882;0.000966132151609;156.317223635;164.046280848;0.847545777778;0.934366918729;2.07594304472;730.172207338;0.0502986530938;0.000140478093115;0.134119350781;liquid
258.150000000;8.00000000000;1034.83284719;0.000966339639020;156.419371349;164.150088461;0.847947938024;0.934331067499;2.07636164101;729.808359014;0.0507710231164;0.000140370093294;0.134061612419;liquid
258.200000000;8.00000000000;1034.61049304;0.000966547320686;156.521538460;164.253917026;0.848350101537;0.934295305531;2.07678109419;729.444410767;0.0512442198213;0.000140262169536;0.134003873776;liquid
258.250000000;8.00000000000;1034.38802617;0.000966755196988;156.623725009;164.357766585;0.848752268480;0.934259633049;2.07720140641;729.080362362;0.0517182451967;0.000140154321729;0.133946134834;liquid
258.300000000;8.00000000000;1034.16544638;0.000966963268309;156.725931034;164.461637181;0.849154439019;0.934224050273;2.07762257985;728.716213561;0.0521931012375;0.000140046549763;0.133888395580;liquid
258.350000000;8.00000000000;1033.94275346;0.000967171535031;156.828156577;164.565528857;0.849556613320;0.934188557428;2.07804461669;728.351964126;0.0526687899457;0.000139938853527;0.133830655999;liquid
258.400000000;8.00000000000;1033.71994722;0.000967379997538;156.930401677;164.669441657;0.849958791549;0.934153154735;2.07846751911;727.987613819;0.0531453133300;0.000139831232912;0.133772916074;liquid
258.450000000;8.00000000000;1033.49702746;0.000967588656214;157.032666374;164.773375624;0.850360973871;0.934117842418;2.07889128931;727.623162405;0.0536226734061;0.000139723687807;0.133715175790;liquid
258.500000000;8.00000000000;1033.27399396;0.000967797511447;157.134950709;164.877330800;0.850763160453;0.934082620698;2.07931592950;727.258609645;0.0541008721969;0.000139616218101;0.133657435133;liquid
258.550000000;8.00000000000;1033.05084653;0.000968006563623;157.237254722;164.981307231;0.851165351462;0.934047489799;2.07974144189;726.893955303;0.0545799117319;0.000139508823684;0.133599694086;liquid
258.600000000;8.00000000000;1032.82758496;0.000968215813130;157.339578454;165.085304959;0.851567547065;0.934012449944;2.08016782870;726.529199140;0.0550597940478;0.000139401504446;0.133541952635;liquid
258.650000000;8.00000000000;1032.60420905;0.000968425260360;157.441921946;165.189324029;0.851969747430;0.933977501356;2.08059509217;726.164340920;0.0555405211886;0.000139294260277;0.133484210763;liquid
258.700000000;8.00000000000;1032.38071859;0.000968634905701;157.544285237;165.293364483;0.852371952724;0.933942644257;2.08102323453;725.799380405;0.0560220952051;0.000139187091066;0.133426468456;liquid
258.750000000;8.00000000000;1032.15711337;0.000968844749546;157.646668370;165.397426367;0.852774163116;0.933907878871;2.08145225805;725.434317359;0.0565045181553;0.000139079996704;0.133368725698;liquid
258.800000000;8.00000000000;1031.93339320;0.000969054792289;157.749071385;165.501509724;0.853176378774;0.933873205421;2.08188216497;725.069151543;0.0569877921045;0.000138972977080;0.133310982473;liquid
258.850000000;8.00000000000;1031.70955785;0.000969265034323;157.851494323;165.605614598;0.853578599867;0.933838624129;2.08231295757;724.703882721;0.0574719191250;0.000138866032084;0.133253238765;liquid
258.900000000;8.00000000000;1031.48560713;0.000969475476043;157.953937226;165.709741034;0.853980826564;0.933804135220;2.08274463813;724.338510656;0.0579569012966;0.000138759161607;0.133195494560;liquid
258.950000000;8.00000000000;1031.26154082;0.000969686117847;158.056400134;165.813889077;0.854383059034;0.933769738915;2.08317720892;723.973035110;0.0584427407061;0.000138652365538;0.133137749840;liquid
259.000000000;8.00000000000;1031.03735872;0.000969896960131;158.158883089;165.918058770;0.854785297448;0.933735435439;2.08361067225;723.607455845;0.0589294394478;0.000138545643767;0.133080004592;liquid
259.050000000;8.00000000000;1030.81306061;0.000970108003296;158.261386132;166.022250159;0.855187541976;0.933701225014;2.08404503043;723.241772626;0.0594169996232;0.000138438996185;0.133022258798;liquid
259.100000000;8.00000000000;1030.58864629;0.000970319247741;158.363909306;166.126463288;0.855589792788;0.933667107863;2.08448028576;722.875985214;0.0599054233413;0.000138332422681;0.132964512444;liquid
259.150000000;8.00000000000;1030.36411555;0.000970530693867;158.466452651;166.230698202;0.855992050055;0.933633084210;2.08491644058;722.510093373;0.0603947127186;0.000138225923146;0.132906765513;liquid
259.200000000;8.00000000000;1030.13946817;0.000970742342077;158.569016210;166.334954947;0.856394313949;0.933599154277;2.08535349721;722.144096866;0.0608848698787;0.000138119497470;0.132849017989;liquid
259.250000000;8.00000000000;1029.91470395;0.000970954192774;158.671600025;166.439233567;0.856796584641;0.933565318287;2.08579145800;721.777995454;0.0613758969530;0.000138013145544;0.132791269857;liquid
259.300000000;8.00000000000;1029.68982267;0.000971166246364;158.774204137;166.543534108;0.857198862303;0.933531576464;2.08623032530;721.411788902;0.0618677960803;0.000137906867257;0.132733521100;liquid
259.350000000;8.00000000000;1029.46482412;0.000971378503253;158.876828589;166.647856615;0.857601147107;0.933497929030;2.08667010148;721.045476972;0.0623605694070;0.000137800662500;0.132675771704;liquid
259.400000000;8.00000000000;1029.23970808;0.000971590963847;158.979473422;166.752201133;0.858003439226;0.933464376207;2.08711078890;720.679059427;0.0628542190870;0.000137694531163;0.132618021650;liquid
259.450000000;8.00000000000;1029.01447434;0.000971803628556;159.082138680;166.856567709;0.858405738833;0.933430918220;2.08755238995;720.312536029;0.0633487472820;0.000137588473137;0.132560270925;liquid
259.500000000;8.00000000000;1028.78912269;0.000972016497789;159.184824405;166.960956388;0.858808046102;0.933397555289;2.08799490702;719.945906542;0.0638441561613;0.000137482488313;0.132502519511;liquid
259.550000000;8.00000000000;1028.56365291;0.000972229571957;159.287530639;167.065367215;0.859210361206;0.933364287638;2.08843834250;719.579170729;0.0643404479017;0.000137376576579;0.132444767393;liquid
259.600000000;8.00000000000;1028.33806479;0.000972442851473;159.390257425;167.169800237;0.859612684320;0.933331115489;2.08888269882;719.212328353;0.0648376246880;0.000137270737828;0.132387014554;liquid
259.650000000;8.00000000000;1028.11235810;0.000972656336750;159.493004806;167.274255500;0.860015015617;0.933298039065;2.08932797838;718.845379176;0.0653356887126;0.000137164971950;0.132329260978;liquid
259.700000000;8.00000000000;1027.88653264;0.000972870028203;159.595772825;167.378733050;0.860417355273;0.933265058587;2.08977418363;718.478322962;0.0658346421760;0.000137059278835;0.132271506650;liquid
259.750000000;8.00000000000;1027.66058818;0.000973083926247;159.698561524;167.483232934;0.860819703463;0.933232174278;2.09022131699;718.111159473;0.0663344872861;0.000136953658374;0.132213751552;liquid
259.800000000;8.00000000000;1027.43452451;0.000973298031301;159.801370947;167.587755198;0.861222060362;0.933199386360;2.09066938093;717.743888473;0.0668352262591;0.000136848110457;0.132155995668;liquid
259.850000000;8.00000000000;1027.20834141;0.000973512343782;159.904201137;167.692299888;0.861624426147;0.933166695054;2.09111837790;717.376509724;0.0673368613189;0.000136742634975;0.132098238982;liquid
259.900000000;8.00000000000;1026.98203866;0.000973726864111;160.007052138;167.796867051;0.862026800993;0.933134100582;2.09156831037;717.009022989;0.0678393946975;0.000136637231820;0.132040481479;liquid
259.950000000;8.00000000000;1026.75561603;0.000973941592708;160.109923993;167.901456734;0.862429185079;0.933101603166;2.09201918082;716.641428032;0.0683428286348;0.000136531900880;0.131982723140;liquid
260.000000000;8.00000000000;1026.52907331;0.000974156529995;160.212816745;168.006068985;0.862831578579;0.933069203026;2.09247099175;716.273724615;0.0688471653787;0.000136426642049;0.131924963951;liquid
260.050000000;8.00000000000;1026.30241028;0.000974371676398;160.315730438;168.110703849;0.863233981673;0.933036900384;2.09292374564;715.905912501;0.0693524071854;0.000136321455215;0.131867203894;liquid
260.100000000;8.00000000000;1026.07562672;0.000974587032339;160.418665116;168.215361375;0.863636394538;0.933004695461;2.09337744503;715.537991454;0.0698585563190;0.000136216340271;0.131809442952;liquid
260.150000000;8.00000000000;1025.84872240;0.000974802598246;160.521620824;168.320041610;0.864038817351;0.932972588478;2.09383209242;715.169961236;0.0703656150518;0.000136111297106;0.131751681110;liquid
260.200000000;8.00000000000;1025.62169709;0.000975018374547;160.624597604;168.424744600;0.864441250293;0.932940579656;2.09428769034;714.801821610;0.0708735856645;0.000136006325613;0.131693918351;liquid
260.250000000;8.00000000000;1025.39455059;0.000975234361669;160.727595501;168.529470394;0.864843693541;0.932908669214;2.09474424135;714.433572340;0.0713824704457;0.000135901425681;0.131636154658;liquid
260.300000000;8.00000000000;1025.16728265;0.000975450560043;160.830614560;168.634219040;0.865246147276;0.932876857372;2.09520174799;714.065213188;0.0718922716927;0.000135796597201;0.131578390014;liquid
260.350000000;8.00000000000;1024.93989306;0.000975666970101;160.933654824;168.738990585;0.865648611676;0.932845144352;2.09566021283;713.696743916;0.0724029917106;0.000135691840065;0.131520624403;liquid
260.400000000;8.00000000000;1024.71238160;0.000975883592275;161.036716339;168.843785078;0.866051086922;0.932813530372;2.09611963843;713.328164289;0.0729146328133;0.000135587154164;0.131462857808;liquid
260.450000000;8.00000000000;1024.48474802;0.000976100426999;161.139799149;168.948602565;0.866453573195;0.932782015652;2.09658002739;712.959474069;0.0734271973230;0.000135482539389;0.131405090212;liquid
260.500000000;8.00000000000;1024.25699212;0.000976317474709;161.242903299;169.053443096;0.866856070675;0.932750600411;2.09704138229;712.590673019;0.0739406875702;0.000135377995630;0.131347321598;liquid
260.550000000;8.00000000000;1024.02911366;0.000976534735842;161.346028833;169.158306720;0.867258579544;0.932719284868;2.09750370575;712.221760902;0.0744551058939;0.000135273522779;0.131289551949;liquid
260.600000000;8.00000000000;1023.80111241;0.000976752210836;161.449175796;169.263193483;0.867661099984;0.932688069243;2.09796700038;711.852737480;0.0749704546419;0.000135169120727;0.131231781249;liquid
260.650000000;8.00000000000;1023.57298814;0.000976969900130;161.552344235;169.368103436;0.868063632176;0.932656953752;2.09843126881;711.483602517;0.0754867361702;0.000135064789365;0.131174009481;liquid
260.700000000;8.00000000000;1023.34474063;0.000977187804165;161.655534193;169.473036626;0.868466176303;0.932625938616;2.09889651367;711.114355775;0.0760039528436;0.000134960528584;0.131116236627;liquid
260.750000000;8.00000000000;1023.11636964;0.000977405923383;161.758745716;169.577993103;0.868868732549;0.932595024051;2.09936273761;710.744997018;0.0765221070356;0.000134856338275;0.131058462670;liquid
260.800000000;8.00000000000;1022.88787495;0.000977624258228;161.861978851;169.682972916;0.869271301096;0.932564210276;2.09982994330;710.375526007;0.0770412011281;0.000134752218331;0.131000687594;liquid
260.850000000;8.00000000000;1022.65925632;0.000977842809144;161.965233641;169.787976114;0.869673882129;0.932533497508;2.10029813341;710.005942507;0.0775612375122;0.000134648168640;0.130942911381;liquid
260.900000000;8.00000000000;1022.43051352;0.000978061576579;162.068510134;169.893002746;0.870076475830;0.932502885963;2.10076731061;709.636246279;0.0780822185874;0.000134544189097;0.130885134014;liquid
260.950000000;8.00000000000;1022.20164632;0.000978280560980;162.171808374;169.998052862;0.870479082386;0.932472375859;2.10123747760;709.266437086;0.0786041467621;0.000134440279590;0.130827355476;liquid
261.000000000;8.00000000000;1021.97265449;0.000978499762796;162.275128408;170.103126510;0.870881701980;0.932441967412;2.10170863708;708.896514691;0.0791270244536;0.000134336440012;0.130769575749;liquid
261.050000000;8.00000000000;1021.74353778;0.000978719182477;162.378470282;170.208223742;0.871284334799;0.932411660838;2.10218079177;708.526478856;0.0796508540882;0.000134232670254;0.130711794817;liquid
261.100000000;8.00000000000;1021.51429598;0.000978938820475;162.481834042;170.313344606;0.871686981028;0.932381456354;2.10265394440;708.156329345;0.0801756381009;0.000134128970207;0.130654012662;liquid
261.150000000;8.00000000000;1021.28492883;0.000979158677244;162.585219735;170.418489153;0.872089640853;0.932351354174;2.10312809770;707.786065919;0.0807013789361;0.000134025339764;0.130596229266;liquid
261.200000000;8.00000000000;1021.05543611;0.000979378753238;162.688627407;170.523657433;0.872492314461;0.932321354514;2.10360325442;707.415688341;0.0812280790467;0.000133921778814;0.130538444612;liquid
261.250000000;8.00000000000;1020.82581757;0.000979599048914;162.792057104;170.628849495;0.872895002039;0.932291457589;2.10407941733;707.045196374;0.0817557408951;0.000133818287250;0.130480658683;liquid
261.300000000;8.00000000000;1020.59607299;0.000979819564729;162.895508874;170.734065391;0.873297703774;0.932261663613;2.10455658919;706.674589779;0.0822843669527;0.000133714864962;0.130422871461;liquid
261.350000000;8.00000000000;1020.36620212;0.000980040301142;162.998982762;170.839305171;0.873700419855;0.932231972800;2.10503477279;706.303868320;0.0828139597001;0.000133611511843;0.130365082928;liquid
261.400000000;8.00000000000;1020.13620472;0.000980261258614;163.102478817;170.944568886;0.874103150469;0.932202385365;2.10551397093;705.933031758;0.0833445216269;0.000133508227784;0.130307293068;liquid
261.450000000;8.00000000000;1019.90608056;0.000980482437606;163.205997084;171.049856585;0.874505895806;0.932172901521;2.10599418640;705.562079856;0.0838760552323;0.000133405012676;0.130249501861;liquid
261.500000000;8.00000000000;1019.67582940;0.000980703838582;163.309537613;171.155168321;0.874908656054;0.932143521480;2.10647542204;705.191012376;0.0844085630246;0.000133301866411;0.130191709291;liquid
261.550000000;8.00000000000;1019.44545099;0.000980925462007;163.413100448;171.260504144;0.875311431403;0.932114245456;2.10695768066;704.819829079;0.0849420475215;0.000133198788881;0.130133915341;liquid
261.600000000;8.00000000000;1019.21494509;0.000981147308346;163.516685640;171.365864106;0.875714222044;0.932085073661;2.10744096512;704.448529729;0.0854765112500;0.000133095779976;0.130076119991;liquid
261.650000000;8.00000000000;1018.98431146;0.000981369378069;163.620293234;171.471248258;0.876117028166;0.932056006307;2.10792527827;704.077114086;0.0860119567468;0.000132992839589;0.130018323224;liquid
261.700000000;8.00000000000;1018.75354986;0.000981591671643;163.723923278;171.576656651;0.876519849961;0.932027043605;2.10841062296;703.705581912;0.0865483865577;0.000132889967611;0.129960525023;liquid
261.750000000;8.00000000000;1018.52266004;0.000981814189540;163.827575821;171.682089338;0.876922687619;0.931998185767;2.10889700209;703.333932970;0.0870858032385;0.000132787163933;0.129902725369;liquid
261.800000000;8.00000000000;1018.29164177;0.000982036932232;163.931250911;171.787546369;0.877325541334;0.931969433003;2.10938441853;702.962167021;0.0876242093541;0.000132684428448;0.129844924244;liquid
261.850000000;8.00000000000;1018.06049479;0.000982259900192;164.034948595;171.893027797;0.877728411297;0.931940785524;2.10987287520;702.590283826;0.0881636074795;0.000132581761047;0.129787121631;liquid
261.900000000;8.00000000000;1017.82921886;0.000982483093897;164.138668923;171.998533674;0.878131297700;0.931912243540;2.11036237501;702.218283147;0.0887040001990;0.000132479161621;0.129729317512;liquid
261.950000000;8.00000000000;1017.59781373;0.000982706513822;164.242411941;172.104064052;0.878534200737;0.931883807260;2.11085292087;701.846164746;0.0892453901068;0.000132376630062;0.129671511867;liquid
262.000000000;8.00000000000;1017.36627915;0.000982930160446;164.346177700;172.209618983;0.878937120601;0.931855476894;2.11134451574;701.473928383;0.0897877798069;0.000132274166262;0.129613704680;liquid
262.050000000;8.00000000000;1017.13461489;0.000983154034248;164.449966247;172.315198521;0.879340057487;0.931827252650;2.11183716256;701.101573819;0.0903311719130;0.000132171770112;0.129555895932;liquid
262.100000000;8.00000000000;1016.90282068;0.000983378135710;164.553777631;172.420802717;0.879743011589;0.931799134736;2.11233086429;700.729100817;0.0908755690487;0.000132069441505;0.129498085604;liquid
262.150000000;8.00000000000;1016.67089628;0.000983602465315;164.657611902;172.526431625;0.880145983101;0.931771123361;2.11282562392;700.356509136;0.0914209738477;0.000131967180331;0.129440273679;liquid
262.200000000;8.00000000000;1016.43884145;0.000983827023547;164.761469109;172.632085297;0.880548972220;0.931743218732;2.11332144443;699.983798537;0.0919673889534;0.000131864986483;0.129382460137;liquid
262.250000000;8.00000000000;1016.20665592;0.000984051810893;164.865349300;172.737763787;0.880951979141;0.931715421056;2.11381832881;699.610968781;0.0925148170195;0.000131762859852;0.129324644962;liquid
262.300000000;8.00000000000;1015.97433945;0.000984276827839;164.969252525;172.843467148;0.881355004060;0.931687730539;2.11431628009;699.238019629;0.0930632607094;0.000131660800330;0.129266828133;liquid
262.350000000;8.00000000000;1015.74189179;0.000984502074874;165.073178834;172.949195433;0.881758047174;0.931660147387;2.11481530129;698.864950840;0.0936127226969;0.000131558807809;0.129209009633;liquid
262.400000000;8.00000000000;1015.50931267;0.000984727552490;165.177128276;173.054948696;0.882161108681;0.931632671807;2.11531539544;698.491762176;0.0941632056659;0.000131456882180;0.129151189443;liquid
262.450000000;8.00000000000;1015.27660186;0.000984953261178;165.281100901;173.160726990;0.882564188778;0.931605304003;2.11581656561;698.118453396;0.0947147123106;0.000131355023336;0.129093367545;liquid
262.500000000;8.00000000000;1015.04375909;0.000985179201433;165.385096759;173.266530370;0.882967287664;0.931578044180;2.11631881485;697.745024260;0.0952672453352;0.000131253231168;0.129035543920;liquid
262.550000000;8.00000000000;1014.81078411;0.000985405373750;165.489115900;173.372358890;0.883370405536;0.931550892543;2.11682214624;697.371474528;0.0958208074545;0.000131151505567;0.128977718549;liquid
262.600000000;8.00000000000;1014.57767666;0.000985631778625;165.593158374;173.478212603;0.883773542594;0.931523849295;2.11732656287;696.997803960;0.0963754013935;0.000131049846426;0.128919891413;liquid
262.650000000;8.00000000000;1014.34443649;0.000985858416557;165.697224232;173.584091564;0.884176699038;0.931496914640;2.11783206785;696.624012314;0.0969310298877;0.000130948253637;0.128862062494;liquid
262.700000000;8.00000000000;1014.11106333;0.000986085288048;165.801313524;173.689995828;0.884579875068;0.931470088781;2.11833866429;696.250099351;0.0974876956830;0.000130846727090;0.128804231773;liquid
262.750000000;8.00000000000;1013.87755694;0.000986312393597;165.905426300;173.795925449;0.884983070885;0.931443371919;2.11884635533;695.876064829;0.0980454015360;0.000130745266679;0.128746399231;liquid
262.800000000;8.00000000000;1013.64391705;0.000986539733710;166.009562612;173.901880482;0.885386286688;0.931416764258;2.11935514409;695.501908507;0.0986041502136;0.000130643872294;0.128688564849;liquid
262.850000000;8.00000000000;1013.41014340;0.000986767308890;166.113722511;174.007860982;0.885789522681;0.931390265998;2.11986503375;695.127630145;0.0991639444934;0.000130542543828;0.128630728608;liquid
262.900000000;8.00000000000;1013.17623572;0.000986995119645;166.217906047;174.113867004;0.886192779065;0.931363877340;2.12037602746;694.753229500;0.0997247871640;0.000130441281173;0.128572890489;liquid
262.950000000;8.00000000000;1012.94219377;0.000987223166484;166.322113271;174.219898603;0.886596056042;0.931337598486;2.12088812842;694.378706330;0.100286681024;0.000130340084220;0.128515050472;liquid
263.000000000;8.00000000000;1012.70801728;0.000987451449915;166.426344236;174.325955835;0.886999353815;0.931311429634;2.12140133982;694.004060395;0.100849628884;0.000130238952860;0.128457208540;liquid
263.050000000;8.00000000000;1012.47370597;0.000987679970452;166.530598992;174.432038756;0.887402672589;0.931285370985;2.12191566487;693.629291451;0.101413633565;0.000130137886987;0.128399364672;liquid
263.100000000;8.00000000000;1012.23925960;0.000987908728607;166.634877591;174.538147420;0.887806012566;0.931259422738;2.12243110679;693.254399257;0.101978697897;0.000130036886492;0.128341518850;liquid
263.150000000;8.00000000000;1012.00467790;0.000988137724896;166.739180086;174.644281885;0.888209373952;0.931233585090;2.12294766882;692.879383570;0.102544824724;0.000129935951266;0.128283671053;liquid
263.200000000;8.00000000000;1011.76996059;0.000988366959835;166.843506527;174.750442206;0.888612756951;0.931207858241;2.12346535421;692.504244148;0.103112016899;0.000129835081201;0.128225821263;liquid
263.250000000;8.00000000000;1011.53510742;0.000988596433943;166.947856968;174.856628439;0.889016161769;0.931182242388;2.12398416622;692.128980746;0.103680277287;0.000129734276190;0.128167969461;liquid
263.300000000;8.00000000000;1011.30011811;0.000988826147739;167.052231459;174.962840641;0.889419588612;0.931156737728;2.12450410814;691.753593122;0.104249608763;0.000129633536124;0.128110115626;liquid
263.350000000;8.00000000000;1011.06499240;0.000989056101747;167.156630055;175.069078869;0.889823037686;0.931131344457;2.12502518326;691.378081033;0.104820014214;0.000129532860895;0.128052259739;liquid
263.400000000;8.00000000000;1010.82973003;0.000989286296489;167.261052807;175.175343179;0.890226509198;0.931106062772;2.12554739488;691.002444235;0.105391496539;0.000129432250395;0.127994401781;liquid
263.450000000;8.00000000000;1010.59433071;0.000989516732491;167.365499767;175.281633627;0.890630003357;0.931080892868;2.12607074633;690.626682483;0.105964058647;0.000129331704515;0.127936541733;liquid
263.500000000;8.00000000000;1010.35879419;0.000989747410280;167.469970990;175.387950272;0.891033520369;0.931055834940;2.12659524093;690.250795534;0.106537703458;0.000129231223148;0.127878679573;liquid
263.550000000;8.00000000000;1010.12312018;0.000989978330384;167.574466527;175.494293170;0.891437060444;0.931030889183;2.12712088205;689.874783143;0.107112433906;0.000129130806185;0.127820815284;liquid
263.600000000;8.00000000000;1009.88730842;0.000990209493335;167.678986433;175.600662380;0.891840623790;0.931006055791;2.12764767303;689.498645065;0.107688252932;0.000129030453518;0.127762948844;liquid
263.650000000;8.00000000000;1009.65135864;0.000990440899664;167.783530760;175.707057957;0.892244210617;0.930981334958;2.12817561726;689.122381054;0.108265163493;0.000128930165039;0.127705080234;liquid
263.700000000;8.00000000000;1009.41527056;0.000990672549907;167.888099561;175.813479961;0.892647821136;0.930956726876;2.12870471814;688.745990866;0.108843168555;0.000128829940640;0.127647209434;liquid
263.750000000;8.00000000000;1009.17904391;0.000990904444597;167.992692891;175.919928448;0.893051455556;0.930932231738;2.12923497906;688.369474255;0.109422271096;0.000128729780213;0.127589336425;liquid
263.800000000;8.00000000000;1008.94267840;0.000991136584274;168.097310804;176.026403478;0.893455114089;0.930907849736;2.12976640346;687.992830975;0.110002474107;0.000128629683649;0.127531461186;liquid
263.850000000;8.00000000000;1008.70617377;0.000991368969477;168.201953352;176.132905108;0.893858796947;0.930883581062;2.13029899475;687.616060779;0.110583780588;0.000128529650840;0.127473583697;liquid
263.900000000;8.00000000000;1008.46952975;0.000991601600747;168.306620591;176.239433397;0.894262504342;0.930859425907;2.13083275641;687.239163421;0.111166193554;0.000128429681679;0.127415703938;liquid
263.950000000;8.00000000000;1008.23274604;0.000991834478627;168.411312574;176.345988403;0.894666236486;0.930835384461;2.13136769188;686.862138653;0.111749716030;0.000128329776056;0.127357821889;liquid
264.000000000;8.00000000000;1007.99582237;0.000992067603662;168.516029356;176.452570186;0.895069993594;0.930811456914;2.13190380466;686.484986229;0.112334351053;0.000128229933864;0.127299937529;liquid
264.050000000;8.00000000000;1007.75875847;0.000992300976398;168.620770992;176.559178803;0.895473775878;0.930787643456;2.13244109823;686.107705901;0.112920101673;0.000128130154995;0.127242050839;liquid
264.100000000;8.00000000000;1007.52155404;0.000992534597385;168.725537536;176.665814315;0.895877583553;0.930763944277;2.13297957611;685.730297420;0.113506970950;0.000128030439340;0.127184161798;liquid
264.150000000;8.00000000000;1007.28420882;0.000992768467172;168.830329043;176.772476781;0.896281416834;0.930740359563;2.13351924183;685.352760538;0.114094961958;0.000127930786790;0.127126270385;liquid
264.200000000;8.00000000000;1007.04672252;0.000993002586312;168.935145569;176.879166259;0.896685275937;0.930716889504;2.13406009891;684.975095007;0.114684077783;0.000127831197239;0.127068376580;liquid
264.250000000;8.00000000000;1006.80909485;0.000993236955359;169.039987168;176.985882811;0.897089161077;0.930693534288;2.13460215092;684.597300578;0.115274321521;0.000127731670577;0.127010480363;liquid
264.300000000;8.00000000000;1006.57132554;0.000993471574868;169.144853895;177.092626494;0.897493072471;0.930670294100;2.13514540143;684.219377000;0.115865696285;0.000127632206697;0.126952581713;liquid
264.350000000;8.00000000000;1006.33341429;0.000993706445399;169.249745808;177.199397371;0.897897010336;0.930647169128;2.13568985403;683.841324024;0.116458205195;0.000127532805489;0.126894680610;liquid
264.400000000;8.00000000000;1006.09536082;0.000993941567509;169.354662960;177.306195500;0.898300974891;0.930624159558;2.13623551231;683.463141400;0.117051851386;0.000127433466846;0.126836777032;liquid
264.450000000;8.00000000000;1005.85716485;0.000994176941762;169.459605408;177.413020942;0.898704966352;0.930601265574;2.13678237990;683.084828877;0.117646638007;0.000127334190660;0.126778870959;liquid
264.500000000;8.00000000000;1005.61882608;0.000994412568720;169.564573208;177.519873758;0.899108984939;0.930578487363;2.13733046043;682.706386204;0.118242568215;0.000127234976822;0.126720962370;liquid
264.550000000;8.00000000000;1005.38034424;0.000994648448950;169.669566417;177.626754008;0.899513030871;0.930555825109;2.13787975754;682.327813129;0.118839645185;0.000127135825223;0.126663051244;liquid
264.600000000;8.00000000000;1005.14171902;0.000994884583017;169.774585090;177.733661754;0.899917104369;0.930533278996;2.13843027490;681.949109400;0.119437872101;0.000127036735757;0.126605137560;liquid
264.650000000;8.00000000000;1004.90295014;0.000995120971492;169.879629284;177.840597056;0.900321205652;0.930510849207;2.13898201619;681.570274765;0.120037252160;0.000126937708313;0.126547221298;liquid
264.700000000;8.00000000000;1004.66403731;0.000995357614946;169.984699057;177.947559976;0.900725334942;0.930488535926;2.13953498510;681.191308971;0.120637788573;0.000126838742784;0.126489302436;liquid
264.750000000;8.00000000000;1004.42498024;0.000995594513952;170.089794464;178.054550575;0.901129492460;0.930466339334;2.14008918536;680.812211765;0.121239484564;0.000126739839062;0.126431380953;liquid
264.800000000;8.00000000000;1004.18577863;0.000995831669085;170.194915563;178.161568915;0.901533678429;0.930444259616;2.14064462068;680.432982893;0.121842343369;0.000126640997038;0.126373456828;liquid
264.850000000;8.00000000000;1003.94643218;0.000996069080922;170.300062411;178.268615058;0.901937893071;0.930422296951;2.14120129481;680.053622101;0.122446368237;0.000126542216603;0.126315530040;liquid
264.900000000;8.00000000000;1003.70694062;0.000996306750042;170.405235065;178.375689066;0.902342136610;0.930400451521;2.14175921152;679.674129134;0.123051562431;0.000126443497650;0.126257600567;liquid
264.950000000;8.00000000000;1003.46730363;0.000996544677026;170.510433584;178.482791000;0.902746409269;0.930378723507;2.14231837457;679.294503736;0.123657929225;0.000126344840069;0.126199668388;liquid
265.000000000;8.00000000000;1003.22752092;0.000996782862458;170.615658024;178.589920924;0.903150711274;0.930357113089;2.14287878777;678.914745653;0.124265471909;0.000126246243753;0.126141733482;liquid
265.050000000;8.00000000000;1002.98759220;0.000997021306922;170.720908444;178.697078900;0.903555042849;0.930335620448;2.14344045491;678.534854628;0.124874193784;0.000126147708593;0.126083795826;liquid
265.100000000;8.00000000000;1002.74751716;0.000997260011006;170.826184902;178.804264990;0.903959404221;0.930314245761;2.14400337984;678.154830404;0.125484098166;0.000126049234480;0.126025855401;liquid
265.150000000;8.00000000000;1002.50729551;0.000997498975297;170.931487456;178.911479259;0.904363795614;0.930292989208;2.14456756639;677.774672723;0.126095188382;0.000125950821307;0.125967912183;liquid
265.200000000;8.00000000000;1002.26692695;0.000997738200389;171.036816165;179.018721768;0.904768217257;0.930271850968;2.14513301841;677.394381330;0.126707467776;0.000125852468963;0.125909966151;liquid
265.250000000;8.00000000000;1002.02641116;0.000997977686873;171.142171087;179.125992582;0.905172669377;0.930250831219;2.14569973980;677.013955964;0.127320939703;0.000125754177341;0.125852017284;liquid
265.300000000;8.00000000000;1001.78574787;0.000998217435345;171.247552280;179.233291763;0.905577152202;0.930229930137;2.14626773444;676.633396367;0.127935607530;0.000125655946333;0.125794065559;liquid
265.350000000;8.00000000000;1001.54493675;0.000998457446402;171.352959805;179.340619376;0.905981665961;0.930209147901;2.14683700624;676.252702279;0.128551474643;0.000125557775829;0.125736110956;liquid
265.400000000;8.00000000000;1001.30397750;0.000998697720644;171.458393720;179.447975485;0.906386210883;0.930188484686;2.14740755912;675.871873442;0.129168544436;0.000125459665722;0.125678153451;liquid
265.450000000;8.00000000000;1001.06286982;0.000998938258671;171.563854084;179.555360154;0.906790787198;0.930167940670;2.14797939705;675.490909593;0.129786820320;0.000125361615901;0.125620193022;liquid
265.500000000;8.00000000000;1000.82161341;0.000999179061088;171.669340958;179.662773446;0.907195395137;0.930147516027;2.14855252397;675.109810473;0.130406305719;0.000125263626260;0.125562229649;liquid
265.550000000;8.00000000000;1000.58020795;0.000999420128500;171.774854400;179.770215428;0.907600034930;0.930127210933;2.14912694387;674.728575819;0.131027004072;0.000125165696688;0.125504263308;liquid
265.600000000;8.00000000000;1000.33865313;0.000999661461515;171.880394470;179.877686162;0.908004706810;0.930107025563;2.14970266074;674.347205368;0.131648918830;0.000125067827078;0.125446293978;liquid
265.650000000;8.00000000000;1000.09694866;0.000999903060742;171.985961229;179.985185715;0.908409411010;0.930086960092;2.15027967860;673.965698859;0.132272053460;0.000124970017321;0.125388321636;liquid
265.700000000;8.00000000000;999.855094208;0.00100014492679;172.091554738;180.092714152;0.908814147761;0.930067014693;2.15085800148;673.584056028;0.132896411441;0.000124872267307;0.125330346260;liquid
265.750000000;8.00000000000;999.613089475;0.00100038706028;172.197175055;180.200271537;0.909218917298;0.930047189541;2.15143763342;673.202276609;0.133521996268;0.000124774576929;0.125272367827;liquid
265.800000000;8.00000000000;999.370934145;0.00100062946183;172.302822243;180.307857937;0.909623719856;0.930027484809;2.15201857851;672.820360339;0.134148811451;0.000124676946076;0.125214386315;liquid
265.850000000;8.00000000000;999.128627906;0.00100087213205;172.408496361;180.415473417;0.910028555668;0.930007900669;2.15260084082;672.438306952;0.134776860512;0.000124579374641;0.125156401701;liquid
265.900000000;8.00000000000;998.886170442;0.00100111507156;172.514197471;180.523118043;0.910433424971;0.929988437295;2.15318442446;672.056116182;0.135406146988;0.000124481862515;0.125098413963;liquid
265.950000000;8.00000000000;998.643561439;0.00100135828099;172.619925634;180.630791882;0.910838328001;0.929969094859;2.15376933354;671.673787762;0.136036674433;0.000124384409588;0.125040423078;liquid
266.000000000;8.00000000000;998.400800580;0.00100160176096;172.725680911;180.738494999;0.911243264995;0.929949873531;2.15435557221;671.291321425;0.136668446412;0.000124287015752;0.124982429024;liquid
266.050000000;8.00000000000;998.157887547;0.00100184551209;172.831463364;180.846227461;0.911648236190;0.929930773485;2.15494314463;670.908716902;0.137301466508;0.000124189680898;0.124924431777;liquid
266.100000000;8.00000000000;997.914822023;0.00100208953503;172.937273055;180.953989336;0.912053241825;0.929911794890;2.15553205498;670.525973924;0.137935738315;0.000124092404916;0.124866431315;liquid
266.150000000;8.00000000000;997.671603687;0.00100233383040;173.043110046;181.061780689;0.912458282138;0.929892937919;2.15612230744;670.143092223;0.138571265446;0.000123995187698;0.124808427615;liquid
266.200000000;8.00000000000;997.428232218;0.00100257839882;173.148974398;181.169601589;0.912863357369;0.929874202740;2.15671390623;669.760071527;0.139208051526;0.000123898029135;0.124750420653;liquid
266.250000000;8.00000000000;997.184707296;0.00100282324095;173.254866175;181.277452102;0.913268467758;0.929855589524;2.15730685558;669.376911566;0.139846100195;0.000123800929117;0.124692410406;liquid
266.300000000;8.00000000000;996.941028598;0.00100306835742;173.360785438;181.385332297;0.913673613546;0.929837098442;2.15790115976;668.993612068;0.140485415110;0.000123703887536;0.124634396853;liquid
266.350000000;8.00000000000;996.697195799;0.00100331374886;173.466732250;181.493242241;0.914078794973;0.929818729661;2.15849682301;668.610172761;0.141125999942;0.000123606904282;0.124576379968;liquid
266.400000000;8.00000000000;996.453208576;0.00100355941593;173.572706674;181.601182002;0.914484012283;0.929800483352;2.15909384964;668.226593370;0.141767858376;0.000123509979246;0.124518359729;liquid
266.450000000;8.00000000000;996.209066601;0.00100380535926;173.678708774;181.709151649;0.914889265719;0.929782359684;2.15969224395;667.842873623;0.142410994115;0.000123413112319;0.124460336113;liquid
266.500000000;8.00000000000;995.964769548;0.00100405157951;173.784738613;181.817151249;0.915294555522;0.929764358824;2.16029201027;667.459013245;0.143055410875;0.000123316303391;0.124402309096;liquid
266.550000000;8.00000000000;995.720317089;0.00100429807732;173.890796254;181.925180873;0.915699881939;0.929746480942;2.16089315295;667.075011959;0.143701112388;0.000123219552354;0.124344278654;liquid
266.600000000;8.00000000000;995.475708896;0.00100454485334;173.996881761;182.033240587;0.916105245213;0.929728726204;2.16149567635;666.690869490;0.144348102402;0.000123122859098;0.124286244765;liquid
266.650000000;8.00000000000;995.230944636;0.00100479190824;174.102995197;182.141330463;0.916510645591;0.929711094779;2.16209958485;666.306585560;0.144996384681;0.000123026223513;0.124228207403;liquid
266.700000000;8.00000000000;994.986023980;0.00100503924266;174.209136628;182.249450569;0.916916083317;0.929693586834;2.16270488287;665.922159892;0.145645963003;0.000122929645491;0.124170166546;liquid
266.750000000;8.00000000000;994.740946594;0.00100528685727;174.315306117;182.357600975;0.917321558640;0.929676202537;2.16331157482;665.537592206;0.146296841163;0.000122833124921;0.124112122170;liquid
266.800000000;8.00000000000;994.495712146;0.00100553475273;174.421503728;182.465781750;0.917727071806;0.929658942053;2.16391966515;665.152882223;0.146949022973;0.000122736661694;0.124054074250;liquid
266.850000000;8.00000000000;994.250320300;0.00100578292969;174.527729527;182.573992965;0.918132623065;0.929641805551;2.16452915833;664.768029662;0.147602512258;0.000122640255701;0.123996022764;liquid
266.900000000;8.00000000000;994.004770721;0.00100603138884;174.633983578;182.682234689;0.918538212665;0.929624793196;2.16514005883;664.383034242;0.148257312861;0.000122543906833;0.123937967686;liquid
266.950000000;8.00000000000;993.759063071;0.00100628013083;174.740265947;182.790506994;0.918943840855;0.929607905154;2.16575237117;663.997895682;0.148913428641;0.000122447614978;0.123879908993;liquid
267.000000000;8.00000000000;993.513197013;0.00100652915634;174.846576699;182.898809950;0.919349507886;0.929591141592;2.16636609987;663.612613697;0.149570863473;0.000122351380029;0.123821846660;liquid
267.050000000;8.00000000000;993.267172207;0.00100677846604;174.952915899;183.007143628;0.919755214010;0.929574502676;2.16698124947;663.227188003;0.150229621248;0.000122255201874;0.123763780664;liquid
267.100000000;8.00000000000;993.020988314;0.00100702806060;175.059283614;183.115508099;0.920160959477;0.929557988571;2.16759782454;662.841618317;0.150889705873;0.000122159080405;0.123705710980;liquid
267.150000000;8.00000000000;992.774644991;0.00100727794071;175.165679908;183.223903434;0.920566744541;0.929541599442;2.16821582967;662.455904352;0.151551121272;0.000122063015512;0.123647637583;liquid
267.200000000;8.00000000000;992.528141895;0.00100752810705;175.272104849;183.332329706;0.920972569455;0.929525335455;2.16883526945;662.070045821;0.152213871387;0.000121967007084;0.123589560449;liquid
267.250000000;8.00000000000;992.281478684;0.00100777856030;175.378558503;183.440786985;0.921378434473;0.929509196775;2.16945614853;661.684042436;0.152877960173;0.000121871055012;0.123531479553;liquid
267.300000000;8.00000000000;992.034655012;0.00100802930114;175.485040935;183.549275344;0.921784339848;0.929493183568;2.17007847155;661.297893910;0.153543391604;0.000121775159186;0.123473394872;liquid
267.350000000;8.00000000000;991.787670533;0.00100828033027;175.591552214;183.657794856;0.922190285838;0.929477295997;2.17070224317;660.911599952;0.154210169672;0.000121679319496;0.123415306379;liquid
267.400000000;8.00000000000;991.540524900;0.00100853164837;175.698092406;183.766345593;0.922596272697;0.929461534228;2.17132746809;660.525160273;0.154878298383;0.000121583535832;0.123357214050;liquid
267.450000000;8.00000000000;991.293217763;0.00100878325614;175.804661578;183.874927627;0.923002300684;0.929445898426;2.17195415103;660.138574580;0.155547781762;0.000121487808084;0.123299117861;liquid
267.500000000;8.00000000000;991.045748775;0.00100903515427;175.911259798;183.983541032;0.923408370054;0.929430388754;2.17258229670;659.751842581;0.156218623850;0.000121392136141;0.123241017787;liquid
267.550000000;8.00000000000;990.798117582;0.00100928734346;176.017887134;184.092185881;0.923814481068;0.929415005378;2.17321190988;659.364963982;0.156890828705;0.000121296519894;0.123182913801;liquid
267.600000000;8.00000000000;990.550323834;0.00100953982442;176.124543653;184.200862248;0.924220633983;0.929399748462;2.17384299533;658.977938490;0.157564400404;0.000121200959232;0.123124805880;liquid
267.650000000;8.00000000000;990.302367178;0.00100979259784;176.231229423;184.309570206;0.924626829060;0.929384618169;2.17447555786;658.590765809;0.158239343040;0.000121105454046;0.123066693998;liquid
267.700000000;8.00000000000;990.054247258;0.00101004566444;176.337944513;184.418309828;0.925033066559;0.929369614665;2.17510960228;658.203445641;0.158915660722;0.000121010004224;0.123008578130;liquid
267.750000000;8.00000000000;989.805963719;0.00101029902491;176.444688991;184.527081191;0.925439346742;0.929354738114;2.17574513343;657.815977691;0.159593357580;0.000120914609656;0.122950458250;liquid
267.800000000;8.00000000000;989.557516204;0.00101055267999;176.551462927;184.635884367;0.925845669871;0.929339988680;2.17638215619;657.428361658;0.160272437758;0.000120819270232;0.122892334333;liquid
267.850000000;8.00000000000;989.308904355;0.00101080663036;176.658266388;184.744719431;0.926252036209;0.929325366526;2.17702067543;657.040597244;0.160952905420;0.000120723985842;0.122834206353;liquid
267.900000000;8.00000000000;989.060127813;0.00101106087677;176.765099445;184.853586459;0.926658446019;0.929310871818;2.17766069608;656.652684148;0.161634764747;0.000120628756374;0.122776074285;liquid
267.950000000;8.00000000000;988.811186216;0.00101131541991;176.871962167;184.962485526;0.927064899565;0.929296504719;2.17830222305;656.264622067;0.162318019937;0.000120533581719;0.122717938104;liquid
268.000000000;8.00000000000;988.562079204;0.00101157026052;176.978854623;185.071416707;0.927471397114;0.929282265394;2.17894526130;655.876410699;0.163002675208;0.000120438461765;0.122659797782;liquid
268.050000000;8.00000000000;988.312806412;0.00101182539932;177.085776883;185.180380077;0.927877938931;0.929268154006;2.17958981581;655.488049741;0.163688734795;0.000120343396402;0.122601653296;liquid
268.100000000;8.00000000000;988.063367477;0.00101208083703;177.192729017;185.289375714;0.928284525282;0.929254170721;2.18023589158;655.099538886;0.164376202951;0.000120248385520;0.122543504618;liquid
268.150000000;8.00000000000;987.813762033;0.00101233657440;177.299711097;185.398403692;0.928691156436;0.929240315703;2.18088349363;654.710877828;0.165065083946;0.000120153429006;0.122485351722;liquid
268.200000000;8.00000000000;987.563989713;0.00101259261214;177.406723191;185.507464089;0.929097832660;0.929226589116;2.18153262701;654.322066261;0.165755382072;0.000120058526751;0.122427194583;liquid
268.250000000;8.00000000000;987.314050148;0.00101284895100;177.513765372;185.616556980;0.929504554224;0.929212991124;2.18218329679;653.933103876;0.166447101636;0.000119963678643;0.122369033174;liquid
268.300000000;8.00000000000;987.063942970;0.00101310559171;177.620837710;185.725682444;0.929911321398;0.929199521892;2.18283550806;653.543990362;0.167140246964;0.000119868884572;0.122310867469;liquid
268.350000000;8.00000000000;986.813667808;0.00101336253502;177.727940277;185.834840557;0.930318134452;0.929186181586;2.18348926593;653.154725409;0.167834822403;0.000119774144426;0.122252697441;liquid
268.400000000;8.00000000000;986.563224288;0.00101361978166;177.835073143;185.944031396;0.930724993658;0.929172970370;2.18414457556;652.765308706;0.168530832316;0.000119679458094;0.122194523065;liquid
268.450000000;8.00000000000;986.312612039;0.00101387733239;177.942236381;186.053255040;0.931131899288;0.929159888409;2.18480144209;652.375739938;0.169228281086;0.000119584825465;0.122136344314;liquid
268.500000000;8.00000000000;986.061830686;0.00101413518796;178.049430063;186.162511567;0.931538851615;0.929146935868;2.18545987072;651.986018792;0.169927173116;0.000119490246428;0.122078161160;liquid
268.550000000;8.00000000000;985.810879852;0.00101439334911;178.156654261;186.271801054;0.931945850914;0.929134112914;2.18611986666;651.596144951;0.170627512826;0.000119395720871;0.122019973578;liquid
268.600000000;8.00000000000;985.559759160;0.00101465181660;178.263909047;186.381123579;0.932352897459;0.929121419711;2.18678143515;651.206118099;0.171329304657;0.000119301248684;0.121961781541;liquid
268.650000000;8.00000000000;985.308468232;0.00101491059119;178.371194494;186.490479223;0.932759991525;0.929108856425;2.18744458145;650.815937917;0.172032553068;0.000119206829754;0.121903585021;liquid
268.700000000;8.00000000000;985.057006687;0.00101516967364;178.478510675;186.599868064;0.933167133390;0.929096423222;2.18810931085;650.425604087;0.172737262538;0.000119112463969;0.121845383991;liquid
268.750000000;8.00000000000;984.805374144;0.00101542906472;178.585857663;186.709290181;0.933574323330;0.929084120270;2.18877562864;650.035116287;0.173443437565;0.000119018151220;0.121787178426;liquid
268.800000000;8.00000000000;984.553570222;0.00101568876519;178.693235532;186.818745653;0.933981561624;0.929071947734;2.18944354018;649.644474197;0.174151082667;0.000118923891393;0.121728968297;liquid
268.850000000;8.00000000000;984.301594535;0.00101594877581;178.800644355;186.928234562;0.934388848550;0.929059905781;2.19011305081;649.253677491;0.174860202382;0.000118829684377;0.121670753577;liquid
268.900000000;8.00000000000;984.049446698;0.00101620909737;178.908084206;187.037756985;0.934796184388;0.929047994579;2.19078416593;648.862725847;0.175570801266;0.000118735530060;0.121612534239;liquid
268.950000000;8.00000000000;983.797126325;0.00101646973064;179.015555160;187.147313005;0.935203569419;0.929036214294;2.19145689094;648.471618937;0.176282883898;0.000118641428331;0.121554310256;liquid
269.000000000;8.00000000000;983.544633028;0.00101673067639;179.123057290;187.256902701;0.935611003925;0.929024565096;2.19213123129;648.080356436;0.176996454874;0.000118547379077;0.121496081599;liquid
269.050000000;8.00000000000;983.291966416;0.00101699193541;179.230590672;187.366526155;0.936018488187;0.929013047152;2.19280719243;647.688938015;0.177711518812;0.000118453382186;0.121437848243;liquid
269.100000000;8.00000000000;983.039126100;0.00101725350848;179.338155380;187.476183448;0.936426022489;0.929001660630;2.19348477984;647.297363343;0.178428080350;0.000118359437547;0.121379610157;liquid
269.150000000;8.00000000000;982.786111687;0.00101751539639;179.445751489;187.585874660;0.936833607115;0.928990405699;2.19416399906;646.905632090;0.179146144145;0.000118265545046;0.121321367316;liquid
269.200000000;8.00000000000;982.532922783;0.00101777759993;179.553379075;187.695599875;0.937241242349;0.928979282530;2.19484485560;646.513743923;0.179865714876;0.000118171704573;0.121263119691;liquid
269.250000000;8.00000000000;982.279558994;0.00101804011989;179.661038214;187.805359173;0.937648928479;0.928968291291;2.19552735504;646.121698508;0.180586797241;0.000118077916014;0.121204867255;liquid
269.300000000;8.00000000000;982.026019922;0.00101830295706;179.768728981;187.915152638;0.938056665790;0.928957432152;2.19621150298;645.729495511;0.181309395961;0.000117984179258;0.121146609978;liquid
269.350000000;8.00000000000;981.772305170;0.00101856611226;179.876451453;188.024980351;0.938464454569;0.928946705285;2.19689730502;645.337134594;0.182033515775;0.000117890494191;0.121088347833;liquid
269.400000000;8.00000000000;981.518414339;0.00101882958627;179.984205706;188.134842396;0.938872295106;0.928936110861;2.19758476682;644.944615419;0.182759161446;0.000117796860701;0.121030080792;liquid
269.450000000;8.00000000000;981.264347028;0.00101909337991;180.091991816;188.244738856;0.939280187690;0.928925649051;2.19827389405;644.551937647;0.183486337755;0.000117703278676;0.120971808827;liquid
269.500000000;8.00000000000;981.010102834;0.00101935749399;180.199809861;188.354669813;0.939688132610;0.928915320027;2.19896469241;644.159100936;0.184215049505;0.000117609748003;0.120913531908;liquid
269.550000000;8.00000000000;980.755681355;0.00101962192931;180.307659918;188.464635353;0.940096130159;0.928905123962;2.19965716762;643.766104946;0.184945301523;0.000117516268568;0.120855250008;liquid
269.600000000;8.00000000000;980.501082184;0.00101988668669;180.415542065;188.574635558;0.940504180628;0.928895061030;2.20035132544;643.372949331;0.185677098652;0.000117422840260;0.120796963098;liquid
269.650000000;8.00000000000;980.246304916;0.00102015176694;180.523456378;188.684670513;0.940912284309;0.928885131403;2.20104717165;642.979633746;0.186410445762;0.000117329462965;0.120738671149;liquid
269.700000000;8.00000000000;979.991349142;0.00102041717090;180.631402936;188.794740303;0.941320441498;0.928875335256;2.20174471207;642.586157845;0.187145347741;0.000117236136570;0.120680374132;liquid
269.750000000;8.00000000000;979.736214453;0.00102068289938;180.739381818;188.904845013;0.941728652488;0.928865672765;2.20244395252;642.192521280;0.187881809500;0.000117142860963;0.120622072019;liquid
269.800000000;8.00000000000;979.480900438;0.00102094895322;180.847393101;189.014984727;0.942136917575;0.928856144106;2.20314489888;641.798723700;0.188619835972;0.000117049636029;0.120563764780;liquid
269.850000000;8.00000000000;979.225406684;0.00102121533324;180.955436865;189.125159531;0.942545237056;0.928846749453;2.20384755703;641.404764754;0.189359432111;0.000116956461655;0.120505452386;liquid
269.900000000;8.00000000000;978.969732777;0.00102148204027;181.063513189;189.235369511;0.942953611229;0.928837488984;2.20455193291;641.010644090;0.190100602895;0.000116863337729;0.120447134809;liquid
269.950000000;8.00000000000;978.713878303;0.00102174907516;181.171622152;189.345614753;0.943362040392;0.928828362878;2.20525803246;640.616361353;0.190843353321;0.000116770264137;0.120388812018;liquid
270.000000000;8.00000000000;978.457842843;0.00102201643874;181.279763834;189.455895344;0.943770524844;0.928819371312;2.20596586166;640.221916187;0.191587688413;0.000116677240765;0.120330483985;liquid
270.050000000;8.00000000000;978.201625979;0.00102228413186;181.387938314;189.566211368;0.944179064885;0.928810514465;2.20667542653;639.827308236;0.192333613212;0.000116584267499;0.120272150680;liquid
270.100000000;8.00000000000;977.945227292;0.00102255215537;181.496145672;189.676562915;0.944587660818;0.928801792518;2.20738673310;639.432537139;0.193081132786;0.000116491344226;0.120213812074;liquid
270.150000000;8.00000000000;977.688646360;0.00102282051011;181.604385990;189.786950071;0.944996312944;0.928793205650;2.20809978744;639.037602537;0.193830252223;0.000116398470832;0.120155468135;liquid
270.200000000;8.00000000000;977.431882759;0.00102308919695;181.712659348;189.897372923;0.945405021566;0.928784754044;2.20881459564;638.642504067;0.194580976636;0.000116305647203;0.120097118836;liquid
270.250000000;8.00000000000;977.174936064;0.00102335821673;181.820965826;190.007831560;0.945813786989;0.928776437882;2.20953116384;638.247241365;0.195333311159;0.000116212873226;0.120038764146;liquid
270.300000000;8.00000000000;976.917805850;0.00102362757031;181.929305506;190.118326069;0.946222609517;0.928768257347;2.21024949819;637.851814066;0.196087260950;0.000116120148785;0.119980404035;liquid
270.350000000;8.00000000000;976.660491689;0.00102389725858;182.037678471;190.228856539;0.946631489458;0.928760212623;2.21096960489;637.456221803;0.196842831191;0.000116027473767;0.119922038473;liquid
270.400000000;8.00000000000;976.402993151;0.00102416728238;182.146084800;190.339423059;0.947040427118;0.928752303894;2.21169149014;637.060464207;0.197600027085;0.000115934848057;0.119863667430;liquid
270.450000000;8.00000000000;976.145309806;0.00102443764259;182.254524577;190.450025718;0.947449422804;0.928744531347;2.21241516020;636.664540908;0.198358853862;0.000115842271542;0.119805290875;liquid
270.500000000;8.00000000000;975.887441219;0.00102470834008;182.362997884;190.560664605;0.947858476827;0.928736895169;2.21314062134;636.268451535;0.199119316772;0.000115749744106;0.119746908778;liquid
270.550000000;8.00000000000;975.629386959;0.00102497937574;182.471504804;190.671339810;0.948267589496;0.928729395547;2.21386787988;635.872195712;0.199881421090;0.000115657265636;0.119688521108;liquid
270.600000000;8.00000000000;975.371146588;0.00102525075044;182.580045420;190.782051423;0.948676761122;0.928722032669;2.21459694216;635.475773066;0.200645172117;0.000115564836015;0.119630127836;liquid
270.650000000;8.00000000000;975.112719669;0.00102552246507;182.688619814;190.892799534;0.949085992018;0.928714806727;2.21532781456;635.079183219;0.201410575175;0.000115472455131;0.119571728930;liquid
270.700000000;8.00000000000;974.854105763;0.00102579452052;182.797228071;191.003584235;0.949495282496;0.928707717910;2.21606050347;634.682425792;0.202177635612;0.000115380122867;0.119513324359;liquid
270.750000000;8.00000000000;974.595304429;0.00102606691768;182.905870274;191.114405615;0.949904632870;0.928700766410;2.21679501534;634.285500405;0.202946358800;0.000115287839109;0.119454914093;liquid
270.800000000;8.00000000000;974.336315226;0.00102633965744;183.014546507;191.225263767;0.950314043456;0.928693952421;2.21753135663;633.888406675;0.203716750134;0.000115195603741;0.119396498100;liquid
270.850000000;8.00000000000;974.077137709;0.00102661274070;183.123256856;191.336158781;0.950723514570;0.928687276136;2.21826953385;633.491144219;0.204488815036;0.000115103416649;0.119338076349;liquid
270.900000000;8.00000000000;973.817771432;0.00102688616837;183.232001404;191.447090751;0.951133046528;0.928680737751;2.21900955352;633.093712652;0.205262558951;0.000115011277717;0.119279648810;liquid
270.950000000;8.00000000000;973.558215948;0.00102715994136;183.340780237;191.558059768;0.951542639650;0.928674337462;2.21975142223;632.696111584;0.206037987349;0.000114919186830;0.119221215450;liquid
271.000000000;8.00000000000;973.298470808;0.00102743406056;183.449593440;191.669065924;0.951952294253;0.928668075467;2.22049514655;632.298340629;0.206815105726;0.000114827143872;0.119162776239;liquid
271.050000000;8.00000000000;973.038535562;0.00102770852690;183.558441098;191.780109313;0.952362010659;0.928661951964;2.22124073314;631.900399393;0.207593919602;0.000114735148728;0.119104331144;liquid
271.100000000;8.00000000000;972.778409756;0.00102798334129;183.667323298;191.891190029;0.952771789189;0.928655967153;2.22198818865;631.502287486;0.208374434523;0.000114643201281;0.119045880135;liquid
271.150000000;8.00000000000;972.518092938;0.00102825850466;183.776240126;192.002308163;0.953181630165;0.928650121236;2.22273751978;631.104004511;0.209156656060;0.000114551301417;0.118987423178;liquid
271.200000000;8.00000000000;972.257584650;0.00102853401793;183.885191668;192.113463812;0.953591533911;0.928644414416;2.22348873327;630.705550073;0.209940589809;0.000114459449019;0.118928960244;liquid
271.250000000;8.00000000000;971.996884437;0.00102880988202;183.994178012;192.224657068;0.954001500750;0.928638846896;2.22424183589;630.306923773;0.210726241394;0.000114367643971;0.118870491298;liquid
271.300000000;8.00000000000;971.735991837;0.00102908609787;184.103199244;192.335888027;0.954411531010;0.928633418881;2.22499683444;629.908125211;0.211513616463;0.000114275886157;0.118812016310;liquid
271.350000000;8.00000000000;971.474906391;0.00102936266642;184.212255452;192.447156783;0.954821625015;0.928628130579;2.22575373576;629.509153985;0.212302720690;0.000114184175461;0.118753535247;liquid
271.400000000;8.00000000000;971.213627635;0.00102963958860;184.321346724;192.558463432;0.955231783095;0.928622982197;2.22651254671;629.110009692;0.213093559776;0.000114092511766;0.118695048077;liquid
271.450000000;8.00000000000;970.952155105;0.00102991686536;184.430473147;192.669808070;0.955642005577;0.928617973945;2.22727327420;628.710691926;0.213886139448;0.000114000894956;0.118636554766;liquid
271.500000000;8.00000000000;970.690488335;0.00103019449765;184.539634811;192.781190792;0.956052292792;0.928613106034;2.22803592518;628.311200279;0.214680465458;0.000113909324914;0.118578055284;liquid
271.550000000;8.00000000000;970.428626857;0.00103047248641;184.648831803;192.892611695;0.956462645071;0.928608378677;2.22880050663;627.911534341;0.215476543588;0.000113817801523;0.118519549597;liquid
271.600000000;8.00000000000;970.166570201;0.00103075083261;184.758064214;193.004070875;0.956873062745;0.928603792087;2.22956702556;627.511693702;0.216274379644;0.000113726324667;0.118461037672;liquid
271.650000000;8.00000000000;969.904317895;0.00103102953719;184.867332132;193.115568430;0.957283546149;0.928599346480;2.23033548901;627.111677947;0.217073979460;0.000113634894229;0.118402519477;liquid
271.700000000;8.00000000000;969.641869465;0.00103130860113;184.976635647;193.227104456;0.957694095615;0.928595042073;2.23110590408;626.711486662;0.217875348897;0.000113543510091;0.118343994978;liquid
271.750000000;8.00000000000;969.379224437;0.00103158802540;185.085974850;193.338679053;0.958104711481;0.928590879085;2.23187827789;626.311119430;0.218678493842;0.000113452172136;0.118285464142;liquid
271.800000000;8.00000000000;969.116382334;0.00103186781096;185.195349829;193.450292317;0.958515394082;0.928586857737;2.23265261759;625.910575830;0.219483420213;0.000113360880248;0.118226926936;liquid
271.850000000;8.00000000000;968.853342676;0.00103214795878;185.304760677;193.561944347;0.958926143756;0.928582978250;2.23342893039;625.509855443;0.220290133951;0.000113269634307;0.118168383327;liquid
271.900000000;8.00000000000;968.590104983;0.00103242846985;185.414207484;193.673635243;0.959336960842;0.928579240849;2.23420722352;625.108957845;0.221098641028;0.000113178434198;0.118109833282;liquid
271.950000000;8.00000000000;968.326668772;0.00103270934515;185.523690342;193.785365103;0.959747845681;0.928575645759;2.23498750425;624.707882611;0.221908947443;0.000113087279802;0.118051276766;liquid
272.000000000;8.00000000000;968.063033559;0.00103299058567;185.633209341;193.897134027;0.960158798612;0.928572193207;2.23576977989;624.306629313;0.222721059222;0.000112996171001;0.117992713745;liquid
272.050000000;8.00000000000;967.799198858;0.00103327219239;185.742764575;194.008942114;0.960569819979;0.928568883422;2.23655405780;623.905197524;0.223534982422;0.000112905107677;0.117934144187;liquid
272.100000000;8.00000000000;967.535164179;0.00103355416632;185.852356135;194.120789466;0.960980910124;0.928565716635;2.23734034534;623.503586811;0.224350723125;0.000112814089713;0.117875568058;liquid
272.150000000;8.00000000000;967.270929033;0.00103383650845;185.961984115;194.232676182;0.961392069394;0.928562693080;2.23812864997;623.101796741;0.225168287444;0.000112723116989;0.117816985322;liquid
272.200000000;8.00000000000;967.006492929;0.00103411921979;186.071648606;194.344602365;0.961803298133;0.928559812991;2.23891897913;622.699826879;0.225987681520;0.000112632189389;0.117758395946;liquid
272.250000000;8.00000000000;966.741855371;0.00103440230134;186.181349703;194.456568114;0.962214596688;0.928557076604;2.23971134033;622.297676789;0.226808911522;0.000112541306792;0.117699799896;liquid
272.300000000;8.00000000000;966.477015864;0.00103468575412;186.291087500;194.568573533;0.962625965408;0.928554484159;2.24050574112;621.895346030;0.227631983651;0.000112450469081;0.117641197138;liquid
272.350000000;8.00000000000;966.211973911;0.00103496957914;186.400862089;194.680618722;0.963037404642;0.928552035895;2.24130218908;621.492834161;0.228456904133;0.000112359676137;0.117582587636;liquid
272.400000000;8.00000000000;965.946729012;0.00103525377742;186.510673566;194.792703786;0.963448914741;0.928549732055;2.24210069183;621.090140738;0.229283679227;0.000112268927840;0.117523971356;liquid
272.450000000;8.00000000000;965.681280664;0.00103553834999;186.620522026;194.904828826;0.963860496056;0.928547572885;2.24290125704;620.687265317;0.230112315221;0.000112178224073;0.117465348263;liquid
272.500000000;8.00000000000;965.415628365;0.00103582329788;186.730407563;195.016993946;0.964272148941;0.928545558631;2.24370389242;620.284207449;0.230942818431;0.000112087564715;0.117406718323;liquid
272.550000000;8.00000000000;965.149771609;0.00103610862212;186.840330273;195.129199250;0.964683873749;0.928543689542;2.24450860572;619.880966684;0.231775195205;0.000111996949647;0.117348081500;liquid
272.600000000;8.00000000000;964.883709887;0.00103639432374;186.950290251;195.241444841;0.965095670837;0.928541965869;2.24531540471;619.477542571;0.232609451920;0.000111906378750;0.117289437759;liquid
272.650000000;8.00000000000;964.617442691;0.00103668040380;187.060287595;195.353730825;0.965507540561;0.928540387865;2.24612429724;619.073934655;0.233445594984;0.000111815851905;0.117230787065;liquid
272.700000000;8.00000000000;964.350969508;0.00103696686333;187.170322399;195.466057306;0.965919483279;0.928538955786;2.24693529117;618.670142480;0.234283630834;0.000111725368991;0.117172129383;liquid
272.750000000;8.00000000000;964.084289826;0.00103725370339;187.280394762;195.578424389;0.966331499351;0.928537669891;2.24774839443;618.266165588;0.235123565941;0.000111634929889;0.117113464677;liquid
272.800000000;8.00000000000;963.817403128;0.00103754092503;187.390504781;195.690832181;0.966743589136;0.928536530438;2.24856361496;617.862003518;0.235965406803;0.000111544534478;0.117054792911;liquid
272.850000000;8.00000000000;963.550308897;0.00103782852931;187.500652552;195.803280786;0.967155752996;0.928535537691;2.24938096077;617.457655807;0.236809159952;0.000111454182639;0.116996114050;liquid
272.900000000;8.00000000000;963.283006613;0.00103811651730;187.610838174;195.915770312;0.967567991295;0.928534691914;2.25020043990;617.053121990;0.237654831951;0.000111363874251;0.116937428058;liquid
272.950000000;8.00000000000;963.015495754;0.00103840489007;187.721061745;196.028300866;0.967980304396;0.928533993375;2.25102206045;616.648401600;0.238502429391;0.000111273609194;0.116878734898;liquid
273.000000000;8.00000000000;962.747775796;0.00103869364868;187.831323365;196.140872554;0.968392692666;0.928533442343;2.25184583054;616.243494167;0.239351958901;0.000111183387346;0.116820034535;liquid
273.050000000;8.00000000000;962.479846214;0.00103898279422;187.941623131;196.253485485;0.968805156472;0.928533039091;2.25267175836;615.838399220;0.240203427135;0.000111093208588;0.116761326932;liquid
273.100000000;8.00000000000;962.211706479;0.00103927232777;188.051961144;196.366139766;0.969217696180;0.928532783894;2.25349985211;615.433116286;0.241056840784;0.000111003072799;0.116702612053;liquid
273.150000000;8.00000000000;961.943356060;0.00103956225042;188.162337503;196.478835506;0.969630312161;0.928532677030;2.25433012009;615.027644886;0.241912206570;0.000110912979856;0.116643889861;liquid
273.200000000;8.00000000000;961.674794426;0.00103985256325;188.272752309;196.591572815;0.970043004786;0.928532718777;2.25516257058;614.621984544;0.242769531245;0.000110822929640;0.116585160320;liquid
273.250000000;8.00000000000;961.406021043;0.00104014326737;188.383205661;196.704351800;0.970455774427;0.928532909419;2.25599721196;614.216134779;0.243628821598;0.000110732922028;0.116526423393;liquid
273.300000000;8.00000000000;961.137035373;0.00104043436388;188.493697661;196.817172572;0.970868621457;0.928533249241;2.25683405262;613.810095107;0.244490084447;0.000110642956900;0.116467679043;liquid
273.350000000;8.00000000000;960.867836877;0.00104072585388;188.604228411;196.930035242;0.971281546251;0.928533738531;2.25767310103;613.403865043;0.245353326645;0.000110553034133;0.116408927233;liquid
273.400000000;8.00000000000;960.598425016;0.00104101773848;188.714798012;197.042939920;0.971694549185;0.928534377580;2.25851436567;612.997444100;0.246218555078;0.000110463153605;0.116350167925;liquid
273.450000000;8.00000000000;960.328799246;0.00104131001880;188.825406565;197.155886716;0.972107630637;0.928535166683;2.25935785510;612.590831787;0.247085776666;0.000110373315195;0.116291401083;liquid
273.500000000;8.00000000000;960.058959021;0.00104160269596;188.936054175;197.268875742;0.972520790985;0.928536106134;2.26020357790;612.184027613;0.247954998360;0.000110283518780;0.116232626668;liquid
273.550000000;8.00000000000;959.788903794;0.00104189577109;189.046740942;197.381907111;0.972934030609;0.928537196234;2.26105154273;611.777031082;0.248826227149;0.000110193764239;0.116173844644;liquid
273.600000000;8.00000000000;959.518633015;0.00104218924531;189.157466972;197.494980934;0.973347349892;0.928538437286;2.26190175826;611.369841699;0.249699470052;0.000110104051447;0.116115054972;liquid
273.650000000;8.00000000000;959.248146133;0.00104248311976;189.268232366;197.608097324;0.973760749216;0.928539829594;2.26275423324;610.962458963;0.250574734126;0.000110014380284;0.116056257616;liquid
273.700000000;8.00000000000;958.977442593;0.00104277739557;189.379037231;197.721256395;0.974174228966;0.928541373467;2.26360897646;610.554882373;0.251452026461;0.000109924750625;0.115997452535;liquid
273.750000000;8.00000000000;958.706521839;0.00104307207390;189.489881669;197.834458260;0.974587789526;0.928543069216;2.26446599676;610.147111424;0.252331354179;0.000109835162348;0.115938639694;liquid
273.800000000;8.00000000000;958.435383312;0.00104336715590;189.600765786;197.947703033;0.975001431285;0.928544917156;2.26532530302;609.739145611;0.253212724443;0.000109745615330;0.115879819053;liquid
273.850000000;8.00000000000;958.164026451;0.00104366264272;189.711689687;198.060990829;0.975415154632;0.928546917605;2.26618690418;609.330984425;0.254096144445;0.000109656109448;0.115820990573;liquid
273.900000000;8.00000000000;957.892450692;0.00104395853551;189.822653478;198.174321762;0.975828959955;0.928549070883;2.26705080924;608.922627353;0.254981621416;0.000109566644577;0.115762154217;liquid
273.950000000;8.00000000000;957.620655471;0.00104425483545;189.933657264;198.287695948;0.976242847646;0.928551377315;2.26791702723;608.514073883;0.255869162622;0.000109477220594;0.115703309946;liquid
274.000000000;8.00000000000;957.348640220;0.00104455154370;190.044701154;198.401113503;0.976656818099;0.928553837227;2.26878556725;608.105323499;0.256758775364;0.000109387837375;0.115644457721;liquid
274.050000000;8.00000000000;957.076404367;0.00104484866144;190.155785252;198.514574544;0.977070871708;0.928556450952;2.26965643845;607.696375681;0.257650466980;0.000109298494797;0.115585597502;liquid
274.100000000;8.00000000000;956.803947341;0.00104514618985;190.266909667;198.628079186;0.977485008868;0.928559218823;2.27052965001;607.287229909;0.258544244845;0.000109209192734;0.115526729251;liquid
274.150000000;8.00000000000;956.531268567;0.00104544413012;190.378074507;198.741627548;0.977899229976;0.928562141176;2.27140521120;606.877885659;0.259440116367;0.000109119931063;0.115467852929;liquid
274.200000000;8.00000000000;956.258367467;0.00104574248343;190.489279879;198.855219746;0.978313535432;0.928565218355;2.27228313131;606.468342406;0.260338088996;0.000109030709659;0.115408968496;liquid
274.250000000;8.00000000000;955.985243462;0.00104604125099;190.600525892;198.968855900;0.978727925635;0.928568450702;2.27316341971;606.058599620;0.261238170215;0.000108941528396;0.115350075913;liquid
274.300000000;8.00000000000;955.711895970;0.00104634043399;190.711812656;199.082536128;0.979142400988;0.928571838566;2.27404608580;605.648656771;0.262140367545;0.000108852387151;0.115291175140;liquid
274.350000000;8.00000000000;955.438324405;0.00104664003364;190.823140280;199.196260549;0.979556961893;0.928575382299;2.27493113906;605.238513326;0.263044688546;0.000108763285798;0.115232266137;liquid
274.400000000;8.00000000000;955.164528182;0.00104694005116;190.934508873;199.310029282;0.979971608755;0.928579082256;2.27581858901;604.828168747;0.263951140814;0.000108674224211;0.115173348864;liquid
274.450000000;8.00000000000;954.890506711;0.00104724048775;191.045918546;199.423842448;0.980386341981;0.928582938796;2.27670844522;604.417622498;0.264859731984;0.000108585202265;0.115114423281;liquid
274.500000000;8.00000000000;954.616259400;0.00104754134465;191.157369409;199.537700167;0.980801161978;0.928586952281;2.27760071734;604.006874036;0.265770469730;0.000108496219835;0.115055489348;liquid
274.550000000;8.00000000000;954.341785654;0.00104784262309;191.268861575;199.651602560;0.981216069155;0.928591123079;2.27849541505;603.595922818;0.266683361761;0.000108407276794;0.114996547024;liquid
274.600000000;8.00000000000;954.067084878;0.00104814432428;191.380395155;199.765549749;0.981631063923;0.928595451559;2.27939254810;603.184768299;0.267598415829;0.000108318373016;0.114937596270;liquid
274.650000000;8.00000000000;953.792156471;0.00104844644949;191.491970260;199.879541855;0.982046146696;0.928599938097;2.28029212630;602.773409928;0.268515639723;0.000108229508375;0.114878637043;liquid
274.700000000;8.00000000000;953.516999833;0.00104874899994;191.603587003;199.993579002;0.982461317885;0.928604583069;2.28119415951;602.361847156;0.269435041270;0.000108140682744;0.114819669305;liquid
274.750000000;8.00000000000;953.241614358;0.00104905197689;191.715245497;200.107661312;0.982876577908;0.928609386859;2.28209865766;601.950079427;0.270356628338;0.000108051895997;0.114760693012;liquid
274.800000000;8.00000000000;952.965999440;0.00104935538161;191.826945857;200.221788909;0.983291927181;0.928614349853;2.28300563073;601.538106186;0.271280408836;0.000107963148007;0.114701708125;liquid
274.850000000;8.00000000000;952.690154470;0.00104965921534;191.938688194;200.335961917;0.983707366123;0.928619472440;2.28391508876;601.125926873;0.272206390709;0.000107874438646;0.114642714602;liquid
274.900000000;8.00000000000;952.414078835;0.00104996347935;192.050472625;200.450180460;0.984122895154;0.928624755016;2.28482704186;600.713540926;0.273134581946;0.000107785767788;0.114583712401;liquid
274.950000000;8.00000000000;952.137771921;0.00105026817493;192.162299263;200.564444663;0.984538514697;0.928630197979;2.28574150018;600.300947782;0.274064990575;0.000107697135305;0.114524701482;liquid
275.000000000;8.00000000000;951.861233112;0.00105057330335;192.274168225;200.678754652;0.984954225174;0.928635801732;2.28665847395;599.888146873;0.274997624664;0.000107608541068;0.114465681802;liquid
275.050000000;8.00000000000;951.584461786;0.00105087886589;192.386079625;200.793110552;0.985370027011;0.928641566683;2.28757797346;599.475137629;0.275932492324;0.000107519984951;0.114406653319;liquid
275.100000000;8.00000000000;951.307457322;0.00105118486384;192.498033581;200.907512491;0.985785920635;0.928647493242;2.28850000906;599.061919479;0.276869601706;0.000107431466825;0.114347615991;liquid
275.150000000;8.00000000000;951.030219096;0.00105149129851;192.610030208;201.021960596;0.986201906474;0.928653581826;2.28942459115;598.648491846;0.277808961003;0.000107342986561;0.114288569777;liquid
275.200000000;8.00000000000;950.752746478;0.00105179817119;192.722069624;201.136454993;0.986617984959;0.928659832855;2.29035173022;598.234854154;0.278750578449;0.000107254544032;0.114229514634;liquid
275.250000000;8.00000000000;950.475038839;0.00105210548319;192.834151946;201.250995812;0.987034156520;0.928666246754;2.29128143679;597.821005822;0.279694462321;0.000107166139107;0.114170450519;liquid
275.300000000;8.00000000000;950.197095545;0.00105241323583;192.946277293;201.365583180;0.987450421593;0.928672823953;2.29221372148;597.406946267;0.280640620938;0.000107077771659;0.114111377389;liquid
275.350000000;8.00000000000;949.918915962;0.00105272143043;193.058445783;201.480217227;0.987866780611;0.928679564885;2.29314859494;596.992674903;0.281589062662;0.000106989441558;0.114052295202;liquid
275.400000000;8.00000000000;949.640499450;0.00105303006830;193.170657536;201.594898083;0.988283234012;0.928686469990;2.29408606792;596.578191141;0.282539795898;0.000106901148675;0.113993203916;liquid
275.450000000;8.00000000000;949.361845369;0.00105333915080;193.282912671;201.709625877;0.988699782235;0.928693539711;2.29502615122;596.163494391;0.283492829093;0.000106812892879;0.113934103486;liquid
275.500000000;8.00000000000;949.082953073;0.00105364867925;193.395211307;201.824400741;0.989116425719;0.928700774497;2.29596885569;595.748584058;0.284448170740;0.000106724674042;0.113874993869;liquid
275.550000000;8.00000000000;948.803821917;0.00105395865499;193.507553567;201.939222807;0.989533164907;0.928708174799;2.29691419228;595.333459545;0.285405829374;0.000106636492032;0.113815875023;liquid
275.600000000;8.00000000000;948.524451251;0.00105426907939;193.619939570;202.054092205;0.989950000243;0.928715741077;2.29786217198;594.918120253;0.286365813575;0.000106548346720;0.113756746903;liquid
275.650000000;8.00000000000;948.244840423;0.00105457995380;193.732369438;202.169009068;0.990366932172;0.928723473794;2.29881280587;594.502565580;0.287328131965;0.000106460237975;0.113697609466;liquid
275.700000000;8.00000000000;947.964988777;0.00105489127957;193.844843293;202.283973530;0.990783961142;0.928731373416;2.29976610508;594.086794921;0.288292793215;0.000106372165666;0.113638462667;liquid
275.750000000;8.00000000000;947.684895656;0.00105520305809;193.957361258;202.398985723;0.991201087601;0.928739440418;2.30072208082;593.670807667;0.289259806037;0.000106284129662;0.113579306463;liquid
275.800000000;8.00000000000;947.404560398;0.00105551529072;194.069923457;202.514045783;0.991618312002;0.928747675278;2.30168074438;593.254603209;0.290229179192;0.000106196129832;0.113520140809;liquid
275.850000000;8.00000000000;947.123982340;0.00105582797886;194.182530012;202.629153843;0.992035634795;0.928756078478;2.30264210711;592.838180931;0.291200921482;0.000106108166044;0.113460965662;liquid
275.900000000;8.00000000000;946.843160815;0.00105614112388;194.295181047;202.744310038;0.992453056437;0.928764650507;2.30360618041;592.421540219;0.292175041759;0.000106020238167;0.113401780976;liquid
275.950000000;8.00000000000;946.562095154;0.00105645472719;194.407876688;202.859514506;0.992870577384;0.928773391860;2.30457297580;592.004680453;0.293151548920;0.000105932346069;0.113342586706;liquid
276.000000000;8.00000000000;946.280784683;0.00105676879018;194.520617060;202.974767382;0.993288198093;0.928782303035;2.30554250484;591.587601011;0.294130451909;0.000105844489617;0.113283382808;liquid
276.050000000;8.00000000000;945.999228729;0.00105708331427;194.633402288;203.090068802;0.993705919025;0.928791384537;2.30651477916;591.170301268;0.295111759714;0.000105756668679;0.113224169237;liquid
276.100000000;8.00000000000;945.717426611;0.00105739830087;194.746232498;203.205418905;0.994123740641;0.928800636876;2.30748981049;590.752780597;0.296095481374;0.000105668883122;0.113164945947;liquid
276.150000000;8.00000000000;945.435377650;0.00105771375140;194.859107818;203.320817829;0.994541663407;0.928810060567;2.30846761061;590.335038366;0.297081625974;0.000105581132813;0.113105712894;liquid
276.200000000;8.00000000000;945.153081160;0.00105802966729;194.972028375;203.436265713;0.994959687786;0.928819656133;2.30944819138;589.917073943;0.298070202646;0.000105493417619;0.113046470031;liquid
276.250000000;8.00000000000;944.870536454;0.00105834604998;195.084994295;203.551762695;0.995377814247;0.928829424099;2.31043156476;589.498886690;0.299061220572;0.000105405737407;0.112987217312;liquid
276.300000000;8.00000000000;944.587742842;0.00105866290091;195.198005709;203.667308916;0.995796043260;0.928839364998;2.31141774276;589.080475969;0.300054688980;0.000105318092042;0.112927954692;liquid
276.350000000;8.00000000000;944.304699630;0.00105898022152;195.311062744;203.782904516;0.996214375296;0.928849479369;2.31240673747;588.661841138;0.301050617149;0.000105230481391;0.112868682125;liquid
276.400000000;8.00000000000;944.021406122;0.00105929801328;195.424165531;203.898549637;0.996632810829;0.928859767756;2.31339856107;588.242981552;0.302049014407;0.000105142905320;0.112809399565;liquid
276.450000000;8.00000000000;943.737861618;0.00105961627764;195.537314199;204.014244420;0.997051350332;0.928870230709;2.31439322582;587.823896561;0.303049890129;0.000105055363694;0.112750106964;liquid
276.500000000;8.00000000000;943.454065415;0.00105993501608;195.650508878;204.129989007;0.997469994285;0.928880868784;2.31539074404;587.404585516;0.304053253744;0.000104967856378;0.112690804277;liquid
276.550000000;8.00000000000;943.170016808;0.00106025423007;195.763749701;204.245783542;0.997888743167;0.928891682543;2.31639112815;586.985047762;0.305059114728;0.000104880383237;0.112631491456;liquid
276.600000000;8.00000000000;942.885715086;0.00106057392110;195.877036799;204.361628168;0.998307597458;0.928902672554;2.31739439065;586.565282643;0.306067482607;0.000104792944136;0.112572168455;liquid
276.650000000;8.00000000000;942.601159539;0.00106089409066;195.990370304;204.477523029;0.998726557641;0.928913839391;2.31840054411;586.145289499;0.307078366962;0.000104705538939;0.112512835227;liquid
276.700000000;8.00000000000;942.316349450;0.00106121474023;196.103750349;204.593468271;0.999145624204;0.928925183636;2.31940960119;585.725067666;0.308091777420;0.000104618167511;0.112453491723;liquid
276.750000000;8.00000000000;942.031284102;0.00106153587134;196.217177067;204.709464038;0.999564797631;0.928936705874;2.32042157464;585.304616479;0.309107723663;0.000104530829716;0.112394137898;liquid
276.800000000;8.00000000000;941.745962771;0.00106185748549;196.330650593;204.825510477;0.999984078414;0.928948406699;2.32143647729;584.883935269;0.310126215425;0.000104443525416;0.112334773702;liquid
276.850000000;8.00000000000;941.460384734;0.00106217958420;196.444171061;204.941607735;1.00040346704;0.928960286711;2.32245432204;584.463023364;0.311147262490;0.000104356254476;0.112275399089;liquid
276.900000000;8.00000000000;941.174549261;0.00106250216900;196.557738606;205.057755958;1.00082296401;0.928972346516;2.32347512189;584.041880090;0.312170874697;0.000104269016758;0.112216014010;liquid
276.950000000;8.00000000000;940.888455621;0.00106282524143;196.671353365;205.173955296;1.00124256982;0.928984586725;2.32449888993;583.620504768;0.313197061936;0.000104181812125;0.112156618417;liquid
277.000000000;8.00000000000;940.602103079;0.00106314880301;196.785015473;205.290205897;1.00166228495;0.928997007959;2.32552563934;583.198896717;0.314225834152;0.000104094640440;0.112097212262;liquid
277.050000000;8.00000000000;940.315490897;0.00106347285531;196.898725068;205.406507910;1.00208210993;0.929009610843;2.32655538336;582.777055254;0.315257201344;0.000104007501565;0.112037795496;liquid
277.100000000;8.00000000000;940.028618333;0.00106379739989;197.012482286;205.522861486;1.00250204523;0.929022396009;2.32758813536;582.354979691;0.316291173563;0.000103920395361;0.111978368070;liquid
277.150000000;8.00000000000;939.741484641;0.00106412243829;197.126287268;205.639266774;1.00292209138;0.929035364098;2.32862390877;581.932669338;0.317327760917;0.000103833321691;0.111918929935;liquid
277.200000000;8.00000000000;939.454089074;0.00106444797210;197.240140150;205.755723927;1.00334224887;0.929048515755;2.32966271712;581.510123502;0.318366973567;0.000103746280416;0.111859481043;liquid
277.250000000;8.00000000000;939.166430879;0.00106477400290;197.354041073;205.872233097;1.00376251821;0.929061851633;2.33070457403;581.087341487;0.319408821731;0.000103659271396;0.111800021344;liquid
277.300000000;8.00000000000;938.878509302;0.00106510053228;197.467990177;205.988794435;1.00418289992;0.929075372393;2.33174949322;580.664322592;0.320453315681;0.000103572294493;0.111740550788;liquid
277.350000000;8.00000000000;938.590323583;0.00106542756182;197.581987603;206.105408097;1.00460339451;0.929089078702;2.33279748849;580.241066117;0.321500465746;0.000103485349566;0.111681069326;liquid
277.400000000;8.00000000000;938.301872960;0.00106575509313;197.696033491;206.222074236;1.00502400249;0.929102971235;2.33384857374;579.817571354;0.322550282312;0.000103398436477;0.111621576908;liquid
277.450000000;8.00000000000;938.013156668;0.00106608312782;197.810127984;206.338793006;1.00544472438;0.929117050673;2.33490276297;579.393837595;0.323602775821;0.000103311555084;0.111562073484;liquid
277.500000000;8.00000000000;937.724173936;0.00106641166752;197.924271224;206.455564564;1.00586556069;0.929131317704;2.33596007027;578.969864129;0.324657956773;0.000103224705248;0.111502559004;liquid
277.550000000;8.00000000000;937.434923993;0.00106674071384;198.038463355;206.572389066;1.00628651196;0.929145773025;2.33702050983;578.545650240;0.325715835725;0.000103137886828;0.111443033417;liquid
277.600000000;8.00000000000;937.145406061;0.00106707026843;198.152704520;206.689266668;1.00670757871;0.929160417341;2.33808409594;578.121195209;0.326776423292;0.000103051099681;0.111383496673;liquid
277.650000000;8.00000000000;936.855619361;0.00106740033292;198.266994864;206.806197528;1.00712876145;0.929175251361;2.33915084298;577.696498317;0.327839730149;0.000102964343668;0.111323948720;liquid
277.700000000;8.00000000000;936.565563109;0.00106773090896;198.381334533;206.923181805;1.00755006073;0.929190275805;2.34022076543;577.271558837;0.328905767028;0.000102877618646;0.111264389508;liquid
277.750000000;8.00000000000;936.275236517;0.00106806199822;198.495723672;207.040219658;1.00797147707;0.929205491399;2.34129387788;576.846376042;0.329974544722;0.000102790924473;0.111204818986;liquid
277.800000000;8.00000000000;935.984638795;0.00106839360236;198.610162427;207.157311246;1.00839301100;0.929220898877;2.34237019501;576.420949201;0.331046074082;0.000102704261007;0.111145237102;liquid
277.850000000;8.00000000000;935.693769148;0.00106872572306;198.724650946;207.274456731;1.00881466306;0.929236498980;2.34344973162;575.995277580;0.332120366021;0.000102617628105;0.111085643805;liquid
277.900000000;8.00000000000;935.402626777;0.00106905836201;198.839189377;207.391656273;1.00923643379;0.929252292459;2.34453250259;575.569360442;0.333197431512;0.000102531025624;0.111026039043;liquid
277.950000000;8.00000000000;935.111210881;0.00106939152088;198.953777868;207.508910035;1.00965832373;0.929268280071;2.34561852292;575.143197045;0.334277281589;0.000102444453420;0.110966422763;liquid
278.000000000;8.00000000000;934.819520652;0.00106972520140;199.068416569;207.626218180;1.01008033342;0.929284462581;2.34670780771;574.716786647;0.335359927348;0.000102357911351;0.110906794915;liquid
278.050000000;8.00000000000;934.527555282;0.00107005940526;199.183105628;207.743580871;1.01050246341;0.929300840763;2.34780037216;574.290128499;0.336445379945;0.000102271399271;0.110847155444;liquid
278.100000000;8.00000000000;934.235313958;0.00107039413418;199.297845198;207.860998272;1.01092471425;0.929317415399;2.34889623160;573.863221852;0.337533650602;0.000102184917037;0.110787504299;liquid
278.150000000;8.00000000000;933.942795860;0.00107072938989;199.412635430;207.978470549;1.01134708648;0.929334187279;2.34999540144;573.436065951;0.338624750600;0.000102098464503;0.110727841428;liquid
278.200000000;8.00000000000;933.650000169;0.00107106517412;199.527476474;208.095997867;1.01176958066;0.929351157200;2.35109789721;573.008660041;0.339718691287;0.000102012041525;0.110668166776;liquid
278.250000000;8.00000000000;933.356926059;0.00107140148863;199.642368485;208.213580394;1.01219219734;0.929368325969;2.35220373456;572.581003360;0.340815484071;0.000101925647958;0.110608480291;liquid
278.300000000;8.00000000000;933.063572701;0.00107173833515;199.757311616;208.331218297;1.01261493708;0.929385694401;2.35331292923;572.153095145;0.341915140428;0.000101839283654;0.110548781919;liquid
278.350000000;8.00000000000;932.769939262;0.00107207571547;199.872306020;208.448911743;1.01303780045;0.929403263319;2.35442549710;571.724934629;0.343017671897;0.000101752948469;0.110489071607;liquid
278.400000000;8.00000000000;932.476024905;0.00107241363133;199.987351852;208.566660903;1.01346078800;0.929421033556;2.35554145414;571.296521043;0.344123090080;0.000101666642256;0.110429349301;liquid
278.450000000;8.00000000000;932.181828789;0.00107275208454;200.102449269;208.684465946;1.01388390030;0.929439005951;2.35666081644;570.867853612;0.345231406650;0.000101580364868;0.110369614947;liquid
278.500000000;8.00000000000;931.887350068;0.00107309107686;200.217598427;208.802327042;1.01430713791;0.929457181355;2.35778360022;570.438931559;0.346342633340;0.000101494116157;0.110309868491;liquid
278.550000000;8.00000000000;931.592587894;0.00107343061011;200.332799482;208.920244363;1.01473050142;0.929475560624;2.35890982180;570.009754105;0.347456781955;0.000101407895977;0.110250109878;liquid
278.600000000;8.00000000000;931.297541413;0.00107377068609;200.448052593;209.038218081;1.01515399139;0.929494144627;2.36003949762;569.580320467;0.348573864363;0.000101321704178;0.110190339054;liquid
278.650000000;8.00000000000;931.002209769;0.00107411130662;200.563357918;209.156248370;1.01557760840;0.929512934238;2.36117264424;569.150629856;0.349693892502;0.000101235540614;0.110130555963;liquid
278.700000000;8.00000000000;930.706592099;0.00107445247352;200.678715616;209.274335404;1.01600135302;0.929531930343;2.36230927835;568.720681483;0.350816878379;0.000101149405135;0.110070760552;liquid
278.750000000;8.00000000000;930.410687538;0.00107479418862;200.794125848;209.392479357;1.01642522584;0.929551133834;2.36344941674;568.290474554;0.351942834066;0.000101063297592;0.110010952764;liquid
278.800000000;8.00000000000;930.114495216;0.00107513645378;200.909588774;209.510680404;1.01684922744;0.929570545617;2.36459307635;567.860008272;0.353071771707;0.000100977217835;0.109951132543;liquid
278.850000000;8.00000000000;929.818014259;0.00107547927085;201.025104557;209.628938723;1.01727335842;0.929590166601;2.36574027422;567.429281837;0.354203703516;0.000100891165715;0.109891299836;liquid
278.900000000;8.00000000000;929.521243789;0.00107582264169;201.140673358;209.747254491;1.01769761935;0.929609997710;2.36689102752;566.998294444;0.355338641775;0.000100805141082;0.109831454584;liquid
278.950000000;8.00000000000;929.224182923;0.00107616656817;201.256295340;209.865627886;1.01812201083;0.929630039873;2.36804535356;566.567045287;0.356476598838;0.000100719143785;0.109771596733;liquid
279.000000000;8.00000000000;928.926830774;0.00107651105219;201.371970669;209.984059086;1.01854653346;0.929650294031;2.36920326976;566.135533554;0.357617587130;0.000100633173672;0.109711726226;liquid
279.050000000;8.00000000000;928.629186451;0.00107685609562;201.487699508;210.102548273;1.01897118783;0.929670761134;2.37036479367;565.703758431;0.358761619147;0.000100547230593;0.109651843006;liquid
279.100000000;8.00000000000;928.331249058;0.00107720170038;201.603482023;210.221095626;1.01939597454;0.929691442141;2.37152994298;565.271719100;0.359908707459;0.000100461314396;0.109591947016;liquid
279.150000000;8.00000000000;928.033017696;0.00107754786838;201.719318381;210.339701328;1.01982089421;0.929712338022;2.37269873551;564.839414741;0.361058864708;0.000100375424928;0.109532038200;liquid
279.200000000;8.00000000000;927.734491459;0.00107789460153;201.835208748;210.458365561;1.02024594743;0.929733449754;2.37387118919;564.406844528;0.362212103608;0.000100289562037;0.109472116500;liquid
279.250000000;8.00000000000;927.435669439;0.00107824190179;201.951153294;210.577088508;1.02067113481;0.929754778327;2.37504732210;563.974007634;0.363368436949;0.000100203725570;0.109412181859;liquid
279.300000000;8.00000000000;927.136550722;0.00107858977108;202.067152186;210.695870354;1.02109645697;0.929776324738;2.37622715247;563.540903226;0.364527877594;0.000100117915373;0.109352234219;liquid
279.350000000;8.00000000000;926.837134391;0.00107893821136;202.183205594;210.814711285;1.02152191452;0.929798089997;2.37741069864;563.107530470;0.365690438481;0.000100032131293;0.109292273523;liquid
279.400000000;8.00000000000;926.537419522;0.00107928722460;202.299313690;210.933611487;1.02194750808;0.929820075122;2.37859797910;562.673888527;0.366856132625;9.99463731745e-05;0.109232299711;liquid
279.450000000;8.00000000000;926.237405189;0.00107963681276;202.415476644;211.052571146;1.02237323827;0.929842281140;2.37978901247;562.239976555;0.368024973115;9.98606408637e-05;0.109172312726;liquid
279.500000000;8.00000000000;925.937090460;0.00107998697784;202.531694628;211.171590451;1.02279910571;0.929864709092;2.38098381752;561.805793707;0.369196973119;9.97749342053e-05;0.109112312509;liquid
279.550000000;8.00000000000;925.636474398;0.00108033772184;202.647967816;211.290669591;1.02322511104;0.929887360025;2.38218241314;561.371339135;0.370372145881;9.96892530436e-05;0.109052299002;liquid
279.600000000;8.00000000000;925.335556063;0.00108068904674;202.764296381;211.409808755;1.02365125488;0.929910235000;2.38338481840;560.936611985;0.371550504723;9.96035972226e-05;0.108992272145;liquid
279.650000000;8.00000000000;925.034334508;0.00108104095458;202.880680500;211.529008136;1.02407753787;0.929933335085;2.38459105248;560.501611401;0.372732063045;9.95179665859e-05;0.108932231878;liquid
279.700000000;8.00000000000;924.732808783;0.00108139344738;202.997120346;211.648267925;1.02450396064;0.929956661361;2.38580113471;560.066336523;0.373916834327;9.94323609766e-05;0.108872178143;liquid
279.750000000;8.00000000000;924.430977933;0.00108174652718;203.113616097;211.767588314;1.02493052383;0.929980214918;2.38701508458;559.630786487;0.375104832128;9.93467802373e-05;0.108812110880;liquid
279.800000000;8.00000000000;924.128840997;0.00108210019603;203.230167930;211.886969498;1.02535722809;0.930003996859;2.38823292173;559.194960426;0.376296070087;9.92612242103e-05;0.108752030028;liquid
279.850000000;8.00000000000;923.826397010;0.00108245445598;203.346776024;212.006411671;1.02578407405;0.930028008294;2.38945466592;558.758857469;0.377490561925;9.91756927373e-05;0.108691935528;liquid
279.900000000;8.00000000000;923.523645003;0.00108280930912;203.463440557;212.125915030;1.02621106238;0.930052250346;2.39068033709;558.322476742;0.378688321444;9.90901856596e-05;0.108631827318;liquid
279.950000000;8.00000000000;923.220583999;0.00108316475751;203.580161711;212.245479771;1.02663819372;0.930076724150;2.39190995533;557.885817365;0.379889362527;9.90047028181e-05;0.108571705339;liquid
280.000000000;8.00000000000;922.917213021;0.00108352080327;203.696939666;212.365106092;1.02706546873;0.930101430849;2.39314354086;557.448878458;0.381093699142;9.89192440531e-05;0.108511569529;liquid
280.050000000;8.00000000000;922.613531082;0.00108387744848;203.813774604;212.484794191;1.02749288806;0.930126371599;2.39438111409;557.011659135;0.382301345337;9.88338092044e-05;0.108451419827;liquid
280.100000000;8.00000000000;922.309537192;0.00108423469527;203.930666708;212.604544270;1.02792045239;0.930151547566;2.39562269555;556.574158506;0.383512315248;9.87483981117e-05;0.108391256172;liquid
280.150000000;8.00000000000;922.005230358;0.00108459254576;204.047616162;212.724356528;1.02834816236;0.930176959929;2.39686830595;556.136375679;0.384726623092;9.86630106137e-05;0.108331078502;liquid
280.200000000;8.00000000000;921.700609578;0.00108495100210;204.164623151;212.844231168;1.02877601867;0.930202609876;2.39811796616;555.698309756;0.385944283173;9.85776465490e-05;0.108270886755;liquid
280.250000000;8.00000000000;921.395673847;0.00108531006644;204.281687861;212.964168393;1.02920402196;0.930228498607;2.39937169721;555.259959839;0.387165309882;9.84923057555e-05;0.108210680868;liquid
280.300000000;8.00000000000;921.090422156;0.00108566974094;204.398810479;213.084168406;1.02963217293;0.930254627334;2.40062952028;554.821325022;0.388389717695;9.84069880707e-05;0.108150460781;liquid
280.350000000;8.00000000000;920.784853488;0.00108603002777;204.515991191;213.204231413;1.03006047225;0.930280997279;2.40189145672;554.382404398;0.389617521174;9.83216933317e-05;0.108090226429;liquid
280.400000000;8.00000000000;920.478966822;0.00108639092912;204.633230188;213.324357621;1.03048892060;0.930307609677;2.40315752805;553.943197055;0.390848734973;9.82364213749e-05;0.108029977749;liquid
280.450000000;8.00000000000;920.172761132;0.00108675244719;204.750527658;213.444547235;1.03091751867;0.930334465774;2.40442775597;553.503702078;0.392083373830;9.81511720364e-05;0.107969714680;liquid
280.500000000;8.00000000000;919.866235387;0.00108711458420;204.867883792;213.564800466;1.03134626715;0.930361566827;2.40570216232;553.063918548;0.393321452577;9.80659451515e-05;0.107909437157;liquid
280.550000000;8.00000000000;919.559388550;0.00108747734236;204.985298783;213.685117522;1.03177516674;0.930388914106;2.40698076912;552.623845542;0.394562986131;9.79807405554e-05;0.107849145116;liquid
280.600000000;8.00000000000;919.252219578;0.00108784072391;205.102772822;213.805498613;1.03220421812;0.930416508892;2.40826359858;552.183482134;0.395807989503;9.78955580825e-05;0.107788838495;liquid
280.650000000;8.00000000000;918.944727424;0.00108820473110;205.220306103;213.925943952;1.03263342199;0.930444352477;2.40955067307;551.742827393;0.397056477795;9.78103975666e-05;0.107728517227;liquid
280.700000000;8.00000000000;918.636911034;0.00108856936619;205.337898822;214.046453752;1.03306277908;0.930472446167;2.41084201512;551.301880384;0.398308466200;9.77252588413e-05;0.107668181250;liquid
280.750000000;8.00000000000;918.328769350;0.00108893463145;205.455551174;214.167028225;1.03349229007;0.930500791278;2.41213764748;550.860640170;0.399563970005;9.76401417395e-05;0.107607830498;liquid
280.800000000;8.00000000000;918.020301306;0.00108930052917;205.573263355;214.287667588;1.03392195568;0.930529389139;2.41343759303;550.419105809;0.400823004589;9.75550460934e-05;0.107547464907;liquid
280.850000000;8.00000000000;917.711505834;0.00108966706165;205.691035564;214.408372057;1.03435177663;0.930558241090;2.41474187485;549.977276355;0.402085585427;9.74699717350e-05;0.107487084410;liquid
280.900000000;8.00000000000;917.402381856;0.00109003423119;205.808867999;214.529141848;1.03478175363;0.930587348486;2.41605051622;549.535150858;0.403351728088;9.73849184955e-05;0.107426688944;liquid
280.950000000;8.00000000000;917.092928293;0.00109040204013;205.926760860;214.649977181;1.03521188741;0.930616712691;2.41736354058;549.092728364;0.404621448237;9.72998862056e-05;0.107366278441;liquid
281.000000000;8.00000000000;916.783144056;0.00109077049080;206.044714349;214.770878276;1.03564217870;0.930646335083;2.41868097157;548.650007917;0.405894761634;9.72148746955e-05;0.107305852836;liquid
281.050000000;8.00000000000;916.473028053;0.00109113958555;206.162728668;214.891845352;1.03607262822;0.930676217052;2.42000283300;548.206988555;0.407171684140;9.71298837949e-05;0.107245412063;liquid
281.100000000;8.00000000000;916.162579185;0.00109150932675;206.280804019;215.012878633;1.03650323670;0.930706360001;2.42132914889;547.763669313;0.408452231709;9.70449133328e-05;0.107184956055;liquid
281.150000000;8.00000000000;915.851796347;0.00109187971677;206.398940608;215.133978342;1.03693400489;0.930736765345;2.42265994344;547.320049221;0.409736420398;9.69599631377e-05;0.107124484745;liquid
281.200000000;8.00000000000;915.540678429;0.00109225075801;206.517138639;215.255144703;1.03736493353;0.930767434511;2.42399524105;546.876127307;0.411024266361;9.68750330375e-05;0.107063998066;liquid
281.250000000;8.00000000000;915.229224314;0.00109262245286;206.635398319;215.376377942;1.03779602337;0.930798368940;2.42533506629;546.431902593;0.412315785854;9.67901228597e-05;0.107003495951;liquid
281.300000000;8.00000000000;914.917432880;0.00109299480375;206.753719855;215.497678285;1.03822727514;0.930829570084;2.42667944397;545.987374098;0.413610995232;9.67052324309e-05;0.106942978333;liquid
281.350000000;8.00000000000;914.605302997;0.00109336781311;206.872103457;215.619045962;1.03865868961;0.930861039410;2.42802839905;545.542540837;0.414909910954;9.66203615775e-05;0.106882445142;liquid
281.400000000;8.00000000000;914.292833532;0.00109374148339;206.990549335;215.740481202;1.03909026754;0.930892778396;2.42938195673;545.097401822;0.416212549580;9.65355101249e-05;0.106821896311;liquid
281.450000000;8.00000000000;913.980023343;0.00109411581704;207.109057699;215.861984235;1.03952200968;0.930924788534;2.43074014240;544.651956059;0.417518927776;9.64506778982e-05;0.106761331772;liquid
281.500000000;8.00000000000;913.666871283;0.00109449081654;207.227628761;215.983555294;1.03995391681;0.930957071328;2.43210298163;544.206202551;0.418829062308;9.63658647217e-05;0.106700751456;liquid
281.550000000;8.00000000000;913.353376199;0.00109486648438;207.346262736;216.105194611;1.04038598968;0.930989628296;2.43347050024;543.760140297;0.420142970052;9.62810704194e-05;0.106640155294;liquid
281.600000000;8.00000000000;913.039536931;0.00109524282307;207.464959838;216.226902422;1.04081822909;0.931022460968;2.43484272422;543.313768291;0.421460667987;9.61962948144e-05;0.106579543216;liquid
281.650000000;8.00000000000;912.725352314;0.00109561983511;207.583720282;216.348678962;1.04125063580;0.931055570889;2.43621967979;542.867085526;0.422782173199;9.61115377292e-05;0.106518915153;liquid
281.700000000;8.00000000000;912.410821174;0.00109599752304;207.702544285;216.470524469;1.04168321060;0.931088959614;2.43760139337;542.420090987;0.424107502883;9.60267989858e-05;0.106458271035;liquid
281.750000000;8.00000000000;912.095942334;0.00109637588941;207.821432066;216.592439182;1.04211595427;0.931122628716;2.43898789161;541.972783657;0.425436674341;9.59420784055e-05;0.106397610792;liquid
281.800000000;8.00000000000;911.780714607;0.00109675493677;207.940383845;216.714423339;1.04254886761;0.931156579776;2.44037920136;541.525162515;0.426769704985;9.58573758091e-05;0.106336934353;liquid
281.850000000;8.00000000000;911.465136802;0.00109713466772;208.059399841;216.836477182;1.04298195141;0.931190814393;2.44177534970;541.077226535;0.428106612338;9.57726910165e-05;0.106276241648;liquid
281.900000000;8.00000000000;911.149207721;0.00109751508482;208.178480276;216.958600955;1.04341520648;0.931225334176;2.44317636391;540.628974687;0.429447414033;9.56880238473e-05;0.106215532605;liquid
281.950000000;8.00000000000;910.832926158;0.00109789619071;208.297625375;217.080794900;1.04384863361;0.931260140751;2.44458227152;540.180405937;0.430792127816;9.56033741201e-05;0.106154807154;liquid
282.000000000;8.00000000000;910.516290902;0.00109827798799;208.416835360;217.203059264;1.04428223362;0.931295235753;2.44599310027;539.731519248;0.432140771544;9.55187416531e-05;0.106094065222;liquid
282.050000000;8.00000000000;910.199300735;0.00109866047930;208.536110458;217.325394293;1.04471600732;0.931330620835;2.44740887813;539.282313577;0.433493363191;9.54341262637e-05;0.106033306738;liquid
282.100000000;8.00000000000;909.881954430;0.00109904366729;208.655450896;217.447800235;1.04514995553;0.931366297661;2.44882963328;538.832787878;0.434849920842;9.53495277688e-05;0.105972531630;liquid
282.150000000;8.00000000000;909.564250756;0.00109942755464;208.774856902;217.570277340;1.04558407908;0.931402267910;2.45025539416;538.382941100;0.436210462701;9.52649459844e-05;0.105911739825;liquid
282.200000000;8.00000000000;909.246188474;0.00109981214403;208.894328706;217.692825858;1.04601837878;0.931438533274;2.45168618943;537.932772189;0.437575007086;9.51803807260e-05;0.105850931249;liquid
282.250000000;8.00000000000;908.927766337;0.00110019743816;209.013866538;217.815446043;1.04645285547;0.931475095459;2.45312204798;537.482280084;0.438943572433;9.50958318083e-05;0.105790105831;liquid
282.300000000;8.00000000000;908.608983093;0.00110058343975;209.133470630;217.938138148;1.04688750998;0.931511956186;2.45456299894;537.031463724;0.440316177299;9.50112990454e-05;0.105729263497;liquid
282.350000000;8.00000000000;908.289837482;0.00110097015152;209.253141216;218.060902428;1.04732234317;0.931549117189;2.45600907169;536.580322041;0.441692840357;9.49267822507e-05;0.105668404172;liquid
282.400000000;8.00000000000;907.970328236;0.00110135757624;209.372878531;218.183739141;1.04775735587;0.931586580216;2.45746029583;536.128853962;0.443073580401;9.48422812369e-05;0.105607527783;liquid
282.450000000;8.00000000000;907.650454081;0.00110174571665;209.492682811;218.306648544;1.04819254894;0.931624347028;2.45891670122;535.677058411;0.444458416348;9.47577958159e-05;0.105546634256;liquid
282.500000000;8.00000000000;907.330213735;0.00110213457555;209.612554293;218.429630898;1.04862792323;0.931662419402;2.46037831798;535.224934308;0.445847367236;9.46733257990e-05;0.105485723516;liquid
282.550000000;8.00000000000;907.009605910;0.00110252415574;209.732493217;218.552686463;1.04906347961;0.931700799128;2.46184517644;534.772480569;0.447240452227;9.45888709967e-05;0.105424795488;liquid
282.600000000;8.00000000000;906.688629308;0.00110291446002;209.852499823;218.675815503;1.04949921893;0.931739488011;2.46331730722;534.319696103;0.448637690606;9.45044312189e-05;0.105363850097;liquid
282.650000000;8.00000000000;906.367282628;0.00110330549124;209.972574352;218.799018282;1.04993514208;0.931778487869;2.46479474117;533.866579818;0.450039101784;9.44200062746e-05;0.105302887267;liquid
282.700000000;8.00000000000;906.045564556;0.00110369725224;210.092717048;218.922295066;1.05037124991;0.931817800536;2.46627750940;533.413130616;0.451444705299;9.43355959721e-05;0.105241906921;liquid
282.750000000;8.00000000000;905.723473775;0.00110408974588;210.212928156;219.045646123;1.05080754333;0.931857427859;2.46776564329;532.959347394;0.452854520816;9.42512001191e-05;0.105180908985;liquid
282.800000000;8.00000000000;905.401008958;0.00110448297506;210.333207920;219.169071721;1.05124402320;0.931897371699;2.46925917446;532.505229046;0.454268568127;9.41668185225e-05;0.105119893382;liquid
282.850000000;8.00000000000;905.078168771;0.00110487694268;210.453556589;219.292572131;1.05168069043;0.931937633933;2.47075813480;532.050774460;0.455686867155;9.40824509883e-05;0.105058860034;liquid
282.900000000;8.00000000000;904.754951873;0.00110527165166;210.573974412;219.416147625;1.05211754591;0.931978216452;2.47226255649;531.595982521;0.457109437952;9.39980973218e-05;0.104997808865;liquid
282.950000000;8.00000000000;904.431356914;0.00110566710492;210.694461638;219.539798478;1.05255459054;0.932019121160;2.47377247195;531.140852109;0.458536300704;9.39137573276e-05;0.104936739796;liquid
283.000000000;8.00000000000;904.107382537;0.00110606330544;210.815018521;219.663524964;1.05299182523;0.932060349977;2.47528791387;530.685382099;0.459967475726;9.38294308095e-05;0.104875652751;liquid
283.050000000;8.00000000000;903.783027376;0.00110646025618;210.935645312;219.787327362;1.05342925089;0.932101904837;2.47680891523;530.229571362;0.461402983471;9.37451175706e-05;0.104814547651;liquid
283.100000000;8.00000000000;903.458290059;0.00110685796013;211.056342268;219.911205949;1.05386686843;0.932143787689;2.47833550927;529.773418766;0.462842844522;9.36608174129e-05;0.104753424417;liquid
283.150000000;8.00000000000;903.133169205;0.00110725642031;211.177109644;220.035161007;1.05430467879;0.932186000497;2.47986772953;529.316923170;0.464287079601;9.35765301380e-05;0.104692282971;liquid
283.200000000;8.00000000000;902.807663424;0.00110765563975;211.297947698;220.159192816;1.05474268288;0.932228545239;2.48140560980;528.860083434;0.465735709566;9.34922555464e-05;0.104631123234;liquid
283.250000000;8.00000000000;902.481771318;0.00110805562149;211.418856691;220.283301662;1.05518088165;0.932271423908;2.48294918418;528.402898410;0.467188755414;9.34079934379e-05;0.104569945126;liquid
283.300000000;8.00000000000;902.155491483;0.00110845636860;211.539836882;220.407487830;1.05561927602;0.932314638511;2.48449848704;527.945366945;0.468646238279;9.33237436116e-05;0.104508748567;liquid
283.350000000;8.00000000000;901.828822503;0.00110885788416;211.660888534;220.531751607;1.05605786696;0.932358191071;2.48605355305;527.487487885;0.470108179437;9.32395058656e-05;0.104447533477;liquid
283.400000000;8.00000000000;901.501762958;0.00110926017129;211.782011912;220.656093282;1.05649665540;0.932402083625;2.48761441717;527.029260066;0.471574600306;9.31552799972e-05;0.104386299776;liquid
283.450000000;8.00000000000;901.174311416;0.00110966323311;211.903207281;220.780513146;1.05693564230;0.932446318225;2.48918111464;526.570682324;0.473045522446;9.30710658029e-05;0.104325047383;liquid
283.500000000;8.00000000000;900.846466437;0.00111006707276;212.024474909;220.905011492;1.05737482863;0.932490896940;2.49075368101;526.111753489;0.474520967559;9.29868630783e-05;0.104263776217;liquid
283.550000000;8.00000000000;900.518226575;0.00111047169340;212.145815065;221.029588613;1.05781421535;0.932535821849;2.49233215214;525.652472385;0.476000957496;9.29026716183e-05;0.104202486196;liquid
283.600000000;8.00000000000;900.189590372;0.00111087709822;212.267228020;221.154244806;1.05825380344;0.932581095052;2.49391656416;525.192837832;0.477485514251;9.28184912167e-05;0.104141177238;liquid
283.650000000;8.00000000000;899.860556364;0.00111128329043;212.388714045;221.278980369;1.05869359387;0.932626718658;2.49550695354;524.732848646;0.478974659965;9.27343216667e-05;0.104079849261;liquid
283.700000000;8.00000000000;899.531123076;0.00111169027324;212.510273415;221.403795601;1.05913358764;0.932672694796;2.49710335705;524.272503638;0.480468416931;9.26501627603e-05;0.104018502184;liquid
283.750000000;8.00000000000;899.201289027;0.00111209804991;212.631906406;221.528690805;1.05957378573;0.932719025608;2.49870581174;523.811801613;0.481966807589;9.25660142890e-05;0.103957135921;liquid
283.800000000;8.00000000000;898.871052723;0.00111250662369;212.753613294;221.653666284;1.06001418914;0.932765713250;2.50031435502;523.350741373;0.483469854532;9.24818760431e-05;0.103895750392;liquid
283.850000000;8.00000000000;898.540412665;0.00111291599788;212.875394360;221.778722343;1.06045479888;0.932812759895;2.50192902460;522.889321714;0.484977580502;9.23977478121e-05;0.103834345511;liquid
283.900000000;8.00000000000;898.209367342;0.00111332617579;212.997249883;221.903859289;1.06089561594;0.932860167730;2.50354985848;522.427541427;0.486490008399;9.23136293846e-05;0.103772921195;liquid
283.950000000;8.00000000000;897.877915237;0.00111373716073;213.119180146;222.029077432;1.06133664136;0.932907938957;2.50517689504;521.965399299;0.488007161276;9.22295205484e-05;0.103711477360;liquid
284.000000000;8.00000000000;897.546054819;0.00111414895607;213.241185434;222.154377083;1.06177787615;0.932956075794;2.50681017293;521.502894113;0.489529062340;9.21454210901e-05;0.103650013921;liquid
284.050000000;8.00000000000;897.213784553;0.00111456156517;213.363266033;222.279758554;1.06221932135;0.933004580474;2.50844973116;521.040024644;0.491055734960;9.20613307956e-05;0.103588530792;liquid
284.100000000;8.00000000000;896.881102891;0.00111497499142;213.485422230;222.405222161;1.06266097797;0.933053455245;2.51009560908;520.576789664;0.492587202659;9.19772494498e-05;0.103527027890;liquid
284.150000000;8.00000000000;896.548008277;0.00111538923824;213.607654315;222.530768221;1.06310284708;0.933102702369;2.51174784635;520.113187941;0.494123489125;9.18931768367e-05;0.103465505127;liquid
284.200000000;8.00000000000;896.214499145;0.00111580430907;213.729962580;222.656397052;1.06354492970;0.933152324126;2.51340648297;519.649218236;0.495664618203;9.18091127393e-05;0.103403962418;liquid
284.250000000;8.00000000000;895.880573920;0.00111622020737;213.852347318;222.782108977;1.06398722691;0.933202322809;2.51507155931;519.184879306;0.497210613903;9.17250569395e-05;0.103342399676;liquid
284.300000000;8.00000000000;895.546231016;0.00111663693662;213.974808823;222.907904316;1.06442973975;0.933252700726;2.51674311605;518.720169904;0.498761500400;9.16410092184e-05;0.103280816814;liquid
284.350000000;8.00000000000;895.211468839;0.00111705450032;214.097347394;223.033783397;1.06487246930;0.933303460203;2.51842119425;518.255088776;0.500317302032;9.15569693562e-05;0.103219213745;liquid
284.400000000;8.00000000000;894.876285783;0.00111747290199;214.219963329;223.159746545;1.06531541664;0.933354603577;2.52010583529;517.789634664;0.501878043306;9.14729371319e-05;0.103157590382;liquid
284.450000000;8.00000000000;894.540680235;0.00111789214520;214.342656929;223.285794090;1.06575858283;0.933406133206;2.52179708091;517.323806304;0.503443748898;9.13889123236e-05;0.103095946637;liquid
284.500000000;8.00000000000;894.204650569;0.00111831223352;214.465428496;223.411926364;1.06620196897;0.933458051457;2.52349497324;516.857602429;0.505014443651;9.13048947083e-05;0.103034282421;liquid
284.550000000;8.00000000000;893.868195150;0.00111873317053;214.588278335;223.538143699;1.06664557615;0.933510360718;2.52519955474;516.391021764;0.506590152580;9.12208840623e-05;0.102972597645;liquid
284.600000000;8.00000000000;893.531312333;0.00111915495987;214.711206753;223.664446432;1.06708940548;0.933563063388;2.52691086823;515.924063031;0.508170900876;9.11368801604e-05;0.102910892221;liquid
284.650000000;8.00000000000;893.194000463;0.00111957760518;214.834214058;223.790834899;1.06753345807;0.933616161883;2.52862895692;515.456724946;0.509756713899;9.10528827767e-05;0.102849166058;liquid
284.700000000;8.00000000000;892.856257874;0.00112000111012;214.957300560;223.917309441;1.06797773502;0.933669658636;2.53035386437;514.989006219;0.511347617187;9.09688916843e-05;0.102787419068;liquid
284.750000000;8.00000000000;892.518082890;0.00112042547840;215.080466573;224.043870400;1.06842223746;0.933723556093;2.53208563454;514.520905557;0.512943636456;9.08849066550e-05;0.102725651159;liquid
284.800000000;8.00000000000;892.179473825;0.00112085071372;215.203712410;224.170518120;1.06886696652;0.933777856717;2.53382431175;514.052421659;0.514544797600;9.08009274596e-05;0.102663862242;liquid
284.850000000;8.00000000000;891.840428980;0.00112127681983;215.327038388;224.297252947;1.06931192334;0.933832562984;2.53556994069;513.583553221;0.516151126691;9.07169538681e-05;0.102602052224;liquid
284.900000000;8.00000000000;891.500946647;0.00112170380050;215.450444826;224.424075230;1.06975710907;0.933887677388;2.53732256647;513.114298931;0.517762649984;9.06329856490e-05;0.102540221016;liquid
284.950000000;8.00000000000;891.161025108;0.00112213165952;215.573932045;224.550985321;1.07020252484;0.933943202437;2.53908223455;512.644657474;0.519379393919;9.05490225701e-05;0.102478368524;liquid
285.000000000;8.00000000000;890.820662633;0.00112256040070;215.697500366;224.677983572;1.07064817183;0.933999140655;2.54084899082;512.174627530;0.521001385117;9.04650643979e-05;0.102416494657;liquid
285.050000000;8.00000000000;890.479857480;0.00112299002790;215.821150116;224.805070339;1.07109405119;0.934055494580;2.54262288153;511.704207770;0.522628650389;9.03811108977e-05;0.102354599322;liquid
285.100000000;8.00000000000;890.138607899;0.00112342054499;215.944881620;224.932245980;1.07154016411;0.934112266768;2.54440395336;511.233396864;0.524261216730;9.02971618340e-05;0.102292682426;liquid
285.150000000;8.00000000000;889.796912124;0.00112385195585;216.068695208;225.059510855;1.07198651176;0.934169459789;2.54619225338;510.762193473;0.525899111328;9.02132169699e-05;0.102230743876;liquid
285.200000000;8.00000000000;889.454768383;0.00112428426441;216.192591211;225.186865326;1.07243309533;0.934227076227;2.54798782906;510.290596255;0.527542361559;9.01292760674e-05;0.102168783578;liquid
285.250000000;8.00000000000;889.112174889;0.00112471747463;216.316569963;225.314309760;1.07287991603;0.934285118683;2.54979072829;509.818603861;0.529190994995;9.00453388875e-05;0.102106801438;liquid
285.300000000;8.00000000000;888.769129845;0.00112515159046;216.440631798;225.441844522;1.07332697505;0.934343589773;2.55160099938;509.346214937;0.530845039399;8.99614051899e-05;0.102044797361;liquid
285.350000000;8.00000000000;888.425631442;0.00112558661593;216.564777056;225.569469983;1.07377427360;0.934402492128;2.55341869105;508.873428122;0.532504522731;8.98774747332e-05;0.101982771252;liquid
285.400000000;8.00000000000;888.081677858;0.00112602255506;216.689006075;225.697186516;1.07422181291;0.934461828396;2.55524385244;508.400242051;0.534169473150;8.97935472748e-05;0.101920723016;liquid
285.450000000;8.00000000000;887.737267262;0.00112645941190;216.813319199;225.824994494;1.07466959421;0.934521601238;2.55707653313;507.926655353;0.535839919014;8.97096225710e-05;0.101858652557;liquid
285.500000000;8.00000000000;887.392397810;0.00112689719054;216.937716771;225.952894295;1.07511761873;0.934581813331;2.55891678312;507.452666651;0.537515888881;8.96257003767e-05;0.101796559779;liquid
285.550000000;8.00000000000;887.047067644;0.00112733589510;217.062199138;226.080886299;1.07556588772;0.934642467370;2.56076465285;506.978274562;0.539197411513;8.95417804459e-05;0.101734444585;liquid
285.600000000;8.00000000000;886.701274897;0.00112777552972;217.186766650;226.208970888;1.07601440243;0.934703566061;2.56262019319;506.503477698;0.540884515875;8.94578625310e-05;0.101672306878;liquid
285.650000000;8.00000000000;886.355017687;0.00112821609857;217.311419659;226.337148447;1.07646316412;0.934765112128;2.56448345547;506.028274665;0.542577231140;8.93739463836e-05;0.101610146561;liquid
285.700000000;8.00000000000;886.008294122;0.00112865760584;217.436158517;226.465419363;1.07691217406;0.934827108310;2.56635449144;505.552664062;0.544275586688;8.92900317536e-05;0.101547963535;liquid
285.750000000;8.00000000000;885.661102296;0.00112910005578;217.560983581;226.593784027;1.07736143353;0.934889557361;2.56823335333;505.076644483;0.545979612111;8.92061183902e-05;0.101485757703;liquid
285.800000000;8.00000000000;885.313440291;0.00112954345262;217.685895209;226.722242830;1.07781094382;0.934952462051;2.57012009380;504.600214516;0.547689337210;8.91222060407e-05;0.101423528966;liquid
285.850000000;8.00000000000;884.965306177;0.00112998780067;217.810893763;226.850796168;1.07826070622;0.935015825164;2.57201476600;504.123372744;0.549404792000;8.90382944518e-05;0.101361277224;liquid
285.900000000;8.00000000000;884.616698010;0.00113043310425;217.935979606;226.979444440;1.07871072203;0.935079649500;2.57391742351;503.646117742;0.551126006714;8.89543833683e-05;0.101299002379;liquid
285.950000000;8.00000000000;884.267613834;0.00113087936769;218.061153103;227.108188045;1.07916099257;0.935143937876;2.57582812041;503.168448080;0.552853011801;8.88704725342e-05;0.101236704330;liquid
286.000000000;8.00000000000;883.918051679;0.00113132659538;218.186414624;227.237027387;1.07961151916;0.935208693120;2.57774691122;502.690362322;0.554585837927;8.87865616918e-05;0.101174382976;liquid
286.050000000;8.00000000000;883.568009564;0.00113177479173;218.311764538;227.365962872;1.08006230312;0.935273918079;2.57967385098;502.211859026;0.556324515982;8.87026505825e-05;0.101112038218;liquid
286.100000000;8.00000000000;883.217485493;0.00113222396117;218.437203219;227.494994908;1.08051334581;0.935339615615;2.58160899516;501.732936743;0.558069077078;8.86187389460e-05;0.101049669953;liquid
286.150000000;8.00000000000;882.866477457;0.00113267410818;218.562731043;227.624123909;1.08096464856;0.935405788603;2.58355239976;501.253594019;0.559819552553;8.85348265208e-05;0.100987278080;liquid
286.200000000;8.00000000000;882.514983434;0.00113312523727;218.688348389;227.753350287;1.08141621273;0.935472439935;2.58550412125;500.773829393;0.561575973970;8.84509130442e-05;0.100924862497;liquid
286.250000000;8.00000000000;882.163001387;0.00113357735297;218.814055637;227.882674460;1.08186803969;0.935539572518;2.58746421660;500.293641398;0.563338373123;8.83669982518e-05;0.100862423101;liquid
286.300000000;8.00000000000;881.810529267;0.00113403045984;218.939853170;228.012096849;1.08232013082;0.935607189273;2.58943274327;499.813028559;0.565106782036;8.82830818782e-05;0.100799959790;liquid
286.350000000;8.00000000000;881.457565012;0.00113448456249;219.065741376;228.141617876;1.08277248750;0.935675293139;2.59140975926;499.331989398;0.566881232966;8.81991636564e-05;0.100737472459;liquid
286.400000000;8.00000000000;881.104106542;0.00113493966556;219.191720643;228.271237968;1.08322511112;0.935743887066;2.59339532303;498.850522428;0.568661758406;8.81152433180e-05;0.100674961006;liquid
286.450000000;8.00000000000;880.750151768;0.00113539577370;219.317791362;228.400957552;1.08367800310;0.935812974023;2.59538949359;498.368626155;0.570448391086;8.80313205933e-05;0.100612425326;liquid
286.500000000;8.00000000000;880.395698583;0.00113585289161;219.443953929;228.530777061;1.08413116483;0.935882556992;2.59739233046;497.886299082;0.572241163975;8.79473952111e-05;0.100549865313;liquid
286.550000000;8.00000000000;880.040744869;0.00113631102404;219.570208738;228.660696931;1.08458459775;0.935952638971;2.59940389368;497.403539701;0.574040110282;8.78634668987e-05;0.100487280864;liquid
286.600000000;8.00000000000;879.685288489;0.00113677017575;219.696556191;228.790717597;1.08503830330;0.936023222973;2.60142424383;496.920346501;0.575845263463;8.77795353822e-05;0.100424671872;liquid
286.650000000;8.00000000000;879.329327296;0.00113723035154;219.822996690;228.920839502;1.08549228290;0.936094312025;2.60345344202;496.436717962;0.577656657217;8.76956003859e-05;0.100362038231;liquid
286.700000000;8.00000000000;878.972859126;0.00113769155625;219.949530640;229.051063090;1.08594653802;0.936165909171;2.60549154988;495.952652559;0.579474325491;8.76116616330e-05;0.100299379835;liquid
286.750000000;8.00000000000;878.615881800;0.00113815379475;220.076158449;229.181388807;1.08640107012;0.936238017468;2.60753862962;495.468148758;0.581298302484;8.75277188448e-05;0.100236696576;liquid
286.800000000;8.00000000000;878.258393126;0.00113861707195;220.202880528;229.311817103;1.08685588067;0.936310639991;2.60959474398;494.983205020;0.583128622647;8.74437717416e-05;0.100173988348;liquid
286.850000000;8.00000000000;877.900390894;0.00113908139280;220.329697291;229.442348433;1.08731097115;0.936383779827;2.61165995625;494.497819800;0.584965320683;8.73598200417e-05;0.100111255043;liquid
286.900000000;8.00000000000;877.541872882;0.00113954676227;220.456609154;229.572983252;1.08776634306;0.936457440080;2.61373433029;494.011991543;0.586808431556;8.72758634622e-05;0.100048496552;liquid
286.950000000;8.00000000000;877.182836849;0.00114001318538;220.583616537;229.703722020;1.08822199791;0.936531623867;2.61581793054;493.525718690;0.588657990486;8.71919017185e-05;0.0999857127667;liquid
287.000000000;8.00000000000;876.823280542;0.00114048066719;220.710719862;229.834565200;1.08867793720;0.936606334322;2.61791082198;493.038999674;0.590514032956;8.71079345246e-05;0.0999229035777;liquid
287.050000000;8.00000000000;876.463201690;0.00114094921278;220.837919556;229.965513258;1.08913416247;0.936681574595;2.62001307019;492.551832920;0.592376594714;8.70239615928e-05;0.0998600688755;liquid
287.100000000;8.00000000000;876.102598007;0.00114141882729;220.965216045;230.096566664;1.08959067524;0.936757347847;2.62212474133;492.064216847;0.594245711772;8.69399826338e-05;0.0997972085499;liquid
287.150000000;8.00000000000;875.741467191;0.00114188951587;221.092609763;230.227725890;1.09004747707;0.936833657258;2.62424590214;491.576149866;0.596121420412;8.68559973569e-05;0.0997343224905;liquid
287.200000000;8.00000000000;875.379806924;0.00114236128374;221.220101143;230.358991413;1.09050456952;0.936910506020;2.62637661996;491.087630382;0.598003757189;8.67720054696e-05;0.0996714105862;liquid
287.250000000;8.00000000000;875.017614873;0.00114283413614;221.347690623;230.490363713;1.09096195414;0.936987897343;2.62851696273;490.598656791;0.599892758928;8.66880066779e-05;0.0996084727256;liquid
287.300000000;8.00000000000;874.654888685;0.00114330807835;221.475378644;230.621843271;1.09141963252;0.937065834449;2.63066699900;490.109227484;0.601788462733;8.66040006862e-05;0.0995455087968;liquid
287.350000000;8.00000000000;874.291625994;0.00114378311569;221.603165650;230.753430575;1.09187760625;0.937144320578;2.63282679792;489.619340842;0.603690905986;8.65199871970e-05;0.0994825186874;liquid
287.400000000;8.00000000000;873.927824417;0.00114425925352;221.731052087;230.885126115;1.09233587694;0.937223358982;2.63499642927;489.128995239;0.605600126349;8.64359659114e-05;0.0994195022846;liquid
287.450000000;8.00000000000;873.563481552;0.00114473649725;221.859038405;231.016930383;1.09279444619;0.937302952929;2.63717596345;488.638189044;0.607516161771;8.63519365289e-05;0.0993564594751;liquid
287.500000000;8.00000000000;873.198594981;0.00114521485232;221.987125059;231.148843877;1.09325331563;0.937383105704;2.63936547148;488.146920615;0.609439050485;8.62678987469e-05;0.0992933901453;liquid
287.550000000;8.00000000000;872.833162271;0.00114569432422;222.115312504;231.280867098;1.09371248690;0.937463820605;2.64156502503;487.655188304;0.611368831012;8.61838522616e-05;0.0992302941808;liquid
287.600000000;8.00000000000;872.467180968;0.00114617491845;222.243601201;231.413000548;1.09417196165;0.937545100944;2.64377469641;487.162990456;0.613305542169;8.60997967670e-05;0.0991671714672;liquid
287.650000000;8.00000000000;872.100648603;0.00114665664061;222.371991612;231.545244737;1.09463174152;0.937626950050;2.64599455857;486.670325407;0.615249223062;8.60157319558e-05;0.0991040218891;liquid
287.700000000;8.00000000000;871.733562689;0.00114713949629;222.500484205;231.677600175;1.09509182821;0.937709371267;2.64822468513;486.177191485;0.617199913099;8.59316575186e-05;0.0990408453311;liquid
287.750000000;8.00000000000;871.365920721;0.00114762349114;222.629079449;231.810067378;1.09555222338;0.937792367953;2.65046515035;485.683587011;0.619157651986;8.58475731445e-05;0.0989776416772;liquid
287.800000000;8.00000000000;870.997720176;0.00114810863087;222.757777817;231.942646864;1.09601292874;0.937875943481;2.65271602919;485.189510297;0.621122479732;8.57634785206e-05;0.0989144108108;liquid
287.850000000;8.00000000000;870.628958513;0.00114859492120;222.886579786;232.075339156;1.09647394599;0.937960101239;2.65497739726;484.694959648;0.623094436650;8.56793733325e-05;0.0988511526150;liquid
287.900000000;8.00000000000;870.259633172;0.00114908236793;223.015485836;232.208144780;1.09693527686;0.938044844632;2.65724933085;484.199933360;0.625073563365;8.55952572635e-05;0.0987878669724;liquid
287.950000000;8.00000000000;869.889741576;0.00114957097688;223.144496451;232.341064266;1.09739692307;0.938130177078;2.65953190697;483.704429721;0.627059900809;8.55111299957e-05;0.0987245537651;liquid
288.000000000;8.00000000000;869.519281128;0.00115006075392;223.273612118;232.474098149;1.09785888637;0.938216102010;2.66182520328;483.208447011;0.629053490233;8.54269912088e-05;0.0986612128748;liquid
288.050000000;8.00000000000;869.148249213;0.00115055170497;223.402833327;232.607246967;1.09832116852;0.938302622878;2.66412929818;482.711983501;0.631054373201;8.53428405809e-05;0.0985978441827;liquid
288.100000000;8.00000000000;868.776643197;0.00115104383599;223.532160572;232.740511260;1.09878377129;0.938389743145;2.66644427077;482.215037454;0.633062591600;8.52586777883e-05;0.0985344475695;liquid
288.150000000;8.00000000000;868.404460426;0.00115153715299;223.661594352;232.873891576;1.09924669646;0.938477466290;2.66877020086;481.717607125;0.635078187640;8.51745025053e-05;0.0984710229155;liquid
288.200000000;8.00000000000;868.031698228;0.00115203166203;223.791135168;233.007388464;1.09970994582;0.938565795808;2.67110716899;481.219690760;0.637101203855;8.50903144042e-05;0.0984075701006;liquid
288.250000000;8.00000000000;867.658353910;0.00115252736920;223.920783525;233.141002478;1.10017352120;0.938654735209;2.67345525643;480.721286595;0.639131683112;8.50061131555e-05;0.0983440890040;liquid
288.300000000;8.00000000000;867.284424760;0.00115302428068;224.050539931;233.274734177;1.10063742441;0.938744288017;2.67581454520;480.222392859;0.641169668609;8.49218984277e-05;0.0982805795048;liquid
288.350000000;8.00000000000;866.909908046;0.00115352240264;224.180404900;233.408584121;1.10110165728;0.938834457772;2.67818511804;479.723007772;0.643215203878;8.48376698874e-05;0.0982170414814;liquid
288.400000000;8.00000000000;866.534801018;0.00115402174134;224.310378947;233.542552878;1.10156622167;0.938925248031;2.68056705849;479.223129543;0.645268332793;8.47534271993e-05;0.0981534748118;liquid
288.450000000;8.00000000000;866.159100901;0.00115452230307;224.440462593;233.676641018;1.10203111944;0.939016662364;2.68296045080;478.722756375;0.647329099569;8.46691700258e-05;0.0980898793734;liquid
288.500000000;8.00000000000;865.782804905;0.00115502409419;224.570656362;233.810849115;1.10249635246;0.939108704357;2.68536538004;478.221886460;0.649397548766;8.45848980276e-05;0.0980262550434;liquid
288.550000000;8.00000000000;865.405910214;0.00115552712109;224.700960781;233.945177749;1.10296192263;0.939201377613;2.68778193202;477.720517982;0.651473725295;8.45006108633e-05;0.0979626016985;liquid
288.600000000;8.00000000000;865.028413996;0.00115603139021;224.831376382;234.079627504;1.10342783184;0.939294685749;2.69021019337;477.218649113;0.653557674416;8.44163081893e-05;0.0978989192147;liquid
288.650000000;8.00000000000;864.650313396;0.00115653690805;224.961903701;234.214198965;1.10389408203;0.939388632398;2.69265025148;476.716278019;0.655649441748;8.43319896601e-05;0.0978352074679;liquid
288.700000000;8.00000000000;864.271605535;0.00115704368117;225.092543278;234.348892727;1.10436067512;0.939483221210;2.69510219458;476.213402855;0.657749073268;8.42476549281e-05;0.0977714663332;liquid
288.750000000;8.00000000000;863.892287518;0.00115755171617;225.223295655;234.483709384;1.10482761306;0.939578455850;2.69756611169;475.710021766;0.659856615315;8.41633036435e-05;0.0977076956855;liquid
288.800000000;8.00000000000;863.512356424;0.00115806101970;225.354161382;234.618649539;1.10529489781;0.939674339997;2.70004209265;475.206132888;0.661972114596;8.40789354545e-05;0.0976438953992;liquid
288.850000000;8.00000000000;863.131809311;0.00115857159847;225.485141009;234.753713796;1.10576253134;0.939770877348;2.70253022815;474.701734347;0.664095618185;8.39945500070e-05;0.0975800653481;liquid
288.900000000;8.00000000000;862.750643217;0.00115908345924;225.616235092;234.888902766;1.10623051565;0.939868071617;2.70503060969;474.196824258;0.666227173534;8.39101469449e-05;0.0975162054059;liquid
288.950000000;8.00000000000;862.368855155;0.00115959660883;225.747444192;235.024217063;1.10669885275;0.939965926531;2.70754332965;473.691400729;0.668366828468;8.38257259099e-05;0.0974523154454;liquid
289.000000000;8.00000000000;861.986442118;0.00116011105412;225.878768873;235.159657306;1.10716754465;0.940064445836;2.71006848124;473.185461855;0.670514631196;8.37412865414e-05;0.0973883953394;liquid
289.050000000;8.00000000000;861.603401073;0.00116062680202;226.010209704;235.295224120;1.10763659339;0.940163633294;2.71260615855;472.679005722;0.672670630310;8.36568284766e-05;0.0973244449599;liquid
289.100000000;8.00000000000;861.219728969;0.00116114385953;226.141767256;235.430918132;1.10810600102;0.940263492681;2.71515645654;472.172030405;0.674834874791;8.35723513507e-05;0.0972604641787;liquid
289.150000000;8.00000000000;860.835422726;0.00116166223369;226.273442108;235.566739977;1.10857576961;0.940364027792;2.71771947107;471.664533970;0.677007414014;8.34878547964e-05;0.0971964528671;liquid
289.200000000;8.00000000000;860.450479245;0.00116218193158;226.405234840;235.702690293;1.10904590124;0.940465242439;2.72029529887;471.156514472;0.679188297749;8.34033384440e-05;0.0971324108959;liquid
289.250000000;8.00000000000;860.064895401;0.00116270296038;226.537146039;235.838769722;1.10951639801;0.940567140449;2.72288403759;470.647969953;0.681377576167;8.33188019219e-05;0.0970683381355;liquid
289.300000000;8.00000000000;859.678668047;0.00116322532729;226.669176295;235.974978914;1.10998726203;0.940669725667;2.72548578580;470.138898447;0.683575299844;8.32342448559e-05;0.0970042344560;liquid
289.350000000;8.00000000000;859.291794011;0.00116374903958;226.801326203;236.111318520;1.11045849543;0.940773001955;2.72810064300;469.629297977;0.685781519763;8.31496668694e-05;0.0969400997269;liquid
289.400000000;8.00000000000;858.904270096;0.00116427410460;226.933596361;236.247789198;1.11093010037;0.940876973191;2.73072870959;469.119166553;0.687996287323;8.30650675838e-05;0.0968759338173;liquid
289.450000000;8.00000000000;858.516093082;0.00116480052973;227.065987375;236.384391612;1.11140207899;0.940981643273;2.73337008696;468.608502176;0.690219654336;8.29804466177e-05;0.0968117365961;liquid
289.500000000;8.00000000000;858.127259722;0.00116532832243;227.198499851;236.521126430;1.11187443348;0.941087016114;2.73602487743;468.097302835;0.692451673040;8.28958035876e-05;0.0967475079314;liquid
289.550000000;8.00000000000;857.737766746;0.00116585749021;227.331134404;236.657994325;1.11234716604;0.941193095645;2.73869318431;467.585566506;0.694692396095;8.28111381073e-05;0.0966832476913;liquid
289.600000000;8.00000000000;857.347610859;0.00116638804067;227.463891650;236.794995976;1.11282027887;0.941299885818;2.74137511186;467.073291157;0.696941876593;8.27264497885e-05;0.0966189557433;liquid
289.650000000;8.00000000000;856.956788738;0.00116691998143;227.596772214;236.932132065;1.11329377421;0.941407390598;2.74407076536;466.560474741;0.699200168060;8.26417382402e-05;0.0965546319544;liquid
289.700000000;8.00000000000;856.565297036;0.00116745332021;227.729776721;237.069403283;1.11376765430;0.941515613972;2.74678025107;466.047115200;0.701467324461;8.25570030688e-05;0.0964902761913;liquid
289.750000000;8.00000000000;856.173132380;0.00116798806477;227.862905805;237.206810323;1.11424192141;0.941624559945;2.74950367628;465.533210466;0.703743400206;8.24722438786e-05;0.0964258883204;liquid
289.800000000;8.00000000000;855.780291370;0.00116852422296;227.996160101;237.344353885;1.11471657782;0.941734232539;2.75224114928;465.018758456;0.706028450151;8.23874602709e-05;0.0963614682075;liquid
289.850000000;8.00000000000;855.386770580;0.00116906180268;228.129540252;237.482034674;1.11519162582;0.941844635797;2.75499277943;464.503757077;0.708322529606;8.23026518447e-05;0.0962970157183;liquid
289.900000000;8.00000000000;854.992566557;0.00116960081188;228.263046905;237.619853400;1.11566706774;0.941955773779;2.75775867712;463.988204223;0.710625694341;8.22178181964e-05;0.0962325307178;liquid
289.950000000;8.00000000000;854.597675820;0.00117014125862;228.396680712;237.757810781;1.11614290590;0.942067650565;2.76053895379;463.472097775;0.712938000586;8.21329589197e-05;0.0961680130708;liquid
290.000000000;8.00000000000;854.202094863;0.00117068315099;228.530442329;237.895907537;1.11661914266;0.942180270257;2.76333372199;462.955435602;0.715259505039;8.20480736057e-05;0.0961034626418;liquid
290.050000000;8.00000000000;853.805820150;0.00117122649717;228.664332419;238.034144397;1.11709578039;0.942293636973;2.76614309533;462.438215560;0.717590264872;8.19631618430e-05;0.0960388792948;liquid
290.100000000;8.00000000000;853.408848118;0.00117177130540;228.798351649;238.172522092;1.11757282148;0.942407754853;2.76896718852;461.920435491;0.719930337735;8.18782232173e-05;0.0959742628935;liquid
290.150000000;8.00000000000;853.011175176;0.00117231758399;228.932500691;238.311041363;1.11805026833;0.942522628059;2.77180611740;461.402093225;0.722279781758;8.17932573117e-05;0.0959096133011;liquid
290.200000000;8.00000000000;852.612797704;0.00117286534133;229.066780222;238.449702953;1.11852812338;0.942638260770;2.77465999892;460.883186580;0.724638655562;8.17082637065e-05;0.0958449303808;liquid
290.250000000;8.00000000000;852.213712053;0.00117341458587;229.201190927;238.588507614;1.11900638907;0.942754657189;2.77752895119;460.363713357;0.727007018261;8.16232419793e-05;0.0957802139951;liquid
290.300000000;8.00000000000;851.813914546;0.00117396532614;229.335733492;238.727456101;1.11948506786;0.942871821539;2.78041309344;459.843671346;0.729384929466;8.15381917050e-05;0.0957154640063;liquid
290.350000000;8.00000000000;851.413401476;0.00117451757074;229.470408612;238.866549178;1.11996416224;0.942989758066;2.78331254611;459.323058322;0.731772449294;8.14531124556e-05;0.0956506802765;liquid
290.400000000;8.00000000000;851.012169105;0.00117507132836;229.605216986;239.005787613;1.12044367470;0.943108471035;2.78622743081;458.801872048;0.734169638371;8.13680038002e-05;0.0955858626673;liquid
290.450000000;8.00000000000;850.610213669;0.00117562660773;229.740159319;239.145172181;1.12092360779;0.943227964736;2.78915787033;458.280110269;0.736576557840;8.12828653052e-05;0.0955210110401;liquid
290.500000000;8.00000000000;850.207531368;0.00117618341770;229.875236320;239.284703662;1.12140396403;0.943348243480;2.79210398870;457.757770721;0.738993269362;8.11976965340e-05;0.0954561252558;liquid
290.550000000;8.00000000000;849.804118377;0.00117674176716;230.010448706;239.424382843;1.12188474599;0.943469311603;2.79506591116;457.234851119;0.741419835128;8.11124970470e-05;0.0953912051753;liquid
290.600000000;8.00000000000;849.399970837;0.00117730166510;230.145797197;239.564210518;1.12236595626;0.943591173462;2.79804376420;456.711349169;0.743856317860;8.10272664020e-05;0.0953262506591;liquid
290.650000000;8.00000000000;848.995084857;0.00117786312057;230.281282522;239.704187487;1.12284759744;0.943713833439;2.80103767557;456.187262559;0.746302780820;8.09420041534e-05;0.0952612615673;liquid
290.700000000;8.00000000000;848.589456517;0.00117842614272;230.416905414;239.844314555;1.12332967215;0.943837295940;2.80404777430;455.662588963;0.748759287813;8.08567098529e-05;0.0951962377598;liquid
290.750000000;8.00000000000;848.183081864;0.00117899074078;230.552666610;239.984592536;1.12381218304;0.943961565397;2.80707419072;455.137326038;0.751225903198;8.07713830490e-05;0.0951311790963;liquid
290.800000000;8.00000000000;847.775956912;0.00117955692403;230.688566856;240.125022249;1.12429513278;0.944086646263;2.81011705644;454.611471428;0.753702691889;8.06860232873e-05;0.0950660854362;liquid
290.850000000;8.00000000000;847.368077644;0.00118012470187;230.824606903;240.265604518;1.12477852405;0.944212543022;2.81317650443;454.085022759;0.756189719365;8.06006301102e-05;0.0950009566387;liquid
290.900000000;8.00000000000;846.959440008;0.00118069408376;230.960787508;240.406340178;1.12526235958;0.944339260179;2.81625266898;453.557977642;0.758687051674;8.05152030570e-05;0.0949357925627;liquid
290.950000000;8.00000000000;846.550039921;0.00118126507925;231.097109432;240.547230066;1.12574664208;0.944466802268;2.81934568577;453.030333672;0.761194755441;8.04297416639e-05;0.0948705930669;liquid
291.000000000;8.00000000000;846.139873266;0.00118183769799;231.233573446;240.688275029;1.12623137431;0.944595173850;2.82245569183;452.502088427;0.763712897876;8.03442454639e-05;0.0948053580098;liquid
291.050000000;8.00000000000;845.728935890;0.00118241194970;231.370180323;240.829475921;1.12671655905;0.944724379513;2.82558282560;451.973239469;0.766241546777;8.02587139868e-05;0.0947400872498;liquid
291.100000000;8.00000000000;845.317223608;0.00118298784417;231.506930846;240.970833600;1.12720219910;0.944854423872;2.82872722695;451.443784343;0.768780770541;8.01731467591e-05;0.0946747806449;liquid
291.150000000;8.00000000000;844.904732199;0.00118356539133;231.643825803;241.112348934;1.12768829728;0.944985311572;2.83188903716;450.913720576;0.771330638168;8.00875433040e-05;0.0946094380531;liquid
291.200000000;8.00000000000;844.491457409;0.00118414460114;231.780865987;241.254022796;1.12817485643;0.945117047286;2.83506839899;450.383045679;0.773891219269;8.00019031417e-05;0.0945440593321;liquid
291.250000000;8.00000000000;844.077394945;0.00118472548369;231.918052199;241.395856068;1.12866187942;0.945249635718;2.83826545667;449.851757143;0.776462584076;7.99162257886e-05;0.0944786443397;liquid
291.300000000;8.00000000000;843.662540481;0.00118530804915;232.055385246;241.537849639;1.12914936914;0.945383081601;2.84148035592;449.319852445;0.779044803444;7.98305107581e-05;0.0944131929333;liquid
291.350000000;8.00000000000;843.246889655;0.00118589230778;232.192865942;241.680004404;1.12963732851;0.945517389699;2.84471324398;448.787329040;0.781637948862;7.97447575601e-05;0.0943477049702;liquid
291.400000000;8.00000000000;842.830438066;0.00118647826993;232.330495106;241.822321266;1.13012576046;0.945652564807;2.84796426962;448.254184367;0.784242092461;7.96589657009e-05;0.0942821803078;liquid
291.450000000;8.00000000000;842.413181279;0.00118706594605;232.468273567;241.964801136;1.13061466796;0.945788611755;2.85123358319;447.720415845;0.786857307021;7.95731346835e-05;0.0942166188032;liquid
291.500000000;8.00000000000;841.995114819;0.00118765534669;232.606202158;242.107444931;1.13110405399;0.945925535401;2.85452133662;447.186020875;0.789483665976;7.94872640073e-05;0.0941510203135;liquid
291.550000000;8.00000000000;841.576234175;0.00118824648248;232.744281719;242.250253579;1.13159392157;0.946063340642;2.85782768341;446.650996838;0.792121243429;7.94013531684e-05;0.0940853846958;liquid
291.600000000;8.00000000000;841.156534797;0.00118883936418;232.882513099;242.393228012;1.13208427373;0.946202032404;2.86115277873;446.115341097;0.794770114151;7.93154016589e-05;0.0940197118070;liquid
291.650000000;8.00000000000;840.736012096;0.00118943400260;233.020897151;242.536369172;1.13257511353;0.946341615652;2.86449677938;445.579050993;0.797430353599;7.92294089677e-05;0.0939540015042;liquid
291.700000000;8.00000000000;840.314661446;0.00119003040870;233.159434738;242.679678008;1.13306644407;0.946482095384;2.86785984384;445.042123848;0.800102037914;7.91433745797e-05;0.0938882536441;liquid
291.750000000;8.00000000000;839.892478179;0.00119062859352;233.298126729;242.823155477;1.13355826845;0.946623476637;2.87124213229;444.504556965;0.802785243941;7.90572979763e-05;0.0938224680839;liquid
291.800000000;8.00000000000;839.469457588;0.00119122856819;233.436973999;242.966802544;1.13405058981;0.946765764483;2.87464380662;443.966347624;0.805480049227;7.89711786352e-05;0.0937566446804;liquid
291.850000000;8.00000000000;839.045594926;0.00119183034396;233.575977432;243.110620183;1.13454341132;0.946908964034;2.87806503049;443.427493085;0.808186532038;7.88850160303e-05;0.0936907832907;liquid
291.900000000;8.00000000000;838.620885406;0.00119243393219;233.715137918;243.254609376;1.13503673617;0.947053080439;2.88150596933;442.887990587;0.810904771363;7.87988096316e-05;0.0936248837719;liquid
291.950000000;8.00000000000;838.195324198;0.00119303934433;233.854456357;243.398771112;1.13553056757;0.947198118888;2.88496679036;442.347837346;0.813634846926;7.87125589054e-05;0.0935589459811;liquid
292.000000000;8.00000000000;837.768906431;0.00119364659195;233.993933654;243.543106389;1.13602490879;0.947344084611;2.88844766264;441.807030558;0.816376839193;7.86262633139e-05;0.0934929697756;liquid
292.050000000;8.00000000000;837.341627191;0.00119425568672;234.133570721;243.687616215;1.13651976308;0.947490982882;2.89194875708;441.265567395;0.819130829385;7.85399223157e-05;0.0934269550128;liquid
292.100000000;8.00000000000;836.913481524;0.00119486664043;234.273368481;243.832301605;1.13701513374;0.947638819014;2.89547024650;440.723445007;0.821896899484;7.84535353650e-05;0.0933609015501;liquid
292.150000000;8.00000000000;836.484464430;0.00119547946498;234.413327863;243.977163582;1.13751102412;0.947787598367;2.89901230559;440.180660521;0.824675132245;7.83671019124e-05;0.0932948092454;liquid
292.200000000;8.00000000000;836.054570866;0.00119609417237;234.553449802;244.122203181;1.13800743756;0.947937326342;2.90257511103;439.637211040;0.827465611206;7.82806214043e-05;0.0932286779564;liquid
292.250000000;8.00000000000;835.623795746;0.00119671077474;234.693735244;244.267421442;1.13850437744;0.948088008389;2.90615884143;439.093093644;0.830268420696;7.81940932828e-05;0.0931625075413;liquid
292.300000000;8.00000000000;835.192133938;0.00119732928432;234.834185142;244.412819417;1.13900184720;0.948239650002;2.90976367745;438.548305388;0.833083645851;7.81075169861e-05;0.0930962978584;liquid
292.350000000;8.00000000000;834.759580266;0.00119794971348;234.974800457;244.558398165;1.13949985026;0.948392256725;2.91338980174;438.002843304;0.835911372617;7.80208919481e-05;0.0930300487663;liquid
292.400000000;8.00000000000;834.326129507;0.00119857207468;235.115582158;244.704158755;1.13999839011;0.948545834148;2.91703739906;437.456704396;0.838751687768;7.79342175987e-05;0.0929637601240;liquid
292.450000000;8.00000000000;833.891776393;0.00119919638053;235.256531222;244.850102266;1.14049747024;0.948700387913;2.92070665624;436.909885647;0.841604678910;7.78474933630e-05;0.0928974317905;liquid
292.500000000;8.00000000000;833.456515608;0.00119982264374;235.397648635;244.996229785;1.14099709420;0.948855923713;2.92439776227;436.362384010;0.844470434501;7.77607186623e-05;0.0928310636256;liquid
292.550000000;8.00000000000;833.020341791;0.00120045087717;235.538935392;245.142542409;1.14149726555;0.949012447293;2.92811090828;435.814196414;0.847349043853;7.76738929133e-05;0.0927646554890;liquid
292.600000000;8.00000000000;832.583249529;0.00120108109377;235.680392496;245.289041246;1.14199798787;0.949169964451;2.93184628765;435.265319762;0.850240597150;7.75870155282e-05;0.0926982072412;liquid
292.650000000;8.00000000000;832.145233366;0.00120171330665;235.822020959;245.435727412;1.14249926481;0.949328481039;2.93560409594;434.715750927;0.853145185458;7.75000859148e-05;0.0926317187429;liquid
292.700000000;8.00000000000;831.706287791;0.00120234752902;235.963821801;245.582602033;1.14300110001;0.949488002968;2.93938453105;434.165486759;0.856062900739;7.74131034765e-05;0.0925651898553;liquid
292.750000000;8.00000000000;831.266407249;0.00120298377425;236.105796051;245.729666245;1.14350349718;0.949648536203;2.94318779316;433.614524075;0.858993835858;7.73260676118e-05;0.0924986204401;liquid
292.800000000;8.00000000000;830.825586131;0.00120362205581;236.247944750;245.876921196;1.14400646003;0.949810086770;2.94701408480;433.062859668;0.861938084601;7.72389777149e-05;0.0924320103597;liquid
292.850000000;8.00000000000;830.383818779;0.00120426238733;236.390268943;246.024368041;1.14450999232;0.949972660754;2.95086361092;432.510490299;0.864895741686;7.71518331752e-05;0.0923653594768;liquid
292.900000000;8.00000000000;829.941099482;0.00120490478255;236.532769687;246.172007948;1.14501409784;0.950136264302;2.95473657887;431.957412701;0.867866902777;7.70646333773e-05;0.0922986676548;liquid
292.950000000;8.00000000000;829.497422479;0.00120554925537;236.675448050;246.319842093;1.14551878041;0.950300903624;2.95863319852;431.403623577;0.870851664494;7.69773777009e-05;0.0922319347577;liquid
293.000000000;8.00000000000;829.052781955;0.00120619581981;236.818305107;246.467871665;1.14602404390;0.950466584994;2.96255368220;430.849119600;0.873850124431;7.68900655212e-05;0.0921651606503;liquid
293.050000000;8.00000000000;828.607172043;0.00120684449006;236.961341942;246.616097863;1.14652989219;0.950633314752;2.96649824486;430.293897410;0.876862381167;7.68026962081e-05;0.0920983451981;liquid
293.100000000;8.00000000000;828.160586819;0.00120749528040;237.104559652;246.764521895;1.14703632921;0.950801099306;2.97046710400;429.737953619;0.879888534282;7.67152691268e-05;0.0920314882670;liquid
293.150000000;8.00000000000;827.713020308;0.00120814820531;237.247959339;246.913144982;1.14754335892;0.950969945134;2.97446047983;429.181284804;0.882928684367;7.66277836374e-05;0.0919645897242;liquid
293.200000000;8.00000000000;827.264466478;0.00120880327939;237.391542120;247.061968355;1.14805098532;0.951139858783;2.97847859519;428.623887510;0.885982933048;7.65402390949e-05;0.0918976494375;liquid
293.250000000;8.00000000000;826.814919241;0.00120946051738;237.535309118;247.210993257;1.14855921245;0.951310846873;2.98252167572;428.065758251;0.889051382989;7.64526348491e-05;0.0918306672753;liquid
293.300000000;8.00000000000;826.364372452;0.00121011993418;237.679261469;247.360220943;1.14906804437;0.951482916100;2.98658994983;427.506893505;0.892134137919;7.63649702446e-05;0.0917636431074;liquid
293.350000000;8.00000000000;825.912819909;0.00121078154485;237.823400317;247.509652676;1.14957748520;0.951656073233;2.99068364876;426.947289717;0.895231302637;7.62772446208e-05;0.0916965768043;liquid
293.400000000;8.00000000000;825.460255353;0.00121144536459;237.967726818;247.659289735;1.15008753908;0.951830325122;2.99480300667;426.386943296;0.898342983036;7.61894573118e-05;0.0916294682374;liquid
293.450000000;8.00000000000;825.006672463;0.00121211140877;238.112242138;247.809133408;1.15059821019;0.952005678693;2.99894826066;425.825850617;0.901469286115;7.61016076460e-05;0.0915623172794;liquid
293.500000000;8.00000000000;824.552064862;0.00121277969290;238.256947454;247.959184997;1.15110950276;0.952182140958;3.00311965080;425.264008017;0.904610319999;7.60136949467e-05;0.0914951238040;liquid
293.550000000;8.00000000000;824.096426109;0.00121345023266;238.401843952;248.109445813;1.15162142104;0.952359719009;3.00731742026;424.701411799;0.907766193951;7.59257185314e-05;0.0914278876860;liquid
293.600000000;8.00000000000;823.639749706;0.00121412304391;238.546932831;248.259917183;1.15213396934;0.952538420024;3.01154181529;424.138058226;0.910937018393;7.58376777122e-05;0.0913606088015;liquid
293.650000000;8.00000000000;823.182029090;0.00121479814265;238.692215301;248.410600443;1.15264715199;0.952718251269;3.01579308531;423.573943524;0.914122904922;7.57495717952e-05;0.0912932870278;liquid
293.700000000;8.00000000000;822.723257635;0.00121547554505;238.837692583;248.561496943;1.15316097339;0.952899220102;3.02007148297;423.009063880;0.917323966331;7.56614000811e-05;0.0912259222435;liquid
293.750000000;8.00000000000;822.263428654;0.00121615526746;238.983365908;248.712608047;1.15367543794;0.953081333967;3.02437726423;422.443415442;0.920540316621;7.55731618644e-05;0.0911585143286;liquid
293.800000000;8.00000000000;821.802535392;0.00121683732641;239.129236519;248.863935130;1.15419055012;0.953264600408;3.02871068836;421.876994318;0.923772071028;7.54848564341e-05;0.0910910631646;liquid
293.850000000;8.00000000000;821.340571032;0.00121752173857;239.275305673;249.015479581;1.15470631443;0.953449027061;3.03307201806;421.309796575;0.927019346034;7.53964830729e-05;0.0910235686343;liquid
293.900000000;8.00000000000;820.877528690;0.00121820852082;239.421574635;249.167242802;1.15522273542;0.953634621663;3.03746151953;420.741818238;0.930282259394;7.53080410575e-05;0.0909560306223;liquid
293.950000000;8.00000000000;820.413401413;0.00121889769021;239.568044685;249.319226207;1.15573981768;0.953821392048;3.04187946247;420.173055289;0.933560930148;7.52195296585e-05;0.0908884490146;liquid
294.000000000;8.00000000000;819.948182182;0.00121958926397;239.714717115;249.471431226;1.15625756584;0.954009346158;3.04632612022;419.603503670;0.936855478650;7.51309481403e-05;0.0908208236990;liquid
294.050000000;8.00000000000;819.481863910;0.00122028325951;239.861593226;249.623859302;1.15677598459;0.954198492037;3.05080176980;419.033159274;0.940166026581;7.50422957609e-05;0.0907531545650;liquid
294.100000000;8.00000000000;819.014439437;0.00122097969443;240.008674336;249.776511891;1.15729507865;0.954388837839;3.05530669198;418.462017954;0.943492696977;7.49535717721e-05;0.0906854415039;liquid
294.150000000;8.00000000000;818.545901535;0.00122167858653;240.155961772;249.929390464;1.15781485280;0.954580391826;3.05984117137;417.890075516;0.946835614244;7.48647754188e-05;0.0906176844090;liquid
294.200000000;8.00000000000;818.076242903;0.00122237995379;240.303456876;250.082496506;1.15833531184;0.954773162376;3.06440549646;417.317327718;0.950194904186;7.47759059398e-05;0.0905498831754;liquid
294.250000000;8.00000000000;817.605456168;0.00122308381439;240.451161001;250.235831516;1.15885646065;0.954967157982;3.06899995973;416.743770273;0.953570694024;7.46869625670e-05;0.0904820377004;liquid
294.300000000;8.00000000000;817.133533884;0.00122379018671;240.599075515;250.389397009;1.15937830413;0.955162387254;3.07362485773;416.169398844;0.956963112420;7.45979445255e-05;0.0904141478832;liquid
294.350000000;8.00000000000;816.660468527;0.00122449908933;240.747201800;250.543194514;1.15990084724;0.955358858925;3.07828049114;415.594209047;0.960372289503;7.45088510336e-05;0.0903462136254;liquid
294.400000000;8.00000000000;816.186252502;0.00122521054102;240.895541247;250.697225576;1.16042409500;0.955556581852;3.08296716486;415.018196447;0.963798356888;7.44196813028e-05;0.0902782348308;liquid
294.450000000;8.00000000000;815.710878133;0.00122592456078;241.044095267;250.851491753;1.16094805245;0.955755565019;3.08768518812;414.441356559;0.967241447706;7.43304345374e-05;0.0902102114056;liquid
294.500000000;8.00000000000;815.234337668;0.00122664116781;241.192865280;251.005994622;1.16147272472;0.955955817539;3.09243487453;413.863684844;0.970701696626;7.42411099345e-05;0.0901421432584;liquid
294.550000000;8.00000000000;814.756623276;0.00122736038153;241.341852721;251.160735774;1.16199811696;0.956157348659;3.09721654219;413.285176713;0.974179239880;7.41517066841e-05;0.0900740303003;liquid
294.600000000;8.00000000000;814.277727045;0.00122808222156;241.491059042;251.315716815;1.16252423438;0.956360167763;3.10203051378;412.705827522;0.977674215294;7.40622239687e-05;0.0900058724450;liquid
294.650000000;8.00000000000;813.797640982;0.00122880670776;241.640485707;251.470939369;1.16305108224;0.956564284372;3.10687711667;412.125632573;0.981186762309;7.39726609634e-05;0.0899376696092;liquid
294.700000000;8.00000000000;813.316357013;0.00122953386020;241.790134194;251.626405076;1.16357866586;0.956769708151;3.11175668297;411.544587110;0.984717022013;7.38830168359e-05;0.0898694217121;liquid
294.750000000;8.00000000000;812.833866977;0.00123026369917;241.940005999;251.782115592;1.16410699061;0.956976448912;3.11666954970;410.962686324;0.988265137165;7.37932907459e-05;0.0898011286759;liquid
294.800000000;8.00000000000;812.350162631;0.00123099624522;242.090102630;251.938072591;1.16463606193;0.957184516614;3.12161605883;410.379925346;0.991831252228;7.37034818455e-05;0.0897327904259;liquid
294.850000000;8.00000000000;811.865235644;0.00123173151909;242.240425612;252.094277765;1.16516588528;0.957393921371;3.12659655741;409.796299247;0.995415513396;7.36135892789e-05;0.0896644068906;liquid
294.900000000;8.00000000000;811.379077599;0.00123246954181;242.390976485;252.250732820;1.16569646621;0.957604673450;3.13161139769;409.211803039;0.999018068623;7.35236121820e-05;0.0895959780016;liquid
294.950000000;8.00000000000;810.891679989;0.00123321033460;242.541756806;252.407439483;1.16622781031;0.957816783282;3.13666093721;408.626431675;1.00263906766;7.34335496830e-05;0.0895275036938;liquid
295.000000000;8.00000000000;810.403034217;0.00123395391895;242.692768146;252.564399498;1.16675992324;0.958030261458;3.14174553891;408.040180041;1.00627866206;7.33434009014e-05;0.0894589839057;liquid
295.050000000;8.00000000000;809.913131596;0.00123470031660;242.844012094;252.721614627;1.16729281072;0.958245118737;3.14686557129;407.453042964;1.00993700527;7.32531649485e-05;0.0893904185795;liquid
295.100000000;8.00000000000;809.421963344;0.00123544954954;242.995490255;252.879086652;1.16782647850;0.958461366051;3.15202140846;406.865015203;1.01361425259;7.31628409270e-05;0.0893218076608;liquid
295.150000000;8.00000000000;808.929520585;0.00123620164001;243.147204251;253.036817371;1.16836093243;0.958679014506;3.15721343032;406.276091454;1.01731056126;7.30724279309e-05;0.0892531510993;liquid
295.200000000;8.00000000000;808.435794350;0.00123695661052;243.299155720;253.194808604;1.16889617840;0.958898075385;3.16244202268;405.686266342;1.02102609046;7.29819250454e-05;0.0891844488485;liquid
295.250000000;8.00000000000;807.940775569;0.00123771448383;243.451346319;253.353062189;1.16943222237;0.959118560158;3.16770757736;405.095534427;1.02476100137;7.28913313468e-05;0.0891157008662;liquid
295.300000000;8.00000000000;807.444455076;0.00123847528299;243.603777721;253.511579984;1.16996907037;0.959340480478;3.17301049234;404.503890197;1.02851545721;7.28006459023e-05;0.0890469071143;liquid
295.350000000;8.00000000000;806.946823603;0.00123923903131;243.756451617;253.670363868;1.17050672847;0.959563848193;3.17835117189;403.911328070;1.03228962324;7.27098677698e-05;0.0889780675590;liquid
295.400000000;8.00000000000;806.447871781;0.00124000575238;243.909369719;253.829415738;1.17104520284;0.959788675345;3.18373002674;403.317842390;1.03608366684;7.26189959978e-05;0.0889091821713;liquid
295.450000000;8.00000000000;805.947590137;0.00124077547006;244.062533753;253.988737514;1.17158449970;0.960014974177;3.18914747419;402.723427430;1.03989775750;7.25280296253e-05;0.0888402509266;liquid
295.500000000;8.00000000000;805.445969095;0.00124154820853;244.215945467;254.148331136;1.17212462532;0.960242757137;3.19460393825;402.128077385;1.04373206691;7.24369676817e-05;0.0887712738053;liquid
295.550000000;8.00000000000;804.942998969;0.00124232399223;244.369606627;254.308198565;1.17266558607;0.960472036882;3.20009984985;401.531786374;1.04758676899;7.23458091862e-05;0.0887022507928;liquid
295.600000000;8.00000000000;804.438669967;0.00124310284591;244.523519018;254.468341785;1.17320738838;0.960702826283;3.20563564692;400.934548437;1.05146203989;7.22545531484e-05;0.0886331818796;liquid
295.650000000;8.00000000000;803.932972185;0.00124388479463;244.677684445;254.628762802;1.17375003874;0.960935138431;3.21121177461;400.336357536;1.05535805807;7.21631985673e-05;0.0885640670615;liquid
295.700000000;8.00000000000;803.425895608;0.00124466986373;244.832104733;254.789463642;1.17429354372;0.961168986640;3.21682868544;399.737207550;1.05927500435;7.20717444319e-05;0.0884949063400;liquid
295.750000000;8.00000000000;802.917430106;0.00124545807888;244.986781727;254.950446358;1.17483790998;0.961404384455;3.22248683943;399.137092277;1.06321306192;7.19801897204e-05;0.0884256997220;liquid
295.800000000;8.00000000000;802.407565435;0.00124624946608;245.141717293;255.111713022;1.17538314423;0.961641345652;3.22818670435;398.536005428;1.06717241641;7.18885334005e-05;0.0883564472206;liquid
295.850000000;8.00000000000;801.896291232;0.00124704405162;245.296913318;255.273265731;1.17592925327;0.961879884249;3.23392875582;397.933940631;1.07115325591;7.17967744287e-05;0.0882871488546;liquid
295.900000000;8.00000000000;801.383597014;0.00124784186216;245.452371711;255.435106608;1.17647624397;0.962120014507;3.23971347755;397.330891423;1.07515577107;7.17049117506e-05;0.0882178046494;liquid
295.950000000;8.00000000000;800.869472178;0.00124864292465;245.608094401;255.597237798;1.17702412328;0.962361750939;3.24554136151;396.726851253;1.07918015508;7.16129443004e-05;0.0881484146366;liquid
296.000000000;8.00000000000;800.353905995;0.00124944726640;245.764083341;255.759661472;1.17757289825;0.962605108313;3.25141290811;396.121813481;1.08322660378;7.15208710011e-05;0.0880789788547;liquid
296.050000000;8.00000000000;799.836887612;0.00125025491508;245.920340505;255.922379825;1.17812257598;0.962850101657;3.25732862642;395.515771371;1.08729531566;7.14286907635e-05;0.0880094973490;liquid
296.100000000;8.00000000000;799.318406047;0.00125106589869;246.076867890;256.085395080;1.17867316367;0.963096746269;3.26328903437;394.908718093;1.09138649195;7.13364024870e-05;0.0879399701718;liquid
296.150000000;8.00000000000;798.798450188;0.00125188024559;246.233667518;256.248709483;1.17922466860;0.963345057717;3.26929465895;394.300646721;1.09550033664;7.12440050586e-05;0.0878703973828;liquid
296.200000000;8.00000000000;798.277008790;0.00125269798452;246.390741432;256.412325308;1.17977709815;0.963595051853;3.27534603647;393.691550232;1.09963705658;7.11514973529e-05;0.0878007790495;liquid
296.250000000;8.00000000000;797.754070475;0.00125351914457;246.548091701;256.576244858;1.18033045977;0.963846744809;3.28144371270;393.081421499;1.10379686147;7.10588782323e-05;0.0877311152468;liquid
296.300000000;8.00000000000;797.229623725;0.00125434375522;246.705720418;256.740470460;1.18088476101;0.964100153013;3.28758824318;392.470253297;1.10797996398;7.09661465460e-05;0.0876614060581;liquid
296.350000000;8.00000000000;796.703656886;0.00125517184634;246.863629702;256.905004472;1.18144000949;0.964355293189;3.29378019343;391.858038294;1.11218657978;7.08733011305e-05;0.0875916515749;liquid
296.400000000;8.00000000000;796.176158158;0.00125600344817;247.021821694;257.069849280;1.18199621296;0.964612182366;3.30002013917;391.244769052;1.11641692758;7.07803408088e-05;0.0875218518972;liquid
296.450000000;8.00000000000;795.647115599;0.00125683859137;247.180298565;257.235007296;1.18255337924;0.964870837887;3.30630866658;390.630438027;1.12067122922;7.06872643906e-05;0.0874520071342;liquid
296.500000000;8.00000000000;795.116517120;0.00125767730700;247.339062510;257.400480966;1.18311151623;0.965131277409;3.31264637260;390.015037563;1.12494970974;7.05940706716e-05;0.0873821174039;liquid
296.550000000;8.00000000000;794.584350480;0.00125851962651;247.498115751;257.566272763;1.18367063197;0.965393518919;3.31903386512;389.398559891;1.12925259739;7.05007584337e-05;0.0873121828340;liquid
296.600000000;8.00000000000;794.050603288;0.00125936558181;247.657460538;257.732385192;1.18423073456;0.965657580733;3.32547176331;388.780997128;1.13358012377;7.04073264445e-05;0.0872422035617;liquid
296.650000000;8.00000000000;793.515262995;0.00126021520522;247.817099148;257.898820790;1.18479183222;0.965923481508;3.33196069787;388.162341275;1.13793252384;7.03137734568e-05;0.0871721797347;liquid
296.700000000;8.00000000000;792.978316896;0.00126106852948;247.977033888;258.065582124;1.18535393327;0.966191240249;3.33850131133;387.542584214;1.14231003599;7.02200982087e-05;0.0871021115105;liquid
296.750000000;8.00000000000;792.439752123;0.00126192558781;248.137267091;258.232671793;1.18591704613;0.966460876315;3.34509425833;386.921717704;1.14671290215;7.01262994234e-05;0.0870319990578;liquid
296.800000000;8.00000000000;791.899555645;0.00126278641385;248.297801122;258.400092433;1.18648117935;0.966732409429;3.35174020595;386.299733382;1.15114136783;7.00323758083e-05;0.0869618425561;liquid
296.850000000;8.00000000000;791.357714263;0.00126365104172;248.458638375;258.567846709;1.18704634155;0.967005859681;3.35843983401;385.676622758;1.15559568219;6.99383260553e-05;0.0868916421963;liquid
296.900000000;8.00000000000;790.814214609;0.00126451950601;248.619781274;258.735937322;1.18761254150;0.967281247544;3.36519383537;385.052377215;1.16007609815;6.98441488402e-05;0.0868213981812;liquid
296.950000000;8.00000000000;790.269043139;0.00126539184178;248.781232276;258.904367010;1.18817978806;0.967558593875;3.37200291630;384.426988004;1.16458287240;6.97498428225e-05;0.0867511107257;liquid
297.000000000;8.00000000000;789.722186135;0.00126626808460;248.942993867;259.073138544;1.18874809020;0.967837919928;3.37886779680;383.800446243;1.16911626556;6.96554066450e-05;0.0866807800571;liquid
297.050000000;8.00000000000;789.173629695;0.00126714827051;249.105068568;259.242254732;1.18931745704;0.968119247359;3.38578921094;383.172742914;1.17367654221;6.95608389336e-05;0.0866104064157;liquid
297.100000000;8.00000000000;788.623359735;0.00126803243609;249.267458931;259.411718420;1.18988789778;0.968402598238;3.39276790726;382.543868861;1.17826397097;6.94661382965e-05;0.0865399900553;liquid
297.150000000;8.00000000000;788.071361984;0.00126892061841;249.430167543;259.581532490;1.19045942177;0.968687995057;3.39980464909;381.913814786;1.18287882460;6.93713033246e-05;0.0864695312432;liquid
297.200000000;8.00000000000;787.517621980;0.00126981285509;249.593197024;259.751699865;1.19103203848;0.968975460737;3.40690021498;381.282571248;1.18752138011;6.92763325906e-05;0.0863990302610;liquid
297.250000000;8.00000000000;786.962125065;0.00127070918428;249.756550031;259.922223505;1.19160575750;0.969265018642;3.41405539906;380.650128660;1.19219191879;6.91812246487e-05;0.0863284874051;liquid
297.300000000;8.00000000000;786.404856381;0.00127160964468;249.920229255;260.093106412;1.19218058855;0.969556692583;3.42127101148;380.016477285;1.19689072634;6.90859780343e-05;0.0862579029869;liquid
297.350000000;8.00000000000;785.845800872;0.00127251427556;250.084237423;260.264351627;1.19275654150;0.969850506831;3.42854787880;379.381607234;1.20161809298;6.89905912638e-05;0.0861872773333;liquid
297.400000000;8.00000000000;785.284943269;0.00127342311676;250.248577301;260.435962235;1.19333362634;0.970146486128;3.43588684441;378.745508463;1.20637431348;6.88950628337e-05;0.0861166107875;liquid
297.450000000;8.00000000000;784.722268097;0.00127433620869;250.413251692;260.607941361;1.19391185319;0.970444655693;3.44328876902;378.108170771;1.21115968733;6.87993912207e-05;0.0860459037091;liquid
297.500000000;8.00000000000;784.157759663;0.00127525359238;250.578263437;260.780292176;1.19449123233;0.970745041238;3.45075453107;377.469583796;1.21597451880;6.87035748811e-05;0.0859751564752;liquid
297.550000000;8.00000000000;783.591402056;0.00127617530945;250.743615418;260.953017893;1.19507177417;0.971047668974;3.45828502724;376.829737011;1.22081911704;6.86076122501e-05;0.0859043694801;liquid
297.600000000;8.00000000000;783.023179140;0.00127710140216;250.909310555;261.126121773;1.19565348929;0.971352565622;3.46588117290;376.188619724;1.22569379621;6.85115017419e-05;0.0858335431369;liquid
297.650000000;8.00000000000;782.453074549;0.00127803191338;251.075351813;261.299607120;1.19623638838;0.971659758427;3.47354390262;375.546221072;1.23059887557;6.84152417488e-05;0.0857626778770;liquid
297.700000000;8.00000000000;781.881071686;0.00127896688667;251.241742195;261.473477289;1.19682048232;0.971969275168;3.48127417070;374.902530019;1.23553467958;6.83188306408e-05;0.0856917741518;liquid
297.750000000;8.00000000000;781.307153714;0.00127990636620;251.408484749;261.647735679;1.19740578213;0.972281144170;3.48907295169;374.257535354;1.24050153803;6.82222667654e-05;0.0856208324325;liquid
297.800000000;8.00000000000;780.731303553;0.00128085039686;251.575582567;261.822385742;1.19799229899;0.972595394312;3.49694124093;373.611225684;1.24549978615;6.81255484466e-05;0.0855498532108;liquid
297.850000000;8.00000000000;780.153503874;0.00128179902421;251.743038785;261.997430979;1.19858004424;0.972912055046;3.50488005511;372.963589434;1.25052976474;6.80286739851e-05;0.0854788370003;liquid
297.900000000;8.00000000000;779.573737095;0.00128275229451;251.910856584;262.172874940;1.19916902941;0.973231156402;3.51289043287;372.314614845;1.25559182026;6.79316416570e-05;0.0854077843364;liquid
297.950000000;8.00000000000;778.991985373;0.00128371025476;252.079039194;262.348721232;1.19975926617;0.973552729007;3.52097343538;371.664289967;1.26068630498;6.78344497139e-05;0.0853366957772;liquid
298.000000000;8.00000000000;778.408230603;0.00128467295268;252.247589891;262.524973512;1.20035076638;0.973876804093;3.52913014698;371.012602655;1.26581357711;6.77370963819e-05;0.0852655719046;liquid
298.050000000;8.00000000000;777.822454406;0.00128564043676;252.416512000;262.701635494;1.20094354207;0.974203413513;3.53736167578;370.359540570;1.27097400091;6.76395798616e-05;0.0851944133245;liquid
298.100000000;8.00000000000;777.234638129;0.00128661275623;252.585808896;262.878710946;1.20153760547;0.974532589754;3.54566915434;369.705091171;1.27616794684;6.75418983267e-05;0.0851232206681;liquid
298.150000000;8.00000000000;776.644762835;0.00128758996114;252.755484005;263.056203694;1.20213296897;0.974864365948;3.55405374035;369.049241716;1.28139579169;6.74440499241e-05;0.0850519945925;liquid
298.200000000;8.00000000000;776.052809301;0.00128857210233;252.925540806;263.234117625;1.20272964516;0.975198775890;3.56251661732;368.391979251;1.28665791871;6.73460327732e-05;0.0849807357815;liquid
298.250000000;8.00000000000;775.458758004;0.00128955923146;253.095982829;263.412456681;1.20332764684;0.975535854051;3.57105899528;367.733290616;1.29195471778;6.72478449649e-05;0.0849094449464;liquid
298.300000000;8.00000000000;774.862589125;0.00129055140103;253.266813662;263.591224870;1.20392698699;0.975875635592;3.57968211156;367.073162432;1.29728658555;6.71494845612e-05;0.0848381228271;liquid
298.350000000;8.00000000000;774.264282532;0.00129154866440;253.438036944;263.770426259;1.20452767880;0.976218156378;3.58838723153;366.411581102;1.30265392555;6.70509495947e-05;0.0847667701930;liquid
298.400000000;8.00000000000;773.663817779;0.00129255107583;253.609656375;263.950064981;1.20512973566;0.976563452996;3.59717564940;365.748532808;1.30805714842;6.69522380676e-05;0.0846953878438;liquid
298.450000000;8.00000000000;773.061174099;0.00129355869044;253.781675711;264.130145234;1.20573317119;0.976911562768;3.60604868901;365.084003504;1.31349667199;6.68533479512e-05;0.0846239766108;liquid
298.500000000;8.00000000000;772.456330393;0.00129457156431;253.954098769;264.310671283;1.20633799921;0.977262523771;3.61500770473;364.417978913;1.31897292151;6.67542771852e-05;0.0845525373575;liquid
298.550000000;8.00000000000;771.849265226;0.00129558975444;254.126929425;264.491647461;1.20694423377;0.977616374848;3.62405408225;363.750444524;1.32448632977;6.66550236768e-05;0.0844810709810;liquid
298.600000000;8.00000000000;771.239956817;0.00129661331880;254.300171621;264.673078171;1.20755188915;0.977973155628;3.63318923954;363.081385587;1.33003733729;6.65555853002e-05;0.0844095784131;liquid
298.650000000;8.00000000000;770.628383033;0.00129764231634;254.473829358;264.854967889;1.20816097985;0.978332906544;3.64241462775;362.410787108;1.33562639249;6.64559598953e-05;0.0843380606214;liquid
298.700000000;8.00000000000;770.014521379;0.00129867680704;254.647906706;265.037321162;1.20877152063;0.978695668848;3.65173173216;361.738633846;1.34125395189;6.63561452677e-05;0.0842665186101;liquid
298.750000000;8.00000000000;769.398348990;0.00129971685189;254.822407801;265.220142616;1.20938352648;0.979061484632;3.66114207318;361.064910311;1.34692048026;6.62561391873e-05;0.0841949534220;liquid
298.800000000;8.00000000000;768.779842621;0.00130076251296;254.997336846;265.403436949;1.20999701264;0.979430396842;3.67064720736;360.389600753;1.35262645083;6.61559393874e-05;0.0841233661390;liquid
298.850000000;8.00000000000;768.158978644;0.00130181385338;255.172698116;265.587208943;1.21061199461;0.979802449301;3.68024872844;359.712689164;1.35837234548;6.60555435643e-05;0.0840517578840;liquid
298.900000000;8.00000000000;767.535733029;0.00130287093743;255.348495957;265.771463456;1.21122848815;0.980177686728;3.68994826845;359.034159271;1.36415865495;6.59549493759e-05;0.0839801298220;liquid
298.950000000;8.00000000000;766.910081344;0.00130393383048;255.524734787;265.956205431;1.21184650929;0.980556154754;3.69974749882;358.353994532;1.36998587903;6.58541544413e-05;0.0839084831614;liquid
299.000000000;8.00000000000;766.281998740;0.00130500259910;255.701419103;266.141439896;1.21246607433;0.980937899947;3.70964813154;357.672178130;1.37585452675;6.57531563392e-05;0.0838368191556;liquid
299.050000000;8.00000000000;765.651459940;0.00130607731105;255.878553475;266.327171964;1.21308719986;0.981322969828;3.71965192038;356.988692971;1.38176511666;6.56519526075e-05;0.0837651391045;liquid
299.100000000;8.00000000000;765.018439234;0.00130715803530;256.056142555;266.513406837;1.21370990275;0.981711412896;3.72976066211;356.303521676;1.38771817696;6.55505407423e-05;0.0836934443564;liquid
299.150000000;8.00000000000;764.382910463;0.00130824484210;256.234191073;266.700149810;1.21433420017;0.982103278649;3.73997619777;355.616646581;1.39371424582;6.54489181962e-05;0.0836217363087;liquid
299.200000000;8.00000000000;763.744847011;0.00130933780295;256.412703845;266.887406268;1.21496010959;0.982498617605;3.75030041403;354.928049725;1.39975387153;6.53470823780e-05;0.0835500164108;liquid
299.250000000;8.00000000000;763.104221792;0.00131043699071;256.591685769;267.075181695;1.21558764880;0.982897481323;3.76073524455;354.237712855;1.40583761280;6.52450306514e-05;0.0834782861648;liquid
299.300000000;8.00000000000;762.461007240;0.00131154247956;256.771141833;267.263481669;1.21621683590;0.983299922432;3.77128267138;353.545617410;1.41196603895;6.51427603336e-05;0.0834065471280;liquid
299.350000000;8.00000000000;761.815175296;0.00131265434508;256.951077112;267.452311872;1.21684768930;0.983705994649;3.78194472642;352.851744526;1.41813973022;6.50402686943e-05;0.0833348009144;liquid
299.400000000;8.00000000000;761.166697396;0.00131377266428;257.131496773;267.641678087;1.21748022778;0.984115752808;3.79272349298;352.156075025;1.42435927798;6.49375529548e-05;0.0832630491966;liquid
299.450000000;8.00000000000;760.515544458;0.00131489751562;257.312406077;267.831586202;1.21811447044;0.984529252882;3.80362110733;351.458589410;1.43062528500;6.48346102863e-05;0.0831912937085;liquid
299.500000000;8.00000000000;759.861686868;0.00131602897906;257.493810382;268.022042215;1.21875043674;0.984946552009;3.81463976028;350.759267865;1.43693836575;6.47314378091e-05;0.0831195362463;liquid
299.550000000;8.00000000000;759.205094471;0.00131716713610;257.675715144;268.213052233;1.21938814648;0.985367708521;3.82578169895;350.058090243;1.44329914665;6.46280325908e-05;0.0830477786715;liquid
299.600000000;8.00000000000;758.545736549;0.00131831206982;257.858125920;268.404622478;1.22002761986;0.985792781968;3.83704922842;349.355036066;1.44970826637;6.45243916456e-05;0.0829760229131;liquid
299.650000000;8.00000000000;757.883581813;0.00131946386490;258.041048369;268.596759288;1.22066887744;0.986221833149;3.84844471360;348.650084518;1.45616637610;6.44205119322e-05;0.0829042709694;liquid
299.700000000;8.00000000000;757.218598389;0.00132062260770;258.224488261;268.789469122;1.22131194018;0.986654924136;3.85997058108;347.943214438;1.46267413990;6.43163903531e-05;0.0828325249109;liquid
299.750000000;8.00000000000;756.550753795;0.00132178838628;258.408451471;268.982758561;1.22195682943;0.987092118309;3.87162932103;347.234404317;1.46923223495;6.42120237526e-05;0.0827607868827;liquid
299.800000000;8.00000000000;755.880014935;0.00132296129047;258.592943988;269.176634312;1.22260356696;0.987533480379;3.88342348926;346.523632293;1.47584135192;6.41074089157e-05;0.0826890591072;liquid
299.850000000;8.00000000000;755.206348076;0.00132414141188;258.777971916;269.371103211;1.22325217495;0.987979076426;3.89535570926;345.810876142;1.48250219527;6.40025425661e-05;0.0826173438864;liquid
299.900000000;8.00000000000;754.529718833;0.00132532884397;258.963541477;269.566172228;1.22390267603;0.988428973926;3.90742867437;345.096113277;1.48921548357;6.38974213651e-05;0.0825456436054;liquid
299.950000000;8.00000000000;753.850092152;0.00132652368211;259.149659013;269.761848470;1.22455509324;0.988883241784;3.91964515000;344.379320738;1.49598194988;6.37920419097e-05;0.0824739607346;liquid
300.000000000;8.00000000000;753.167432293;0.00132772602362;259.336330993;269.958139182;1.22520945012;0.989341950368;3.93200797595;343.660475191;1.50280234210;6.36864007309e-05;0.0824022978332;liquid
300.050000000;8.00000000000;752.481702810;0.00132893596783;259.523564013;270.155051755;1.22586577064;0.989805171545;3.94452006884;342.939552917;1.50967742330;6.35804942921e-05;0.0823306575524;liquid
300.100000000;8.00000000000;751.792866534;0.00133015361613;259.711364798;270.352593727;1.22652407928;0.990272978713;3.95718442455;342.216529813;1.51660797213;6.34743189871e-05;0.0822590426382;liquid
300.150000000;8.00000000000;751.100885549;0.00133137907203;259.899740211;270.550772787;1.22718440098;0.990745446838;3.97000412083;341.491381380;1.52359478318;6.33678711386e-05;0.0821874559354;liquid
300.200000000;8.00000000000;750.405721177;0.00133261244122;260.088697251;270.749596781;1.22784676122;0.991222652492;3.98298232000;340.764082720;1.53063866742;6.32611469957e-05;0.0821159003907;liquid
300.250000000;8.00000000000;749.707333955;0.00133385383163;260.278243062;270.949073715;1.22851118599;0.991704673890;3.99612227172;340.034608530;1.53774045253;6.31541427327e-05;0.0820443790564;liquid
300.300000000;8.00000000000;749.005683612;0.00133510335353;260.468384931;271.149211759;1.22917770180;0.992191590932;4.00942731587;339.302933097;1.54490098339;6.30468544464e-05;0.0819728950946;liquid
300.350000000;8.00000000000;748.300729047;0.00133636111951;260.659130299;271.350019255;1.22984633574;0.992683485237;4.02290088557;338.569030290;1.55212112249;6.29392781544e-05;0.0819014517806;liquid
300.400000000;8.00000000000;747.592428307;0.00133762724465;260.850486758;271.551504715;1.23051711543;0.993180440194;4.03654651030;337.832873555;1.55940175036;6.28314097929e-05;0.0818300525076;liquid
300.450000000;8.00000000000;746.880738565;0.00133890184653;261.042462062;271.753676834;1.23119006911;0.993682540993;4.05036781915;337.094435910;1.56674376603;6.27232452144e-05;0.0817587007905;liquid
300.500000000;8.00000000000;746.165616090;0.00134018504530;261.235064125;271.956544488;1.23186522560;0.994189874680;4.06436854418;336.353689938;1.57414808751;6.26147801853e-05;0.0816874002707;liquid
300.550000000;8.00000000000;745.447016225;0.00134147696380;261.428301032;272.160116743;1.23254261432;0.994702530195;4.07855252393;335.610607780;1.58161565227;6.25060103837e-05;0.0816161547207;liquid
300.600000000;8.00000000000;744.724893361;0.00134277772761;261.622181039;272.364402860;1.23322226535;0.995220598419;4.09292370705;334.865161131;1.58914741772;6.23969313970e-05;0.0815449680485;liquid
300.650000000;8.00000000000;743.999200908;0.00134408746512;261.816712580;272.569412301;1.23390420940;0.995744172226;4.10748615614;334.117321233;1.59674436175;6.22875387193e-05;0.0814738443033;liquid
300.700000000;8.00000000000;743.269891267;0.00134540630765;262.011904272;272.775154733;1.23458847787;0.996273346528;4.12224405164;333.367058867;1.60440748325;6.21778277486e-05;0.0814027876803;liquid
300.750000000;8.00000000000;742.536915803;0.00134673438952;262.207764919;272.981640035;1.23527510284;0.996808218326;4.13720169597;332.614344350;1.61213780265;6.20677937845e-05;0.0813318025261;liquid
300.800000000;8.00000000000;741.800224810;0.00134807184813;262.404303520;273.188878305;1.23596411708;0.997348886765;4.15236351780;331.859147524;1.61993636247;6.19574320251e-05;0.0812608933446;liquid
300.850000000;8.00000000000;741.059767487;0.00134941882406;262.601529273;273.396879866;1.23665555413;0.997895453185;4.16773407653;331.101437757;1.62780422792;6.18467375644e-05;0.0811900648027;liquid
300.900000000;8.00000000000;740.315491896;0.00135077546120;262.799451581;273.605655270;1.23734944825;0.998448021176;4.18331806687;330.341183929;1.63574248747;6.17357053890e-05;0.0811193217366;liquid
300.950000000;8.00000000000;739.567344938;0.00135214190681;262.998080056;273.815215310;1.23804583450;0.999006696640;4.19912032375;329.578354430;1.64375225350;6.16243303754e-05;0.0810486691580;liquid
301.000000000;8.00000000000;738.815272313;0.00135351831165;263.197424530;274.025571023;1.23874474870;0.999571587842;4.21514582730;328.812917152;1.65183466290;6.15126072867e-05;0.0809781122607;liquid
301.050000000;8.00000000000;738.059218482;0.00135490483007;263.397495059;274.236733699;1.23944622753;1.00014280548;4.23139970817;328.044839483;1.65999087776;6.14005307690e-05;0.0809076564281;liquid
301.100000000;8.00000000000;737.299126637;0.00135630162016;263.598301927;274.448714888;1.24015030850;1.00072046273;4.24788725295;327.274088301;1.66822208599;6.12880953487e-05;0.0808373072394;liquid
301.150000000;8.00000000000;736.534938654;0.00135770884383;263.799855659;274.661526410;1.24085703000;1.00130467534;4.26461390997;326.500629965;1.67652950208;6.11752954284e-05;0.0807670704782;liquid
301.200000000;8.00000000000;735.766595061;0.00135912666695;264.002167022;274.875180358;1.24156643130;1.00189556166;4.28158529519;325.724430312;1.68491436778;6.10621252834e-05;0.0806969521396;liquid
301.250000000;8.00000000000;734.994034988;0.00136055525949;264.205247038;275.089689114;1.24227855262;1.00249324276;4.29880719852;324.945454647;1.69337795286;6.09485790583e-05;0.0806269584386;liquid
301.300000000;8.00000000000;734.217196132;0.00136199479564;264.409106988;275.305065353;1.24299343512;1.00309784244;4.31628559031;324.163667739;1.70192155587;6.08346507628e-05;0.0805570958187;liquid
301.350000000;8.00000000000;733.436014707;0.00136344545393;264.613758419;275.521322051;1.24371112097;1.00370948735;4.33402662814;323.379033811;1.71054650496;6.07203342676e-05;0.0804873709606;liquid
301.400000000;8.00000000000;732.650425398;0.00136490741742;264.819213159;275.738472499;1.24443165331;1.00432830704;4.35203666397;322.591516537;1.71925415864;6.06056233006e-05;0.0804177907916;liquid
301.450000000;8.00000000000;731.860361315;0.00136638087381;265.025483319;275.956530309;1.24515507638;1.00495443406;4.37032225160;321.801079032;1.72804590671;6.04905114423e-05;0.0803483624954;liquid
301.500000000;8.00000000000;731.065753944;0.00136786601561;265.232581304;276.175509429;1.24588143547;1.00558800402;4.38889015443;321.007683844;1.73692317108;6.03749921215e-05;0.0802790935217;liquid
301.550000000;8.00000000000;730.266533091;0.00136936304032;265.440519824;276.395424146;1.24661077700;1.00622915570;4.40774735365;320.211292952;1.74588740673;6.02590586107e-05;0.0802099915971;liquid
301.600000000;8.00000000000;729.462626829;0.00137087215057;265.649311901;276.616289106;1.24734314854;1.00687803110;4.42690105675;319.411867753;1.75494010258;6.01427040212e-05;0.0801410647360;liquid
301.650000000;8.00000000000;728.653961447;0.00137239355429;265.858970883;276.838119318;1.24807859885;1.00753477554;4.44635870651;318.609369060;1.76408278256;6.00259212980e-05;0.0800723212521;liquid
301.700000000;8.00000000000;727.840461385;0.00137392746495;266.069510451;277.060930170;1.24881717791;1.00819953779;4.46612799034;317.803757089;1.77331700653;5.99087032152e-05;0.0800037697702;liquid
301.750000000;8.00000000000;727.022049177;0.00137547410169;266.280944629;277.284737443;1.24955893700;1.00887247012;4.48621685013;316.994991457;1.78264437140;5.97910423699e-05;0.0799354192387;liquid
301.800000000;8.00000000000;726.198645390;0.00137703368954;266.493287802;277.509557318;1.25030392867;1.00955372842;4.50663349256;316.183031169;1.79206651220;5.96729311775e-05;0.0798672789428;liquid
301.850000000;8.00000000000;725.370168552;0.00137860645965;266.706554719;277.735406396;1.25105220686;1.01024347228;4.52738639991;315.367834614;1.80158510317;5.95543618651e-05;0.0797993585180;liquid
301.900000000;8.00000000000;724.536535092;0.00138019264946;266.920760513;277.962301709;1.25180382689;1.01094186515;4.54848434147;314.549359559;1.81120185898;5.94353264661e-05;0.0797316679643;liquid
301.950000000;8.00000000000;723.697659263;0.00138179250299;267.135920708;278.190260732;1.25255884555;1.01164907439;4.56993638538;313.727563132;1.82091853594;5.93158168141e-05;0.0796642176612;liquid
302.000000000;8.00000000000;722.853453070;0.00138340627101;267.352051237;278.419301405;1.25331732112;1.01236527142;4.59175191126;312.902401824;1.83073693325;5.91958245357e-05;0.0795970183831;liquid
302.050000000;8.00000000000;722.003826195;0.00138503421134;267.569168452;278.649442143;1.25407931341;1.01309063181;4.61394062334;312.073831476;1.84065889430;5.90753410447e-05;0.0795300813156;liquid
302.100000000;8.00000000000;721.148685913;0.00138667658908;267.787289142;278.880701854;1.25484488387;1.01382533545;4.63651256438;311.241807267;1.85068630809;5.89543575345e-05;0.0794634180725;liquid
302.150000000;8.00000000000;720.287937014;0.00138833367687;268.006430544;279.113099959;1.25561409559;1.01456956662;4.65947813018;310.406283711;1.86082111061;5.88328649712e-05;0.0793970407138;liquid
302.200000000;8.00000000000;719.421481709;0.00139000575521;268.226610365;279.346656407;1.25638701338;1.01532351418;4.68284808503;309.567214645;1.87106528631;5.87108540859e-05;0.0793309617638;liquid
302.250000000;8.00000000000;718.549219544;0.00139169311273;268.447846791;279.581391693;1.25716370382;1.01608737165;4.70663357787;308.724553218;1.88142086968;5.85883153669e-05;0.0792651942311;liquid
302.300000000;8.00000000000;717.671047306;0.00139339604650;268.670158511;279.817326883;1.25794423537;1.01686133741;4.73084615933;307.878251884;1.89188994686;5.84652390516e-05;0.0791997516285;liquid
302.350000000;8.00000000000;716.786858919;0.00139511486233;268.893564728;280.054483627;1.25872867836;1.01764561480;4.75549779975;307.028262390;1.90247465726;5.83416151179e-05;0.0791346479948;liquid
302.400000000;8.00000000000;715.896545344;0.00139684987517;269.118085185;280.292884187;1.25951710513;1.01844041232;4.78060090820;306.174535766;1.91317719536;5.82174332753e-05;0.0790698979167;liquid
302.450000000;8.00000000000;714.999994473;0.00139860140941;269.343740181;280.532551456;1.26030959005;1.01924594374;4.80616835246;305.317022310;1.92399981253;5.80926829556e-05;0.0790055165527;liquid
302.500000000;8.00000000000;714.097091012;0.00140036979927;269.570550589;280.773508983;1.26110620964;1.02006242832;4.83221348026;304.455671586;1.93494481891;5.79673533037e-05;0.0789415196570;liquid
302.550000000;8.00000000000;713.187716363;0.00140215538919;269.798537883;281.015780996;1.26190704261;1.02089009095;4.85875014165;303.590432401;1.94601458542;5.78414331668e-05;0.0788779236059;liquid
302.600000000;8.00000000000;712.271748505;0.00140395853422;270.027724155;281.259392429;1.26271216998;1.02172916235;4.88579271268;302.721252798;1.95721154582;5.77149110845e-05;0.0788147454243;liquid
302.650000000;8.00000000000;711.349061860;0.00140577960050;270.258132144;281.504368948;1.26352167515;1.02257987925;4.91335612047;301.848080042;1.96853819893;5.75877752775e-05;0.0787520028140;liquid
302.700000000;8.00000000000;710.419527160;0.00140761896565;270.489785254;281.750736980;1.26433564397;1.02344248460;4.94145586973;300.970860607;1.97999711085;5.74600136363e-05;0.0786897141838;liquid
302.750000000;8.00000000000;709.483011306;0.00140947701927;270.722707588;281.998523742;1.26515416488;1.02431722776;4.97010807090;300.089540157;1.99159091739;5.73316137090e-05;0.0786278986801;liquid
302.800000000;8.00000000000;708.539377216;0.00141135416345;270.956923965;282.247757273;1.26597732898;1.02520436474;4.99932946997;299.204063535;2.00332232656;5.72025626889e-05;0.0785665762199;liquid
302.850000000;8.00000000000;707.588483671;0.00141325081326;271.192459959;282.498466465;1.26680523016;1.02610415841;5.02913748008;298.314374742;2.01519412118;5.70728474015e-05;0.0785057675253;liquid
302.900000000;8.00000000000;706.630185155;0.00141516739733;271.429341921;282.750681099;1.26763796516;1.02701687874;5.05955021513;297.420416924;2.02720916164;5.69424542904e-05;0.0784454941590;liquid
302.950000000;8.00000000000;705.664331676;0.00141710435842;271.667597012;283.004431879;1.26847563375;1.02794280306;5.09058652547;296.522132351;2.03937038878;5.68113694030e-05;0.0783857785632;liquid
303.000000000;8.00000000000;704.690768593;0.00141906215402;271.907253239;283.259750471;1.26931833883;1.02888221630;5.12226603578;295.619462394;2.05168082694;5.66795783756e-05;0.0783266440984;liquid
303.050000000;8.00000000000;703.709336421;0.00142104125701;272.148339487;283.516669543;1.27016618653;1.02983541129;5.15460918546;294.712347511;2.06414358712;5.65470664174e-05;0.0782681150862;liquid
303.100000000;8.00000000000;702.719870634;0.00142304215633;272.390885554;283.775222805;1.27101928639;1.03080268901;5.18763727155;293.800727217;2.07676187035;5.64138182937e-05;0.0782102168533;liquid
303.150000000;8.00000000000;701.722201457;0.00142506535766;272.634922194;284.035445055;1.27187775147;1.03178435895;5.22137249449;292.884540064;2.08953897121;5.62798183089e-05;0.0781529757777;liquid
303.200000000;8.00000000000;700.716153642;0.00142711138426;272.880481151;284.297372225;1.27274169852;1.03278073935;5.25583800688;291.963723614;2.10247828155;5.61450502875e-05;0.0780964193380;liquid
303.250000000;8.00000000000;699.701546240;0.00142918077768;273.127595208;284.561041429;1.27361124813;1.03379215759;5.29105796551;291.038214412;2.11558329441;5.60094975554e-05;0.0780405761650;liquid
303.300000000;8.00000000000;698.678192349;0.00143127409865;273.376298227;284.826491016;1.27448652490;1.03481895052;5.32705758692;290.107947957;2.12885760811;5.58731429191e-05;0.0779854760961;liquid
303.350000000;8.00000000000;697.645898864;0.00143339192795;273.626625197;285.093760621;1.27536765762;1.03586146483;5.36386320667;289.172858666;2.14230493064;5.57359686448e-05;0.0779311502326;liquid
303.400000000;8.00000000000;696.604466198;0.00143553486738;273.878612289;285.362891228;1.27625477943;1.03692005745;5.40150234284;288.232879846;2.15592908424;5.55979564354e-05;0.0778776310009;liquid
303.450000000;8.00000000000;695.553687996;0.00143770354073;274.132296900;285.633925226;1.27714802809;1.03799509594;5.44000376385;287.287943655;2.16973401023;5.54590874070e-05;0.0778249522157;liquid
303.500000000;8.00000000000;694.493350834;0.00143989859485;274.387717717;285.906906476;1.27804754608;1.03908695894;5.47939756112;286.337981060;2.18372377416;5.53193420641e-05;0.0777731491482;liquid
303.550000000;8.00000000000;693.423233891;0.00144212070079;274.644914773;286.181880379;1.27895348093;1.04019603663;5.51971522694;285.382921801;2.19790257120;5.51787002727e-05;0.0777222585978;liquid
303.600000000;8.00000000000;692.343108614;0.00144437055494;274.903929506;286.458893945;1.27986598539;1.04132273119;5.56098973795;284.422694341;2.21227473191;5.50371412324e-05;0.0776723189670;liquid
303.650000000;8.00000000000;691.252738354;0.00144664888038;275.164804832;286.737995875;1.28078521767;1.04246745735;5.60325564472;283.457225820;2.22684472825;5.48946434475e-05;0.0776233703425;liquid
303.700000000;8.00000000000;690.151877989;0.00144895642813;275.427585211;287.019236636;1.28171134175;1.04363064293;5.64654916800;282.486442002;2.24161718005;5.47511846948e-05;0.0775754545790;liquid
303.750000000;8.00000000000;689.040273511;0.00145129397866;275.692316722;287.302668551;1.28264452764;1.04481272937;5.69090830208;281.510267222;2.25659686180;5.46067419916e-05;0.0775286153901;liquid
303.800000000;8.00000000000;687.917661604;0.00145366234335;275.959047143;287.588345890;1.28358495167;1.04601417241;5.73637292611;280.528624322;2.27178870986;5.44612915598e-05;0.0774828984426;liquid
303.850000000;8.00000000000;686.783769184;0.00145606236616;276.227826036;287.876324965;1.28453279679;1.04723544271;5.78298492377;279.541434591;2.28719783011;5.43148087893e-05;0.0774383514585;liquid
303.900000000;8.00000000000;685.638312913;0.00145849492534;276.498704835;288.166664237;1.28548825295;1.04847702654;5.83078831235;278.548617695;2.30282950607;5.41672681985e-05;0.0773950243218;liquid
303.950000000;8.00000000000;684.480998687;0.00146096093525;276.771736941;288.459424423;1.28645151742;1.04973942656;5.87982938184;277.550091602;2.31868920754;5.40186433924e-05;0.0773529691929;liquid
304.000000000;8.00000000000;683.311521082;0.00146346134837;277.046977827;288.754668614;1.28742279518;1.05102316253;5.93015684503;276.545772507;2.33478259972;5.38689070183e-05;0.0773122406296;liquid
304.050000000;8.00000000000;682.129562774;0.00146599715739;277.324485142;289.052462401;1.28840229934;1.05232877226;5.98182199966;275.535574743;2.35111555299;5.37180307185e-05;0.0772728957162;liquid
304.100000000;8.00000000000;680.934793911;0.00146856939746;277.604318829;289.352874008;1.28939025156;1.05365681241;6.03487890361;274.519410697;2.36769415319;5.35659850802e-05;0.0772349942009;liquid
304.150000000;8.00000000000;679.726871450;0.00147117914857;277.886541247;289.655974436;1.29038688252;1.05500785952;6.08938456449;273.497190707;2.38452471268;5.34127395819e-05;0.0771985986417;supercritical
304.200000000;8.00000000000;678.505438448;0.00147382753820;278.171217306;289.961837611;1.29139243241;1.05638251102;6.14539914481;272.468822968;2.40161378204;5.32582625363e-05;0.0771637745628;supercritical
304.250000000;8.00000000000;677.270123300;0.00147651574401;278.458414604;290.270540556;1.29240715147;1.05778138633;6.20298618432;271.434213413;2.41896816249;5.31025210296e-05;0.0771305906202;supercritical
304.300000000;8.00000000000;676.020538928;0.00147924499688;278.748203580;290.582163555;1.29343130054;1.05920512806;6.26221284113;270.393265605;2.43659491921;5.29454808569e-05;0.0770991187793;supercritical
304.350000000;8.00000000000;674.756281912;0.00148201658407;279.040657676;290.896790348;1.29446515169;1.06065440326;6.32315015338;269.345880611;2.45450139545;5.27871064523e-05;0.0770694345045;supercritical
304.400000000;8.00000000000;673.476931559;0.00148483185264;279.335853511;291.214508332;1.29550898887;1.06212990482;6.38587332341;268.291956866;2.47269522759;5.26273608154e-05;0.0770416169611;supercritical
304.450000000;8.00000000000;672.182048905;0.00148769221319;279.633871065;291.535408770;1.29656310859;1.06363235289;6.45046202678;267.231390042;2.49118436121;5.24662054319e-05;0.0770157492318;supercritical
304.500000000;8.00000000000;670.871175642;0.00149059914378;279.934793882;291.859587032;1.29762782069;1.06516249654;6.51700074838;266.164072893;2.50997706822;5.23036001888e-05;0.0769919185481;supercritical
304.550000000;8.00000000000;669.543832967;0.00149355419431;280.238709282;292.187142837;1.29870344916;1.06672111538;6.58557914847;265.089895107;2.52908196512;5.21395032835e-05;0.0769702165376;supercritical
304.600000000;8.00000000000;668.199520347;0.00149655899106;280.545708597;292.518180525;1.29979033298;1.06830902146;6.65629246159;264.008743136;2.54850803250;5.19738711268e-05;0.0769507394896;supercritical
304.650000000;8.00000000000;666.837714184;0.00149961524180;280.855887414;292.852809349;1.30088882711;1.06992706124;6.72924193164;262.920500025;2.56826463581;5.18066582379e-05;0.0769335886387;supercritical
304.700000000;8.00000000000;665.457866385;0.00150272474114;281.169345850;293.191143779;1.30199930345;1.07157611772;6.80453528683;261.825045236;2.58836154765;5.16378171332e-05;0.0769188704691;supercritical
304.750000000;8.00000000000;664.059402816;0.00150588937640;281.486188839;293.533303850;1.30312215198;1.07325711276;6.88228725860;260.722254451;2.60880897141;5.14672982051e-05;0.0769066970419;supercritical
304.800000000;8.00000000000;662.641721633;0.00150911113405;281.806526444;293.879415516;1.30425778191;1.07497100961;6.96262014904;259.611999383;2.62961756670;5.12950495931e-05;0.0768971863444;supercritical
304.850000000;8.00000000000;661.204191486;0.00151239210652;282.130474198;294.229611050;1.30540662298;1.07671881559;7.04566445190;258.494147562;2.65079847638;5.11210170446e-05;0.0768904626665;supercritical
304.900000000;8.00000000000;659.746149574;0.00151573449977;282.458153471;294.584029469;1.30656912683;1.07850158506;7.13155953280;257.368562133;2.67236335555;5.09451437651e-05;0.0768866570047;supercritical
304.950000000;8.00000000000;658.266899538;0.00151914064144;282.789691862;294.942816994;1.30774576851;1.08032042259;7.22045437491;256.235101626;2.69432440253;5.07673702568e-05;0.0768859074954;supercritical
305.000000000;8.00000000000;656.765709190;0.00152261298970;283.125223635;295.306127553;1.30893704812;1.08217648641;7.31250839722;255.093619742;2.71669439196;5.05876341452e-05;0.0768883598812;supercritical
305.050000000;8.00000000000;655.241808046;0.00152615414297;283.464890182;295.674123325;1.31014349253;1.08407099223;7.40789235309;253.943965116;2.73948671028;5.04058699918e-05;0.0768941680120;supercritical
305.100000000;8.00000000000;653.694384651;0.00152976685051;283.808840527;296.046975331;1.31136565737;1.08600521723;7.50678931802;252.785981084;2.76271539366;5.02220090917e-05;0.0769034943844;supercritical
305.150000000;8.00000000000;652.122583676;0.00153345402388;284.157231883;296.424864074;1.31260412906;1.08798050459;7.60939577627;251.619505457;2.78639516864;5.00359792559e-05;0.0769165107219;supercritical
305.200000000;8.00000000000;650.525502773;0.00153721874967;284.510230245;296.807980243;1.31385952710;1.08999826830;7.71592281753;250.444370276;2.81054149573;4.98477045756e-05;0.0769333985996;supercritical
305.250000000;8.00000000000;648.902189142;0.00154106430327;284.868011047;297.196525473;1.31513250656;1.09205999846;7.82659745589;249.260401590;2.83517061599;4.96571051685e-05;0.0769543501174;supercritical
305.300000000;8.00000000000;647.251635812;0.00154499416405;285.230759865;297.590713178;1.31642376076;1.09416726701;7.94166408507;248.067419225;2.86029960115;4.94640969030e-05;0.0769795686262;supercritical
305.350000000;8.00000000000;645.572777579;0.00154901203200;285.598673203;297.990769459;1.31773402426;1.09632173412;8.06138608557;246.865236570;2.88594640732;4.92685911020e-05;0.0770092695114;supercritical
305.400000000;8.00000000000;643.864486586;0.00155312184603;285.971959331;298.396934099;1.31906407601;1.09852515504;8.18604760149;245.653660374;2.91212993262;4.90704942209e-05;0.0770436810390;supercritical
305.450000000;8.00000000000;642.125567502;0.00155732780411;286.350839213;298.809461645;1.32041474298;1.10077938778;8.31595550711;244.432490559;2.93887007917;4.88697075000e-05;0.0770830452717;supercritical
305.500000000;8.00000000000;640.354752259;0.00156163438543;286.735547521;299.228622604;1.32178690394;1.10308640139;8.45144158597;243.201520058;2.96618781971;4.86661265884e-05;0.0771276190608;supercritical
305.550000000;8.00000000000;638.550694304;0.00156604637489;287.126333743;299.654704742;1.32318149372;1.10544828531;8.59286494857;241.960534682;2.99410526930;4.84596411364e-05;0.0771776751234;supercritical
305.600000000;8.00000000000;636.711962311;0.00157056889016;287.523463399;300.088014521;1.32459950788;1.10786725956;8.74061471839;240.709313019;3.02264576252;4.82501343541e-05;0.0772335032155;supercritical
305.650000000;8.00000000000;634.837033308;0.00157520741156;287.927219377;300.528878669;1.32604200782;1.11034568618;8.89511302069;239.447626382;3.05183393679;4.80374825338e-05;0.0772954114122;supercritical
305.700000000;8.00000000000;632.924285138;0.00157996781524;288.337903395;300.977645917;1.32751012638;1.11288608201;9.05681831377;238.175238805;3.08169582217;4.78215545320e-05;0.0773637275119;supercritical
305.750000000;8.00000000000;630.971988205;0.00158485640994;288.755837622;301.434688901;1.32900507402;1.11549113304;9.22622910915;236.891907105;3.11225893848;4.76022112081e-05;0.0774388005829;supercritical
305.800000000;8.00000000000;628.978296414;0.00158987997790;289.181366448;301.900406271;1.33052814573;1.11816371067;9.40388813543;235.597381016;3.14355240039;4.73793048158e-05;0.0775210026777;supercritical
305.850000000;8.00000000000;626.941237214;0.00159504582031;289.614858453;302.375225015;1.33208072847;1.12090689030;9.59038701073;234.291403413;3.17560703114;4.71526783432e-05;0.0776107307467;supercritical
305.900000000;8.00000000000;624.858700651;0.00160036180813;290.056708568;302.859603033;1.33366430962;1.12372397256;9.78637150193;232.973710640;3.20845548597;4.69221647964e-05;0.0777084087930;supercritical
305.950000000;8.00000000000;622.728427316;0.00160583643870;290.507340477;303.354031987;1.33528048619;1.12661850805;9.99254746594;231.644032958;3.24213238613;4.66875864212e-05;0.0778144903230;supercritical
306.000000000;8.00000000000;620.547995040;0.00161147889928;290.967209280;303.859040474;1.33693097508;1.12959432611;10.2096875901;230.302095144;3.27667446463;4.64487538573e-05;0.0779294611668;supercritical
306.050000000;8.00000000000;618.314804209;0.00161729913823;291.436804450;304.375197555;1.33861762463;1.13265556883;10.4386390786;228.947617255;3.31212072495;4.62054652173e-05;0.0780538427652;supercritical
306.100000000;8.00000000000;616.026061483;0.00162330794511;291.916653134;304.903116695;1.34034242730;1.13580673135;10.6803324714;227.580315616;3.34851261411;4.59575050809e-05;0.0781881960556;supercritical
306.150000000;8.00000000000;613.678761730;0.00162951704110;292.407323848;305.443460177;1.34210753406;1.13905271006;10.9357918346;226.199904050;3.38589421173;4.57046433956e-05;0.0783331261356;supercritical
306.200000000;8.00000000000;611.269667893;0.00163593918122;292.909430620;305.996944070;1.34391527052;1.14239886070;11.2061466341;224.806095446;3.42431243682;4.54466342686e-05;0.0784892879436;supercritical
306.250000000;8.00000000000;608.795288470;0.00164258827054;293.423637672;306.564343836;1.34576815508;1.14585106841;11.4926457044;223.398603730;3.46381727447;4.51832146329e-05;0.0786573932833;supercritical
306.300000000;8.00000000000;606.251852196;0.00164947949664;293.950664732;307.146500705;1.34766891963;1.14941583259;11.7966738564;221.977146371;3.50446202506;4.49141027655e-05;0.0788382196284;supercritical
306.350000000;8.00000000000;603.635279408;0.00165662948160;294.491293100;307.744328953;1.34962053321;1.15310036939;12.1197718555;220.541447609;3.54630357899;4.46389966260e-05;0.0790326212960;supercritical
306.400000000;8.00000000000;600.941149414;0.00166405645707;295.046372633;308.358824289;1.35162622918;1.15691273493;12.4636607458;219.091242634;3.58940272125;4.43575719757e-05;0.0792415437625;supercritical
306.450000000;8.00000000000;598.164663001;0.00167178046758;295.616829853;308.991073594;1.35368953686;1.16086197184;12.8302718246;217.626283093;3.63382447131;4.40694802203e-05;0.0794660421378;supercritical
306.500000000;8.00000000000;595.300598911;0.00167982360815;296.203677462;309.642266327;1.35581431855;1.16495828066;13.2217839939;216.146344419;3.67963846611;4.37743459017e-05;0.0797073050852;supercritical
306.550000000;8.00000000000;592.343262790;0.00168821030443;296.808025605;310.313708040;1.35800481339;1.16921321478;13.6406707347;214.651235692;3.72691939702;4.34717637372e-05;0.0799666857700;supercritical
306.600000000;8.00000000000;589.286426606;0.00169696764570;297.431095365;311.006836531;1.36026568981;1.17363989288;14.0897595368;213.140813037;3.77574751619;4.31612950729e-05;0.0802457416598;supercritical
306.650000000;8.00000000000;586.123256029;0.00170612578449;298.074235076;311.723241351;1.36260210887;1.17825321425;14.5723071692;211.614997896;3.82620923316;4.28424635823e-05;0.0805462850499;supercritical
306.700000000;8.00000000000;582.846222573;0.00171571841984;298.738940195;312.464687554;1.36501980138;1.18307004874;15.0920944488;210.073802040;3.87839782833;4.25147500038e-05;0.0808704457577;supercritical
306.750000000;8.00000000000;579.446996834;0.00172578338565;299.426877643;313.233144728;1.36752516219;1.18810935277;15.6535436271;208.517361740;3.93241431294;4.21775856932e-05;0.0812207460090;supercritical
306.800000000;8.00000000000;575.916318921;0.00173636336938;300.139915544;314.030822499;1.37012536546;1.19339213453;16.2618591135;206.945984275;3.98836845816;4.18303447928e-05;0.0816001842135;supercritical
306.850000000;8.00000000000;572.243843080;0.00174750678770;300.880159250;314.860213552;1.37282850440;1.19894115574;16.9231861102;205.360210795;4.04637998332;4.14723349531e-05;0.0820123176505;supercritical
306.900000000;8.00000000000;568.417956539;0.00175926884170;301.649993953;315.724144687;1.37564375702;1.20478022044;17.6447686120;203.760900588;4.10657980620;4.11027868937e-05;0.0824613219307;supercritical
306.950000000;8.00000000000;564.425580003;0.00177171275617;302.452132884;316.625834934;1.37858157477;1.21093287642;18.4350632878;202.149343134;4.16911106817;4.07208438349e-05;0.0829519848602;supercritical
307.000000000;8.00000000000;560.251972254;0.00178491116413;303.289667252;317.568956565;1.38165388048;1.21742036899;19.3037227683;200.527406389;4.23412928665;4.03255532439e-05;0.0834895619311;supercritical
307.050000000;8.00000000000;555.880588550;0.00179894750887;304.166108933;318.557689003;1.38487424296;1.22425877321;20.2612955915;198.897733351;4.30180039396;3.99158657565e-05;0.0840793811849;supercritical
307.100000000;8.00000000000;551.293086811;0.00181391717749;305.085408417;319.596745837;1.38825796393;1.23145541031;21.3184026648;197.264005153;4.37229460746;3.94906498445e-05;0.0847260460278;supercritical
307.150000000;8.00000000000;546.469638586;0.00182992783018;306.051918259;320.691340900;1.39182196646;1.23900488894;22.4840643064;195.631297190;4.44577326508;3.90487357037e-05;0.0854320704563;supercritical
307.200000000;8.00000000000;541.389774956;0.00184709805441;307.070257673;321.847042108;1.39558431803;1.24688526084;23.7628305011;194.006558981;4.52236554593;3.85890068250e-05;0.0861958375375;supercritical
307.250000000;8.00000000000;536.034050323;0.00186555312931;308.145022275;323.069447310;1.39956317477;1.25505463856;25.1505308290;192.399230461;4.60213335962;3.81105597599e-05;0.0870089604588;supercritical
307.300000000;8.00000000000;530.386775019;0.00188541654336;309.280286066;324.363618413;1.40377493981;1.26344814538;26.6289794902;190.821936832;4.68502660991;3.76129460608e-05;0.0878534979392;supercritical
307.350000000;8.00000000000;524.439853435;0.00190679635319;310.478878954;325.733249779;1.40823155847;1.27197467127;28.1609703258;189.291058365;4.77083761176;3.70964878290e-05;0.0887000134415;supercritical
307.400000000;8.00000000000;518.197281962;0.00192976697256;311.741510178;327.179645959;1.41293719539;1.28051341199;29.6881919630;187.826784494;4.85917078017;3.65626151532e-05;0.0895079688933;supercritical
307.450000000;8.00000000000;511.679160138;0.00195434967437;313.065940731;328.700738126;1.41788504019;1.28891192779;31.1353782985;186.452170252;4.94944731507;3.60141188938e-05;0.0902299018491;supercritical
307.500000000;8.00000000000;504.923505604;0.00198049801386;314.446524234;330.290508345;1.42305544218;1.29698930359;32.4224673868;185.190920067;5.04095834236;3.54551798585e-05;0.0908195754415;supercritical
307.550000000;8.00000000000;497.984380020;0.00200809511327;315.874415268;331.939176174;1.42841652539;1.30454756750;33.4819991663;184.064204833;5.13296073499;3.48910762562e-05;0.0912417939938;supercritical
307.600000000;8.00000000000;490.926207899;0.00203696601222;317.338504237;333.634232335;1.43392755726;1.31139075951;34.2741136991;183.087486063;5.22478546430;3.43276025759e-05;0.0914795193158;supercritical
307.650000000;8.00000000000;483.816042200;0.00206690128639;318.826786219;335.361996510;1.43954401830;1.31734630822;34.7916990123;182.268505661;5.31591873024;3.37703824314e-05;0.0915348559509;supercritical
307.700000000;8.00000000000;476.716369683;0.00209768336813;320.327693380;337.109160325;1.44522261956;1.32228175998;35.0554716141;181.606971828;5.40603936522;3.32242989187e-05;0.0914248646231;supercritical
307.750000000;8.00000000000;469.679655440;0.00212911074265;321.831169226;338.864055167;1.45092542176;1.32611285061;35.1122373825;181.094948188;5.49508645361;3.26931259867e-05;0.0911811649265;supercritical
307.800000000;8.00000000000;462.727153614;0.00216110075276;323.333114037;340.621920059;1.45663694737;1.32881146110;35.2366396011;180.698117739;5.58513542572;3.21780494071e-05;0.0909918382370;supercritical
307.850000000;8.00000000000;455.851986361;0.00219369451032;324.835085867;342.384641949;1.46236332405;1.33036344743;35.2243660389;180.431001734;5.67478038951;3.16781151704e-05;0.0907129625737;supercritical
307.900000000;8.00000000000;449.106709305;0.00222664230857;326.326000298;344.139138767;1.46806205581;1.33072942364;34.9013138970;180.303505954;5.76212573499;3.11966464828e-05;0.0902189766099;supercritical
307.950000000;8.00000000000;442.551816271;0.00225962240631;327.792447004;345.869426255;1.47368124206;1.32992294629;34.2589912740;180.306794848;5.84629688151;3.07372660371e-05;0.0894960271717;supercritical
308.000000000;8.00000000000;436.240783509;0.00229231203914;329.221843831;347.560340144;1.47917166992;1.32801837301;33.3357973453;180.426184848;5.92665875282;3.03028431251e-05;0.0885610980759;supercritical
308.050000000;8.00000000000;430.213366877;0.00232442800943;330.604025140;349.199449216;1.48449302320;1.32513877582;32.1995214805;180.643485758;6.00283789359;2.98951116411e-05;0.0874524937958;supercritical
308.100000000;8.00000000000;424.492995383;0.00235575147500;331.932032296;350.778044096;1.48961708631;1.32143584051;30.9281274964;180.939300837;6.07471488855;2.95146004854e-05;0.0862188075676;supercritical
308.150000000;8.00000000000;419.087725086;0.00238613526510;333.202138301;352.291220422;1.49452800634;1.31706943678;29.5937178192;181.294983725;6.14237625957;2.91608009123e-05;0.0849087093708;supercritical
308.200000000;8.00000000000;413.993371092;0.00241549761379;334.413348652;353.737329562;1.49922050265;1.31219194530;28.2535421070;181.693938297;6.20604743111;2.88324532178e-05;0.0835642082579;supercritical
308.250000000;8.00000000000;409.197312716;0.00244380881527;335.566685364;355.117155886;1.50369719081;1.30693892809;26.9477286593;182.122231453;6.26602850857;2.85278449412e-05;0.0822178262336;supercritical
308.300000000;8.00000000000;404.681944269;0.00247107639508;336.664485684;356.433096845;1.50796591777;1.30142526094;25.7011915968;182.568682501;6.32264471325;2.82450571224e-05;0.0808926071801;supercritical
308.350000000;8.00000000000;400.427326558;0.00249733205922;337.709831673;357.688488147;1.51203756976;1.29574493594;24.5271738783;183.024639989;6.37621398471;2.79821385599e-05;0.0796035786249;supercritical
308.400000000;8.00000000000;396.412997563;0.00252262162479;338.706138605;358.887111603;1.51592447434;1.28997286669;23.4308296603;183.483617108;6.42702910591;2.77372141607e-05;0.0783596409319;supercritical
308.450000000;8.00000000000;392.619089158;0.00254699791124;339.656883909;360.032867199;1.51963933625;1.28416752636;22.4121524236;183.940894682;6.47535013104;2.75085433456e-05;0.0771653287725;supercritical
308.500000000;8.00000000000;389.026941879;0.00257051605519;340.565443102;361.129571544;1.52319458379;1.27837373321;21.4681060681;184.393149407;6.52140322442;2.72945448804e-05;0.0760222320851;supercritical
308.550000000;8.00000000000;385.619387491;0.00259323061143;341.434999967;362.180844858;1.52660200266;1.27262523997;20.5940616188;184.838131865;6.56538299194;2.70938011541e-05;0.0749300506244;supercritical
308.600000000;8.00000000000;382.380826985;0.00261519388377;342.268504911;363.190055981;1.52987255819;1.26694698775;19.7847102735;185.274400533;6.60745637026;2.69050510096e-05;0.0738873347930;supercritical
308.650000000;8.00000000000;379.297191429;0.00263645506109;343.068662852;364.160303340;1.53301633419;1.26135699377;19.0346128000;185.701109028;6.64776691283;2.67271769721e-05;0.0728919855705;supercritical
308.700000000;8.00000000000;376.355841885;0.00265705985854;343.837938108;365.094416977;1.53604254010;1.25586789317;18.3385099272;186.117840071;6.68643884798;2.65591903850e-05;0.0719415808641;supercritical
308.750000000;8.00000000000;373.545442730;0.00267705046190;344.578568326;365.994972022;1.53895955518;1.25048817676;17.6914821777;186.524478556;6.72358062596;2.64002164286e-05;0.0710335819245;supercritical
308.800000000;8.00000000000;370.855828328;0.00269646564410;345.292582538;366.864307690;1.54177499062;1.24522317164;17.0890184324;186.921116283;6.75928787140;2.62494800368e-05;0.0701654593651;supercritical
308.850000000;8.00000000000;368.277873913;0.00271534097168;345.981820475;367.704548249;1.54449575785;1.24007581036;16.5270314409;187.307981680;6.79364576454;2.61062931643e-05;0.0693347665741;supercritical
308.900000000;8.00000000000;365.803376085;0.00273370905076;346.647951544;368.517623950;1.54712813683;1.23504722928;16.0018441595;187.685388861;6.82673092290;2.59700435371e-05;0.0685391794399;supercritical
308.950000000;8.00000000000;363.424945071;0.00275159978302;347.292492616;369.305290881;1.54967784069;1.23013723091;15.5101614214;188.053701334;6.85861286995;2.58401848484e-05;0.0677765149725;supercritical
309.000000000;8.00000000000;361.135909146;0.00276904061511;347.916824279;370.069149200;1.55215007511;1.22534463918;15.0490354924;188.413306664;6.88935517503;2.57162282846e-05;0.0670447370399;supercritical
309.050000000;8.00000000000;358.930230627;0.00278605677279;348.522205440;370.810659623;1.55454959203;1.22066757116;14.6158303648;188.764599170;6.91901633789;2.55977352311e-05;0.0663419544981;supercritical
309.100000000;8.00000000000;356.802432467;0.00280267147588;349.109786329;371.531158136;1.55688073751;1.21610364393;14.2081873973;189.107968458;6.94765047854;2.54843110060e-05;0.0656664150607;supercritical
309.150000000;8.00000000000;354.747534256;0.00281890613305;349.680619997;372.231869061;1.55914749428;1.21165013161;13.8239935708;189.443792107;6.97530788013;2.53755994771e-05;0.0650164969879;supercritical
309.200000000;8.00000000000;352.760996502;0.00283478051688;350.235672470;372.913916605;1.56135351932;1.20730408388;13.4613528610;189.772431286;7.00203542180;2.52712784340e-05;0.0643906998657;supercritical
309.250000000;8.00000000000;350.838672081;0.00285031292038;350.775831701;373.578335064;1.56350217706;1.20306241527;13.1185607981;190.094228397;7.02787692920;2.51710556011e-05;0.0637876352297;supercritical
309.300000000;8.00000000000;348.976763898;0.00286552029663;351.301915451;374.226077824;1.56559656872;1.19892197191;12.7940820589;190.409506085;7.05287346337;2.50746651958e-05;0.0632060174655;supercritical
309.350000000;8.00000000000;347.171787894;0.00288041838327;351.814678256;374.858025322;1.56763955815;1.19487958120;12.4865308332;190.718567166;7.07706356314;2.49818649495e-05;0.0626446552140;supercritical
309.400000000;8.00000000000;345.420540651;0.00289502181345;352.314817569;375.474992077;1.56963379477;1.19093208843;12.1946536668;191.021695128;7.10048345219;2.48924335220e-05;0.0621024433889;supercritical
309.450000000;8.00000000000;343.720070969;0.00290934421484;352.802979212;376.077732930;1.57158173382;1.18707638347;11.9173144853;191.319154993;7.12316721879;2.48061682507e-05;0.0615783558413;supercritical
309.500000000;8.00000000000;342.067654853;0.00292339829800;353.279762194;376.666948578;1.57348565441;1.18330941986;11.6534815189;191.611194364;7.14514697420;2.47228831855e-05;0.0610714386615;supercritical
309.550000000;8.00000000000;340.460773454;0.00293719593554;353.745723007;377.243290492;1.57534767553;1.17962822825;11.4022158790;191.898044579;7.16645299389;2.46424073687e-05;0.0605808040881;supercritical
309.600000000;8.00000000000;338.897093563;0.00295074823300;354.201379449;377.807365313;1.57716977028;1.17602992541;11.1626615611;192.179921869;7.18711384488;2.45645833245e-05;0.0601056249815;supercritical
309.650000000;8.00000000000;337.374450319;0.00296406559256;354.647214028;378.359738768;1.57895377871;1.17251171993;10.9340366835;192.457028507;7.20715650144;2.44892657293e-05;0.0596451298138;supercritical
309.700000000;8.00000000000;335.890831848;0.00297715777027;355.083677019;378.900939181;1.58070141918;1.16907091553;10.7156257914;192.729553899;7.22660645085;2.44163202373e-05;0.0591985981298;supercritical
309.750000000;8.00000000000;334.444365567;0.00299003392778;355.511189199;379.431460621;1.58241429861;1.16570491242;10.5067730844;192.997675607;7.24548779070;2.43456224419e-05;0.0587653564313;supercritical
309.800000000;8.00000000000;333.033305969;0.00300270267892;355.930144299;379.951765731;1.58409392170;1.16241120727;10.3068764425;193.261560311;7.26382331864;2.42770569531e-05;0.0583447744455;supercritical
309.850000000;8.00000000000;331.656023685;0.00301517213192;356.340911224;380.462288280;1.58574169925;1.15918739219;10.1153821455;193.521364679;7.28163461538;2.42105165773e-05;0.0579362617358;supercritical
309.900000000;8.00000000000;330.310995678;0.00302744992775;356.743836040;380.963435462;1.58735895559;1.15603115298;9.93178019509;193.777236176;7.29894212171;2.41459015863e-05;0.0575392646231;supercritical
309.950000000;8.00000000000;328.996796426;0.00303954327477;357.139243780;381.455589978;1.58894693538;1.15294026674;9.75560016149;194.029313799;7.31576521004;2.40831190634e-05;0.0571532633829;supercritical
310.000000000;8.00000000000;327.712089989;0.00305145898046;357.527440073;381.939111917;1.59050680973;1.14991259924;9.58640748877;194.277728743;7.33212225092;2.40220823182e-05;0.0567777696938;supercritical
310.050000000;8.00000000000;326.455622842;0.00306320348014;357.908712626;382.414340467;1.59203968179;1.14694610198;9.42380020075;194.522605007;7.34803067489;2.39627103610e-05;0.0564123243091;supercritical
310.100000000;8.00000000000;325.226217407;0.00307478286336;358.283332565;382.881595472;1.59354659177;1.14403880904;9.26740595860;194.764059947;7.36350703019;2.39049274311e-05;0.0560564949306;supercritical
310.150000000;8.00000000000;324.022766189;0.00308620289790;358.651555661;383.341178844;1.59502852155;1.14118883401;9.11687942740;195.002204775;7.37856703644;2.38486625703e-05;0.0557098742652;supercritical
310.200000000;8.00000000000;322.844226456;0.00309746905180;359.013623438;383.793375853;1.59648639890;1.13839436674;8.97189991480;195.237145009;7.39322563477;2.37938492395e-05;0.0553720782454;supercritical
310.250000000;8.00000000000;321.689615405;0.00310858651356;359.369764197;384.238456305;1.59792110129;1.13565367018;8.83216924983;195.468980889;7.40749703447;2.37404249705e-05;0.0550427443979;supercritical
310.300000000;8.00000000000;320.558005767;0.00311956021066;359.720193937;384.676675622;1.59933345938;1.13296507731;8.69740987417;195.697807751;7.42139475661;2.36883310516e-05;0.0547215303478;supercritical
310.350000000;8.00000000000;319.448521796;0.00313039482661;360.065117214;385.108275827;1.60072426029;1.13032698801;8.56736312158;195.923716363;7.43493167467;2.36375122419e-05;0.0544081124433;supercritical
310.400000000;8.00000000000;318.360335604;0.00314109481667;360.404727914;385.533486447;1.60209425049;1.12773786617;8.44178766449;196.146793240;7.44812005254;2.35879165115e-05;0.0541021844918;supercritical
310.450000000;8.00000000000;317.292663817;0.00315166442227;360.739209972;385.952525350;1.60344413849;1.12519623681;8.32045810928;196.367120923;7.46097157993;2.35394948054e-05;0.0538034565957;supercritical
310.500000000;8.00000000000;316.244764507;0.00316210768440;361.068738028;386.365599503;1.60477459741;1.12270068328;8.20316372408;196.584778244;7.47349740546;2.34922008276e-05;0.0535116540799;supercritical
310.550000000;8.00000000000;315.215934384;0.00317242845593;361.393478034;386.772905681;1.60608626718;1.12024984467;8.08970728476;196.799840553;7.48570816767;2.34459908443e-05;0.0532265165019;supercritical
310.600000000;8.00000000000;314.205506210;0.00318263041301;361.713587808;387.174631112;1.60737975669;1.11784241324;7.97990402686;197.012379944;7.49761402385;2.34008235045e-05;0.0529477967384;supercritical
310.650000000;8.00000000000;313.212846433;0.00319271706569;362.029217551;387.570954077;1.60865564575;1.11547713199;7.87358069219;197.222465449;7.50922467714;2.33566596746e-05;0.0526752601399;supercritical
310.700000000;8.00000000000;312.237352998;0.00320269176766;362.340510323;387.962044464;1.60991448684;1.11315279233;7.77057466041;197.430163222;7.52054940179;2.33134622874e-05;0.0524086837496;supercritical
310.750000000;8.00000000000;311.278453333;0.00321255772538;362.647602477;388.348064280;1.61115680685;1.11086823190;7.67073315718;197.635536708;7.53159706687;2.32711962034e-05;0.0521478555791;supercritical
310.800000000;8.00000000000;310.335602499;0.00322231800653;362.950624071;388.729168123;1.61238310854;1.10862233245;7.57391253086;197.838646800;7.54237615835;2.32298280837e-05;0.0518925739376;supercritical
310.850000000;8.00000000000;309.408281465;0.00323197554786;363.249699240;389.105503623;1.61359387204;1.10641401779;7.47997759134;198.039551982;7.55289479994;2.31893262717e-05;0.0516426468094;supercritical
310.900000000;8.00000000000;308.495995525;0.00324153316253;363.544946550;389.477211851;1.61478955612;1.10424225196;7.38880100475;198.238308458;7.56316077249;2.31496606857e-05;0.0513978912755;supercritical
310.950000000;8.00000000000;307.598272831;0.00325099354687;363.836479317;389.844427692;1.61597059946;1.10210603734;7.30026273864;198.434970284;7.57318153221;2.31108027187e-05;0.0511581329767;supercritical
311.000000000;8.00000000000;306.714663027;0.00326035928681;364.124405911;390.207280206;1.61713742179;1.10000441296;7.21424955305;198.629589474;7.58296422781;2.30727251464e-05;0.0509232056135;supercritical
311.050000000;8.00000000000;305.844735988;0.00326963286378;364.408830037;390.565892947;1.61829042492;1.09793645287;7.13065453293;198.822216113;7.59251571648;2.30354020417e-05;0.0506929504811;supercritical
311.100000000;8.00000000000;304.988080647;0.00327881666024;364.689850993;390.920384275;1.61942999378;1.09590126454;7.04937665818;199.012898449;7.60184257899;2.29988086960e-05;0.0504672160360;supercritical
311.150000000;8.00000000000;304.144303902;0.00328791296490;364.967563918;391.270867637;1.62055649732;1.09389798743;6.97032040789;199.201682995;7.61095113385;2.29629215460e-05;0.0502458574918;supercritical
311.200000000;8.00000000000;303.313029601;0.00329692397757;365.242060013;391.617451834;1.62167028940;1.09192579152;6.89339539566;199.388614607;7.61984745053;2.29277181056e-05;0.0500287364420;supercritical
311.250000000;8.00000000000;302.493897600;0.00330585181365;365.513426759;391.960241268;1.62277170954;1.08998387605;6.81851603317;199.573736568;7.62853736201;2.28931769036e-05;0.0498157205080;supercritical
311.300000000;8.00000000000;301.686562877;0.00331469850849;365.781748109;392.299336177;1.62386108376;1.08807146819;6.74560121957;199.757090663;7.63702647653;2.28592774242e-05;0.0496066830103;supercritical
311.350000000;8.00000000000;300.890694714;0.00332346602128;366.047104678;392.634832849;1.62493872519;1.08618782184;6.67457405443;199.938717252;7.64532018862;2.28260000536e-05;0.0494015026603;supercritical
311.400000000;8.00000000000;300.105975923;0.00333215623889;366.309573914;392.966823825;1.62600493482;1.08433221652;6.60536157219;200.118655332;7.65342368953;2.27933260282e-05;0.0492000632726;supercritical
311.450000000;8.00000000000;299.332102135;0.00334077097935;366.569230259;393.295398094;1.62706000206;1.08250395624;6.53789449623;200.296942602;7.66134197701;2.27612373882e-05;0.0490022534955;supercritical
311.500000000;8.00000000000;298.568781124;0.00334931199516;366.826145305;393.620641266;1.62810420534;1.08070236849;6.47210701104;200.473615523;7.66907986462;2.27297169330e-05;0.0488079665578;supercritical
311.550000000;8.00000000000;297.815732179;0.00335778097646;367.080387932;393.942635744;1.62913781267;1.07892680324;6.40793655083;200.648709370;7.67664199036;2.26987481804e-05;0.0486171000322;supercritical
311.600000000;8.00000000000;297.072685515;0.00336617955389;367.332024447;394.261460878;1.63016108211;1.07717663202;6.34532360328;200.822258286;7.68403282496;2.26683153276e-05;0.0484295556128;supercritical
311.650000000;8.00000000000;296.339381722;0.00337450930143;367.581118706;394.577193117;1.63117426231;1.07545124699;6.28421152725;200.994295331;7.69125667962;2.26384032159e-05;0.0482452389063;supercritical
311.700000000;8.00000000000;295.615571243;0.00338277173896;367.827732233;394.889906145;1.63217759292;1.07375006014;6.22454638318;201.164852526;7.69831771331;2.26089972966e-05;0.0480640592358;supercritical
311.750000000;8.00000000000;294.901013894;0.00339096833475;368.071924335;395.199671013;1.63317130503;1.07207250246;6.16627677535;201.333960901;7.70521993975;2.25800835994e-05;0.0478859294561;supercritical
311.800000000;8.00000000000;294.195478397;0.00339910050776;368.313752202;395.506556264;1.63415562157;1.07041802317;6.10935370487;201.501650532;7.71196723392;2.25516487032e-05;0.0477107657806;supercritical
311.850000000;8.00000000000;293.498741959;0.00340716962985;368.553271007;395.810628046;1.63513075769;1.06878608900;6.05373043271;201.667950582;7.71856333826;2.25236797081e-05;0.0475384876176;supercritical
311.900000000;8.00000000000;292.810589861;0.00341517702784;368.790534003;396.111950226;1.63609692111;1.06717618346;5.99936235191;201.832889339;7.72501186852;2.24961642094e-05;0.0473690174166;supercritical
311.950000000;8.00000000000;292.130815079;0.00342312398550;369.025592606;396.410584490;1.63705431247;1.06558780622;5.94620686829;201.996494248;7.73131631932;2.24690902732e-05;0.0472022805232;supercritical
312.000000000;8.00000000000;291.459217925;0.00343101174538;369.258496480;396.706590443;1.63800312564;1.06402047247;5.89422328899;202.158791950;7.73748006940;2.24424464136e-05;0.0470382050425;supercritical
312.050000000;8.00000000000;290.795605709;0.00343884151056;369.489293617;397.000025701;1.63894354802;1.06247371227;5.84337271833;202.319808306;7.74350638659;2.24162215705e-05;0.0468767217099;supercritical
312.100000000;8.00000000000;290.139792414;0.00344661444636;369.718030407;397.290945978;1.63987576082;1.06094707005;5.79361796029;202.479568434;7.74939843254;2.23904050900e-05;0.0467177637697;supercritical
312.150000000;8.00000000000;289.491598403;0.00345433168187;369.944751712;397.579405167;1.64079993935;1.05944010397;5.74492342730;202.638096733;7.75515926717;2.23649867045e-05;0.0465612668595;supercritical
312.200000000;8.00000000000;288.850850126;0.00346199431147;370.169500931;397.865455422;1.64171625324;1.05795238549;5.69725505480;202.795416912;7.76079185296;2.23399565151e-05;0.0464071689018;supercritical
312.250000000;8.00000000000;288.217379854;0.00346960339625;370.392320061;398.149147231;1.64262486671;1.05648349880;5.65058022103;202.951552016;7.76629905892;2.23153049745e-05;0.0462554100015;supercritical
312.300000000;8.00000000000;287.591025425;0.00347715996534;370.613249759;398.430529482;1.64352593878;1.05503304038;5.60486767198;203.106524450;7.77168366448;2.22910228706e-05;0.0461059323480;supercritical
312.350000000;8.00000000000;286.971630000;0.00348466501723;370.832329398;398.709649536;1.64441962352;1.05360061851;5.56008745077;203.260356003;7.77694836309;2.22671013118e-05;0.0459586801236;supercritical
312.400000000;8.00000000000;286.359041836;0.00349211952096;371.049597119;398.986553286;1.64530607019;1.05218585288;5.51621083144;203.413067869;7.78209576571;2.22435317121e-05;0.0458135994163;supercritical
312.450000000;8.00000000000;285.753114070;0.00349952441727;371.265089881;399.261285219;1.64618542351;1.05078837414;5.47321025666;203.564680671;7.78712840404;2.22203057778e-05;0.0456706381370;supercritical
312.500000000;8.00000000000;285.153704512;0.00350688061973;371.478843513;399.533888471;1.64705782380;1.04940782350;5.43105927922;203.715214479;7.79204873372;2.21974154949e-05;0.0455297459414;supercritical
312.550000000;8.00000000000;284.560675454;0.00351418901577;371.690892757;399.804404883;1.64792340717;1.04804385236;5.38973250693;203.864688829;7.79685913726;2.21748531164e-05;0.0453908741558;supercritical
312.600000000;8.00000000000;283.973893480;0.00352145046767;371.901271310;400.072875052;1.64878230566;1.04669612196;5.34920555076;204.013122744;7.80156192690;2.21526111513e-05;0.0452539757063;supercritical
312.650000000;8.00000000000;283.393229295;0.00352866581354;372.110011869;400.339338378;1.64963464745;1.04536430299;5.30945497597;204.160534752;7.80615934730;2.21306823532e-05;0.0451190050523;supercritical
312.700000000;8.00000000000;282.818557557;0.00353583586819;372.317146168;400.603833113;1.65048055698;1.04404807530;5.27045825614;204.306942899;7.81065357810;2.21090597105e-05;0.0449859181228;supercritical
312.750000000;8.00000000000;282.249756719;0.00354296142404;372.522705014;400.866396406;1.65132015509;1.04274712756;5.23219372967;204.452364768;7.81504673642;2.20877364361e-05;0.0448546722561;supercritical
312.800000000;8.00000000000;281.686708878;0.00355004325189;372.726718326;401.127064342;1.65215355917;1.04146115694;5.19464055889;204.596817497;7.81934087916;2.20667059585e-05;0.0447252261425;supercritical
312.850000000;8.00000000000;281.129299631;0.00355708210177;372.929215169;401.385871983;1.65298088329;1.04018986883;5.15777869134;204.740317789;7.82353800524;2.20459619125e-05;0.0445975397694;supercritical
312.900000000;8.00000000000;280.577417941;0.00356407870362;373.130223781;401.642853410;1.65380223831;1.03893297658;5.12158882327;204.882881928;7.82764005774;2.20254981314e-05;0.0444715743698;supercritical
312.950000000;8.00000000000;280.030956006;0.00357103376807;373.329771611;401.898041755;1.65461773202;1.03769020118;5.08605236512;205.024525796;7.83164892595;2.20053086384e-05;0.0443472923730;supercritical
313.000000000;8.00000000000;279.489809133;0.00357794798709;373.527885341;402.151469238;1.65542746924;1.03646127107;5.05115140889;205.165264882;7.83556644728;2.19853876395e-05;0.0442246573570;supercritical
313.050000000;8.00000000000;278.953875625;0.00358482203468;373.724590923;402.403167200;1.65623155193;1.03524592181;5.01686869727;205.305114294;7.83939440915;2.19657295160e-05;0.0441036340041;supercritical
313.100000000;8.00000000000;278.423056666;0.00359165656743;373.919913595;402.653166134;1.65703007930;1.03404389590;4.98318759443;205.444088778;7.84313455075;2.19463288176e-05;0.0439841880581;supercritical
313.150000000;8.00000000000;277.897256213;0.00359845222522;374.113877917;402.901495719;1.65782314791;1.03285494255;4.95009205834;205.582202719;7.84678856475;2.19271802561e-05;0.0438662862837;supercritical
313.200000000;8.00000000000;277.376380894;0.00360520963168;374.306507788;403.148184841;1.65861085173;1.03167881742;4.91756661460;205.719470163;7.85035809892;2.19082786990e-05;0.0437498964274;supercritical
313.250000000;8.00000000000;276.860339913;0.00361192939485;374.497826474;403.393261632;1.65939328229;1.03051528246;4.88559633156;205.855904819;7.85384475768;2.18896191636e-05;0.0436349871809;supercritical
313.300000000;8.00000000000;276.349044954;0.00361861210763;374.687856626;403.636753487;1.66017052872;1.02936410565;4.85416679683;205.991520075;7.85725010359;2.18711968113e-05;0.0435215281453;supercritical
313.350000000;8.00000000000;275.842410092;0.00362525834829;374.876620306;403.878687092;1.66094267786;1.02822506087;4.82326409487;206.126329005;7.86057565880;2.18530069422e-05;0.0434094897975;supercritical
313.400000000;8.00000000000;275.340351711;0.00363186868102;375.064139004;404.119088453;1.66170981429;1.02709792766;4.79287478586;206.260344379;7.86382290638;2.18350449901e-05;0.0432988434581;supercritical
313.450000000;8.00000000000;274.842788418;0.00363844365630;375.250433660;404.357982911;1.66247202049;1.02598249106;4.76298588554;206.393578673;7.86699329165;2.18173065173e-05;0.0431895612604;supercritical
313.500000000;8.00000000000;274.349640968;0.00364498381143;375.435524681;404.595395172;1.66322937684;1.02487854146;4.73358484610;206.526044078;7.87008822345;2.17997872100e-05;0.0430816161210;supercritical
313.550000000;8.00000000000;273.860832190;0.00365148967088;375.619431957;404.831349324;1.66398196171;1.02378587438;4.70465953800;206.657752506;7.87310907530;2.17824828742e-05;0.0429749817118;supercritical
313.600000000;8.00000000000;273.376286912;0.00365796174677;375.802174885;405.065868859;1.66472985155;1.02270429036;4.67619823271;206.788715602;7.87605718661;2.17653894307e-05;0.0428696324329;supercritical
313.650000000;8.00000000000;272.895931899;0.00366440053921;375.983772378;405.298976691;1.66547312090;1.02163359478;4.64818958632;206.918944748;7.87893386374;2.17485029115e-05;0.0427655433866;supercritical
313.700000000;8.00000000000;272.419695780;0.00367080653671;376.164242885;405.530695179;1.66621184253;1.02057359772;4.62062262383;207.048451075;7.88174038109;2.17318194558e-05;0.0426626903535;supercritical
313.750000000;8.00000000000;271.947508992;0.00367718021653;376.343604406;405.761046138;1.66694608742;1.01952411382;4.59348672439;207.177245465;7.88447798211;2.17153353061e-05;0.0425610497679;supercritical
313.800000000;8.00000000000;271.479303715;0.00368352204501;376.521874504;405.990050864;1.66767592486;1.01848496212;4.56677160702;207.305338562;7.88714788029;2.16990468049e-05;0.0424605986959;supercritical
313.850000000;8.00000000000;271.015013818;0.00368983247796;376.699070322;406.217730146;1.66840142251;1.01745596596;4.54046731723;207.432740778;7.88975126012;2.16829503907e-05;0.0423613148135;supercritical
313.900000000;8.00000000000;270.554574800;0.00369611196092;376.875208595;406.444104282;1.66912264642;1.01643695283;4.51456421409;207.559462298;7.89228927794;2.16670425955e-05;0.0422631763857;supercritical
313.950000000;8.00000000000;270.097923741;0.00370236092951;377.050305662;406.669193098;1.66983966110;1.01542775426;4.48905295801;207.685513089;7.89476306287;2.16513200407e-05;0.0421661622466;supercritical
314.000000000;8.00000000000;269.644999248;0.00370857980970;377.224377480;406.893015958;1.67055252956;1.01442820570;4.46392449905;207.810902905;7.89717371761;2.16357794351e-05;0.0420702517806;supercritical
314.050000000;8.00000000000;269.195741408;0.00371476901814;377.397439636;407.115591781;1.67126131339;1.01343814639;4.43917006579;207.935641290;7.89952231928;2.16204175712e-05;0.0419754249038;supercritical
314.100000000;8.00000000000;268.750091740;0.00372092896239;377.569507357;407.336939056;1.67196607273;1.01245741925;4.41478115467;208.059737588;7.90180992016;2.16052313226e-05;0.0418816620463;supercritical
314.150000000;8.00000000000;268.307993148;0.00372706004121;377.740595521;407.557075851;1.67266686640;1.01148587081;4.39074951984;208.183200947;7.90403754845;2.15902176417e-05;0.0417889441358;supercritical
314.200000000;8.00000000000;267.869389883;0.00373316264482;377.910718671;407.776019829;1.67336375188;1.01052335106;4.36706716348;208.306040324;7.90620620900;2.15753735566e-05;0.0416972525808;supercritical
314.250000000;8.00000000000;267.434227495;0.00373923715512;378.079891018;407.993788259;1.67405678536;1.00956971338;4.34372632652;208.428264489;7.90831688398;2.15606961691e-05;0.0416065692555;supercritical
314.300000000;8.00000000000;267.002452799;0.00374528394597;378.248126461;408.210398028;1.67474602181;1.00862481443;4.32071947981;208.549882032;7.91037053358;2.15461826521e-05;0.0415168764846;supercritical
314.350000000;8.00000000000;266.574013829;0.00375130338338;378.415438585;408.425865652;1.67543151498;1.00768851408;4.29803931563;208.670901368;7.91236809661;2.15318302473e-05;0.0414281570290;supercritical
314.400000000;8.00000000000;266.148859810;0.00375729582577;378.581840680;408.640207286;1.67611331744;1.00676067527;4.27567873964;208.791330739;7.91431049114;2.15176362630e-05;0.0413403940719;supercritical
314.450000000;8.00000000000;265.726941115;0.00376326162415;378.747345744;408.853438737;1.67679148065;1.00584116399;4.25363086308;208.911178221;7.91619861512;2.15035980724e-05;0.0412535712059;supercritical
314.500000000;8.00000000000;265.308209231;0.00376920112234;378.911966494;409.065575473;1.67746605494;1.00492984914;4.23188899544;209.030451727;7.91803334690;2.14897131111e-05;0.0411676724194;supercritical
314.550000000;8.00000000000;264.892616732;0.00377511465716;379.075715371;409.276632629;1.67813708958;1.00402660250;4.21044663729;209.149159012;7.91981554584;2.14759788752e-05;0.0410826820853;supercritical
314.600000000;8.00000000000;264.480117241;0.00378100255865;379.238604554;409.486625023;1.67880463280;1.00313129859;4.18929747358;209.267307677;7.92154605282;2.14623929197e-05;0.0409985849485;supercritical
314.650000000;8.00000000000;264.070665400;0.00378686515022;379.400645958;409.695567160;1.67946873181;1.00224381466;4.16843536706;209.384905172;7.92322569076;2.14489528568e-05;0.0409153661146;supercritical
314.700000000;8.00000000000;263.664216844;0.00379270274886;379.561851253;409.903473244;1.68012943285;1.00136403057;4.14785435213;209.501958802;7.92485526510;2.14356563536e-05;0.0408330110392;supercritical
314.750000000;8.00000000000;263.260728169;0.00379851566527;379.722231861;410.110357184;1.68078678118;1.00049182875;4.12754862879;209.618475728;7.92643556433;2.14225011309e-05;0.0407515055171;supercritical
314.800000000;8.00000000000;262.860156904;0.00380430420410;379.881798968;410.316232601;1.68144082115;0.999627094086;4.10751255699;209.734462971;7.92796736040;2.14094849617e-05;0.0406708356723;supercritical
314.850000000;8.00000000000;262.462461489;0.00381006866402;380.040563530;410.521112842;1.68209159619;0.998769713926;4.08774065111;209.849927419;7.92945140921;2.13966056692e-05;0.0405909879480;supercritical
314.900000000;8.00000000000;262.067601243;0.00381580933796;380.198536276;410.725010980;1.68273914888;0.997919577954;4.06822757470;209.964875826;7.93088845103;2.13838611255e-05;0.0405119490973;supercritical
314.950000000;8.00000000000;261.675536345;0.00382152651320;380.355727721;410.927939827;1.68338352090;0.997076578153;4.04896813546;210.079314815;7.93227921090;2.13712492506e-05;0.0404337061741;supercritical
315.000000000;8.00000000000;261.286227807;0.00382722047157;380.512148164;411.129911937;1.68402475314;0.996240608743;4.02995728036;210.193250888;7.93362439908;2.13587680102e-05;0.0403562465242;supercritical
315.050000000;8.00000000000;260.899637449;0.00383289148953;380.667807699;411.330939616;1.68466288564;0.995411566123;4.01119009099;210.306690420;7.93492471140;2.13464154152e-05;0.0402795577769;supercritical
315.100000000;8.00000000000;260.515727884;0.00383853983835;380.822716220;411.531034927;1.68529795768;0.994589348812;3.99266177915;210.419639667;7.93618082966;2.13341895197e-05;0.0402036278370;supercritical
315.150000000;8.00000000000;260.134462487;0.00384416578426;380.976883423;411.730209697;1.68593000777;0.993773857399;3.97436768247;210.532104769;7.93739342199;2.13220884203e-05;0.0401284448765;supercritical
315.200000000;8.00000000000;259.755805383;0.00384976958850;381.130318815;411.928475523;1.68655907364;0.992964994485;3.95630326039;210.644091752;7.93856314321;2.13101102547e-05;0.0400539973275;supercritical
315.250000000;8.00000000000;259.379721420;0.00385535150754;381.283031717;412.125843777;1.68718519234;0.992162664635;3.93846409012;210.755606530;7.93969063518;2.12982532003e-05;0.0399802738743;supercritical
315.300000000;8.00000000000;259.006176153;0.00386091179313;381.435031269;412.322325614;1.68780840017;0.991366774331;3.92084586288;210.866654908;7.94077652710;2.12865154737e-05;0.0399072634469;supercritical
315.350000000;8.00000000000;258.635135825;0.00386645069244;381.586326436;412.517931976;1.68842873276;0.990577231916;3.90344438021;210.977242584;7.94182143588;2.12748953289e-05;0.0398349552136;supercritical
315.400000000;8.00000000000;258.266567349;0.00387196844820;381.736926011;412.712673597;1.68904622506;0.989793947557;3.88625555047;211.087375154;7.94282596642;2.12633910567e-05;0.0397633385749;supercritical
315.450000000;8.00000000000;257.900438290;0.00387746529875;381.886838619;412.906561009;1.68966091135;0.989016833193;3.86927538548;211.197058113;7.94379071191;2.12520009837e-05;0.0396924031566;supercritical
315.500000000;8.00000000000;257.536716846;0.00388294147819;382.036072722;413.099604548;1.69027282529;0.988245802493;3.85249999718;211.306296855;7.94471625414;2.12407234712e-05;0.0396221388039;supercritical
315.550000000;8.00000000000;257.175371836;0.00388839721650;382.184636626;413.291814358;1.69088199991;0.987480770816;3.83592559460;211.415096678;7.94560316378;2.12295569141e-05;0.0395525355756;supercritical
315.600000000;8.00000000000;256.816372680;0.00389383273957;382.332538479;413.483200396;1.69148846762;0.986721655165;3.81954848075;211.523462787;7.94645200064;2.12184997406e-05;0.0394835837379;supercritical
315.650000000;8.00000000000;256.459689386;0.00389924826937;382.479786279;413.673772434;1.69209226025;0.985968374152;3.80336504978;211.631400292;7.94726331395;2.12075504104e-05;0.0394152737590;supercritical
315.700000000;8.00000000000;256.105292532;0.00390464402399;382.626387878;413.863540070;1.69269340905;0.985220847954;3.78737178413;211.738914216;7.94803764261;2.11967074147e-05;0.0393475963038;supercritical
315.750000000;8.00000000000;255.753153258;0.00391002021778;382.772350983;414.052512725;1.69329194469;0.984478998282;3.77156525189;211.846009491;7.94877551545;2.11859692749e-05;0.0392805422287;supercritical
315.800000000;8.00000000000;255.403243244;0.00391537706138;382.917683160;414.240699651;1.69388789731;0.983742748337;3.75594210414;211.952690965;7.94947745147;2.11753345420e-05;0.0392141025764;supercritical
315.850000000;8.00000000000;255.055534701;0.00392071476187;383.062391842;414.428109937;1.69448129649;0.983012022779;3.74049907249;212.058963400;7.95014396005;2.11648017958e-05;0.0391482685709;supercritical
315.900000000;8.00000000000;254.710000359;0.00392603352279;383.206484325;414.614752507;1.69507217130;0.982286747692;3.72523296665;212.164831476;7.95077554124;2.11543696439e-05;0.0390830316131;supercritical
315.950000000;8.00000000000;254.366613450;0.00393133354428;383.349967776;414.800636131;1.69566055030;0.981566850550;3.71014067209;212.270299793;7.95137268592;2.11440367215e-05;0.0390183832758;supercritical
316.000000000;8.00000000000;254.025347699;0.00393661502311;383.492849236;414.985769421;1.69624646152;0.980852260181;3.69521914784;212.375372873;7.95193587602;2.11338016902e-05;0.0389543152998;supercritical
316.050000000;8.00000000000;253.686177310;0.00394187815278;383.635135620;415.170160842;1.69682993255;0.980142906743;3.68046542427;212.480055159;7.95246558478;2.11236632377e-05;0.0388908195890;supercritical
316.100000000;8.00000000000;253.349076957;0.00394712312360;383.776833723;415.353818711;1.69741099046;0.979438721687;3.66587660103;212.584351019;7.95296227690;2.11136200769e-05;0.0388278882067;supercritical
316.150000000;8.00000000000;253.014021771;0.00395235012274;383.917950221;415.536751203;1.69798966188;0.978739637727;3.65144984503;212.688264749;7.95342640877;2.11036709452e-05;0.0387655133713;supercritical
316.200000000;8.00000000000;252.680987327;0.00395755933432;384.058491676;415.718966351;1.69856597297;0.978045588815;3.63718238849;212.791800570;7.95385842863;2.10938146043e-05;0.0387036874525;supercritical
316.250000000;8.00000000000;252.349949638;0.00396275093946;384.198464536;415.900472052;1.69913994944;0.977356510110;3.62307152707;212.894962635;7.95425877679;2.10840498391e-05;0.0386424029674;supercritical
316.300000000;8.00000000000;252.020885140;0.00396792511638;384.337875138;416.081276069;1.69971161659;0.976672337951;3.60911461804;212.997755026;7.95462788579;2.10743754574e-05;0.0385816525770;supercritical
316.350000000;8.00000000000;251.693770687;0.00397308204040;384.476729713;416.261386037;1.70028099927;0.975993009829;3.59530907854;213.100181759;7.95496618058;2.10647902895e-05;0.0385214290825;supercritical
316.400000000;8.00000000000;251.368583537;0.00397822188409;384.615034385;416.440809458;1.70084812193;0.975318464365;3.58165238389;213.202246782;7.95527407867;2.10552931871e-05;0.0384617254219;supercritical
316.450000000;8.00000000000;251.045301344;0.00398334481724;384.752795177;416.619553714;1.70141300860;0.974648641278;3.56814206595;213.303953979;7.95555199036;2.10458830234e-05;0.0384025346665;supercritical
316.500000000;8.00000000000;250.723902148;0.00398845100700;384.890018008;416.797626064;1.70197568293;0.973983481368;3.55477571152;213.405307172;7.95580031881;2.10365586922e-05;0.0383438500180;supercritical
316.550000000;8.00000000000;250.404364370;0.00399354061786;385.026708703;416.975033646;1.70253616817;0.973322926486;3.54155096085;213.506310118;7.95601946029;2.10273191076e-05;0.0382856648048;supercritical
316.600000000;8.00000000000;250.086666798;0.00399861381177;385.162872987;417.151783482;1.70309448719;0.972666919514;3.52846550614;213.606966514;7.95620980424;2.10181632032e-05;0.0382279724797;supercritical
316.650000000;8.00000000000;249.770788583;0.00400367074818;385.298516495;417.327882480;1.70365066250;0.972015404341;3.51551709009;213.707280000;7.95637173350;2.10090899322e-05;0.0381707666161;supercritical
316.700000000;8.00000000000;249.456709227;0.00400871158407;385.433644765;417.503337438;1.70420471624;0.971368325842;3.50270350459;213.807254154;7.95650562440;2.10000982663e-05;0.0381140409056;supercritical
316.750000000;8.00000000000;249.144408578;0.00401373647400;385.568263250;417.678155042;1.70475667018;0.970725629854;3.49002258929;213.906892500;7.95661184694;2.09911871958e-05;0.0380577891552;supercritical
316.800000000;8.00000000000;248.833866821;0.00401874557019;385.702377311;417.852341873;1.70530654577;0.970087263159;3.47747223038;214.006198502;7.95669076488;2.09823557288e-05;0.0380020052844;supercritical
316.850000000;8.00000000000;248.525064472;0.00402373902256;385.835992226;418.025904406;1.70585436410;0.969453173460;3.46505035931;214.105175573;7.95674273592;2.09736028909e-05;0.0379466833227;supercritical
316.900000000;8.00000000000;248.217982368;0.00402871697876;385.969113186;418.198849016;1.70640014593;0.968823309363;3.45275495157;214.203827070;7.95676811179;2.09649277251e-05;0.0378918174068;supercritical
316.950000000;8.00000000000;247.912601662;0.00403367958424;386.101745302;418.371181976;1.70694391171;0.968197620356;3.44058402555;214.302156299;7.95676723841;2.09563292908e-05;0.0378374017784;supercritical
317.000000000;8.00000000000;247.608903816;0.00403862698226;386.233893603;418.542909461;1.70748568154;0.967576056793;3.42853564137;214.400166513;7.95674045600;2.09478066638e-05;0.0377834307818;supercritical
317.050000000;8.00000000000;247.306870594;0.00404355931397;386.365563039;418.714037551;1.70802547524;0.966958569873;3.41660789980;214.497860913;7.95668809919;2.09393589361e-05;0.0377298988611;supercritical
317.100000000;8.00000000000;247.006484054;0.00404847671846;386.496758483;418.884572231;1.70856331231;0.966345111623;3.40479894119;214.595242654;7.95661049713;2.09309852151e-05;0.0376768005585;supercritical
317.150000000;8.00000000000;246.707726544;0.00405337933274;386.627484733;419.054519394;1.70909921194;0.965735634882;3.39310694445;214.692314840;7.95650797364;2.09226846236e-05;0.0376241305115;supercritical
317.200000000;8.00000000000;246.410580695;0.00405826729185;386.757746510;419.223884845;1.70963319305;0.965130093280;3.38153012604;214.789080528;7.95638084728;2.09144562991e-05;0.0375718834514;supercritical
317.250000000;8.00000000000;246.115029415;0.00406314072886;386.887548467;419.392674298;1.71016527426;0.964528441226;3.37006673900;214.885542727;7.95622943149;2.09062993941e-05;0.0375200542005;supercritical
317.300000000;8.00000000000;245.821055882;0.00406799977493;387.016895181;419.560893381;1.71069547390;0.963930633890;3.35871507202;214.981704402;7.95605403467;2.08982130749e-05;0.0374686376705;supercritical
317.350000000;8.00000000000;245.528643539;0.00407284455934;387.145791164;419.728547639;1.71122381004;0.963336627185;3.34747344852;215.077568472;7.95585496028;2.08901965221e-05;0.0374176288605;supercritical
317.400000000;8.00000000000;245.237776091;0.00407767520951;387.274240856;419.895642532;1.71175030047;0.962746377757;3.33634022578;215.173137812;7.95563250699;2.08822489298e-05;0.0373670228547;supercritical
317.450000000;8.00000000000;244.948437494;0.00408249185106;387.402248633;420.062183441;1.71227496273;0.962159842962;3.32531379409;215.268415253;7.95538696869;2.08743695055e-05;0.0373168148210;supercritical
317.500000000;8.00000000000;244.660611956;0.00408729460784;387.529818803;420.228175665;1.71279781408;0.961576980862;3.31439257589;215.363403586;7.95511863468;2.08665574699e-05;0.0372670000089;supercritical
317.550000000;8.00000000000;244.374283928;0.00409208360195;387.656955611;420.393624427;1.71331887153;0.960997750199;3.30357502502;215.458105558;7.95482778968;2.08588120562e-05;0.0372175737478;supercritical
317.600000000;8.00000000000;244.089438099;0.00409685895379;387.783663240;420.558534870;1.71383815186;0.960422110392;3.29285962587;215.552523876;7.95451471398;2.08511325103e-05;0.0371685314450;supercritical
317.650000000;8.00000000000;243.806059392;0.00410162078209;387.909945810;420.722912067;1.71435567159;0.959850021515;3.28224489270;215.646661207;7.95417968349;2.08435180903e-05;0.0371198685846;supercritical
317.700000000;8.00000000000;243.524132960;0.00410636920392;388.035807382;420.886761013;1.71487144700;0.959281444287;3.27172936883;215.740520179;7.95382296985;2.08359680664e-05;0.0370715807252;supercritical
317.750000000;8.00000000000;243.243644182;0.00411110433476;388.161251955;421.050086633;1.71538549414;0.958716340062;3.26131162600;215.834103380;7.95344484050;2.08284817203e-05;0.0370236634988;supercritical
317.800000000;8.00000000000;242.964578654;0.00411582628850;388.286283474;421.212893782;1.71589782883;0.958154670811;3.25099026360;215.927413363;7.95304555877;2.08210583454e-05;0.0369761126089;supercritical
317.850000000;8.00000000000;242.686922190;0.00412053517748;388.410905823;421.375187243;1.71640846666;0.957596399114;3.24076390808;216.020452640;7.95262538393;2.08136972463e-05;0.0369289238291;supercritical
317.900000000;8.00000000000;242.410660815;0.00412523111251;388.535122834;421.536971734;1.71691742300;0.957041488144;3.23063121224;216.113223691;7.95218457134;2.08063977386e-05;0.0368820930019;supercritical
317.950000000;8.00000000000;242.135780761;0.00412991420291;388.658938280;421.698251903;1.71742471302;0.956489901659;3.22059085461;216.205728956;7.95172337244;2.07991591486e-05;0.0368356160366;supercritical
318.000000000;8.00000000000;241.862268463;0.00413458455655;388.782355884;421.859032337;1.71793035163;0.955941603988;3.21064153886;216.297970842;7.95124203488;2.07919808132e-05;0.0367894889085;supercritical
318.050000000;8.00000000000;241.590110556;0.00413924227982;388.905379315;422.019317553;1.71843435360;0.955396560023;3.20078199315;216.389951723;7.95074080258;2.07848620798e-05;0.0367437076575;supercritical
318.100000000;8.00000000000;241.319293869;0.00414388747774;389.028012189;422.179112011;1.71893673343;0.954854735204;3.19101096961;216.481673935;7.95021991577;2.07778023058e-05;0.0366982683864;supercritical
318.150000000;8.00000000000;241.049805423;0.00414852025391;389.150258074;422.338420105;1.71943750545;0.954316095509;3.18132724374;216.573139785;7.94967961113;2.07708008585e-05;0.0366531672597;supercritical
318.200000000;8.00000000000;240.781632429;0.00415314071058;389.272120486;422.497246171;1.71993668380;0.953780607448;3.17172961387;216.664351546;7.94912012177;2.07638571151e-05;0.0366084005026;supercritical
318.250000000;8.00000000000;240.514762278;0.00415774894867;389.393602893;422.655594482;1.72043428241;0.953248238046;3.16221690062;216.755311456;7.94854167737;2.07569704621e-05;0.0365639643996;supercritical
318.300000000;8.00000000000;240.249182545;0.00416234506777;389.514708714;422.813469257;1.72093031503;0.952718954839;3.15278794640;216.846021727;7.94794450419;2.07501402956e-05;0.0365198552932;supercritical
318.350000000;8.00000000000;239.984880981;0.00416692916618;389.635441324;422.970874654;1.72142479521;0.952192725862;3.14344161487;216.936484535;7.94732882518;2.07433660207e-05;0.0364760695828;supercritical
318.400000000;8.00000000000;239.721845511;0.00417150134094;389.755804049;423.127814777;1.72191773633;0.951669519637;3.13417679052;217.026702028;7.94669485999;2.07366470514e-05;0.0364326037237;supercritical
318.450000000;8.00000000000;239.460064231;0.00417606168783;389.875800170;423.284293673;1.72240915159;0.951149305168;3.12499237811;217.116676326;7.94604282509;2.07299828107e-05;0.0363894542258;supercritical
318.500000000;8.00000000000;239.199525404;0.00418061030143;389.995432925;423.440315337;1.72289905400;0.950632051930;3.11588730226;217.206409515;7.94537293377;2.07233727302e-05;0.0363466176525;supercritical
318.550000000;8.00000000000;238.940217457;0.00418514727509;390.114705507;423.595883708;1.72338745641;0.950117729858;3.10686050700;217.295903657;7.94468539624;2.07168162499e-05;0.0363040906198;supercritical
318.600000000;8.00000000000;238.682128979;0.00418967270100;390.233621067;423.751002675;1.72387437149;0.949606309343;3.09791095530;217.385160782;7.94398041966;2.07103128179e-05;0.0362618697950;supercritical
318.650000000;8.00000000000;238.425248717;0.00419418667017;390.352182712;423.905676074;1.72435981176;0.949097761218;3.08903762867;217.474182895;7.94325820822;2.07038618909e-05;0.0362199518960;supercritical
318.700000000;8.00000000000;238.169565572;0.00419868927248;390.470393511;424.059907691;1.72484378955;0.948592056756;3.08023952674;217.562971972;7.94251896317;2.06974629332e-05;0.0361783336902;supercritical
318.750000000;8.00000000000;237.915068600;0.00420318059669;390.588256490;424.213701264;1.72532631706;0.948089167656;3.07151566684;217.651529963;7.94176288287;2.06911154171e-05;0.0361370119934;supercritical
318.800000000;8.00000000000;237.661747004;0.00420766073045;390.705774636;424.367060479;1.72580740629;0.947589066038;3.06286508365;217.739858792;7.94099016287;2.06848188224e-05;0.0360959836690;supercritical
318.850000000;8.00000000000;237.409590137;0.00421212976032;390.822950895;424.519988978;1.72628706913;0.947091724435;3.05428682875;217.827960355;7.94020099594;2.06785726367e-05;0.0360552456270;supercritical
318.900000000;8.00000000000;237.158587492;0.00421658777181;390.939788178;424.672490352;1.72676531729;0.946597115784;3.04577997031;217.915836524;7.93939557211;2.06723763547e-05;0.0360147948231;supercritical
318.950000000;8.00000000000;236.908728708;0.00422103484938;391.056289354;424.824568149;1.72724216232;0.946105213422;3.03734359271;218.003489148;7.93857407876;2.06662294786e-05;0.0359746282582;supercritical
319.000000000;8.00000000000;236.660003561;0.00422547107644;391.172457259;424.976225871;1.72771761566;0.945615991074;3.02897679616;218.090920047;7.93773670059;2.06601315176e-05;0.0359347429767;supercritical
319.050000000;8.00000000000;236.412401965;0.00422989653542;391.288294691;425.127466974;1.72819168856;0.945129422851;3.02067869640;218.178131021;7.93688361977;2.06540819878e-05;0.0358951360666;supercritical
319.100000000;8.00000000000;236.165913965;0.00423431130771;391.403804409;425.278294871;1.72866439217;0.944645483237;3.01244842431;218.265123844;7.93601501588;2.06480804123e-05;0.0358558046580;supercritical
319.150000000;8.00000000000;235.920529743;0.00423871547377;391.518989142;425.428712933;1.72913573746;0.944164147088;3.00428512565;218.351900266;7.93513106602;2.06421263209e-05;0.0358167459227;supercritical
319.200000000;8.00000000000;235.676239606;0.00424310911305;391.633851581;425.578724486;1.72960573530;0.943685389623;2.99618796069;218.438462016;7.93423194485;2.06362192500e-05;0.0357779570733;supercritical
319.250000000;8.00000000000;235.433033990;0.00424749230409;391.748394384;425.728332817;1.73007439639;0.943209186415;2.98815610392;218.524810800;7.93331782459;2.06303587423e-05;0.0357394353623;supercritical
319.300000000;8.00000000000;235.190903456;0.00425186512447;391.862620175;425.877541171;1.73054173132;0.942735513390;2.98018874374;218.610948300;7.93238887512;2.06245443471e-05;0.0357011780816;supercritical
319.350000000;8.00000000000;234.949838690;0.00425622765088;391.976531546;426.026352753;1.73100775054;0.942264346816;2.97228508220;218.696876179;7.93144526397;2.06187756198e-05;0.0356631825617;supercritical
319.400000000;8.00000000000;234.709830494;0.00426057995907;392.090131055;426.174770728;1.73147246437;0.941795663298;2.96444433464;218.782596075;7.93048715638;2.06130521221e-05;0.0356254461708;supercritical
319.450000000;8.00000000000;234.470869794;0.00426492212393;392.203421231;426.322798222;1.73193588301;0.941329439774;2.95666572950;218.868109608;7.92951471534;2.06073734215e-05;0.0355879663142;supercritical
319.500000000;8.00000000000;234.232947628;0.00426925421948;392.316404568;426.470438324;1.73239801653;0.940865653508;2.94894850798;218.953418376;7.92852810163;2.06017390916e-05;0.0355507404340;supercritical
319.550000000;8.00000000000;233.996055151;0.00427357631886;392.429083533;426.617694084;1.73285887489;0.940404282081;2.94129192381;219.038523957;7.92752747386;2.05961487117e-05;0.0355137660078;supercritical
319.600000000;8.00000000000;233.760183632;0.00427788849437;392.541460560;426.764568515;1.73331846790;0.939945303392;2.93369524297;219.123427908;7.92651298848;2.05906018668e-05;0.0354770405485;supercritical
319.650000000;8.00000000000;233.525324447;0.00428219081749;392.653538054;426.911064594;1.73377680527;0.939488695648;2.92615774346;219.208131766;7.92548479985;2.05850981477e-05;0.0354405616034;supercritical
319.700000000;8.00000000000;233.291469085;0.00428648335887;392.765318393;427.057185264;1.73423389662;0.939034437357;2.91867871502;219.292637050;7.92444306026;2.05796371504e-05;0.0354043267539;supercritical
319.750000000;8.00000000000;233.058609139;0.00429076618836;392.876803922;427.202933429;1.73468975140;0.938582507329;2.91125745893;219.376945259;7.92338791996;2.05742184765e-05;0.0353683336146;supercritical
319.800000000;8.00000000000;232.826736309;0.00429503937499;392.987996961;427.348311961;1.73514437899;0.938132884663;2.90389328775;219.461057874;7.92231952721;2.05688417329e-05;0.0353325798327;supercritical
319.850000000;8.00000000000;232.595842398;0.00429930298705;393.098899801;427.493323698;1.73559778864;0.937685548750;2.89658552510;219.544976356;7.92123802828;2.05635065317e-05;0.0352970630878;supercritical
319.900000000;8.00000000000;232.365919311;0.00430355709204;393.209514706;427.637971442;1.73604998950;0.937240479260;2.88933350543;219.628702148;7.92014356753;2.05582124901e-05;0.0352617810908;supercritical
319.950000000;8.00000000000;232.136959053;0.00430780175668;393.319843913;427.782257966;1.73650099060;0.936797656143;2.88213657380;219.712236677;7.91903628740;2.05529592305e-05;0.0352267315837;supercritical
320.000000000;8.00000000000;231.908953727;0.00431203704699;393.429889631;427.926186007;1.73695080089;0.936357059624;2.87499408569;219.795581350;7.91791632845;2.05477463800e-05;0.0351919123390;supercritical
320.050000000;8.00000000000;231.681895534;0.00431626302821;393.539654046;428.069758272;1.73739942918;0.935918670193;2.86790540677;219.878737558;7.91678382941;2.05425735707e-05;0.0351573211591;supercritical
320.100000000;8.00000000000;231.455776770;0.00432047976489;393.649139315;428.212977434;1.73784688421;0.935482468607;2.86086991270;219.961706674;7.91563892720;2.05374404395e-05;0.0351229558758;supercritical
320.150000000;8.00000000000;231.230589823;0.00432468732085;393.758347572;428.355846139;1.73829317459;0.935048435881;2.85388698895;220.044490054;7.91448175695;2.05323466281e-05;0.0350888143499;supercritical
320.200000000;8.00000000000;231.006327176;0.00432888575921;393.867280926;428.498366999;1.73873830886;0.934616553286;2.84695603057;220.127089040;7.91331245202;2.05272917826e-05;0.0350548944703;supercritical
320.250000000;8.00000000000;230.782981401;0.00433307514241;393.975941459;428.640542598;1.73918229545;0.934186802343;2.84007644205;220.209504955;7.91213114406;2.05222755539e-05;0.0350211941542;supercritical
320.300000000;8.00000000000;230.560545160;0.00433725553219;394.084331232;428.782375490;1.73962514268;0.933759164820;2.83324763710;220.291739106;7.91093796302;2.05172975971e-05;0.0349877113459;supercritical
320.350000000;8.00000000000;230.339011202;0.00434142698964;394.192452282;428.923868199;1.74006685879;0.933333622728;2.82646903849;220.373792786;7.90973303718;2.05123575720e-05;0.0349544440171;supercritical
320.400000000;8.00000000000;230.118372364;0.00434558957517;394.300306620;429.065023221;1.74050745193;0.932910158316;2.81974007785;220.455667270;7.90851649316;2.05074551425e-05;0.0349213901655;supercritical
320.450000000;8.00000000000;229.898621566;0.00434974334856;394.407896236;429.205843025;1.74094693015;0.932488754066;2.81306019554;220.537363821;7.90728845596;2.05025899768e-05;0.0348885478152;supercritical
320.500000000;8.00000000000;229.679751814;0.00435388836892;394.515223098;429.346330049;1.74138530140;0.932069392694;2.80642884044;220.618883683;7.90604904901;2.04977617473e-05;0.0348559150158;supercritical
320.550000000;8.00000000000;229.461756195;0.00435802469476;394.622289150;429.486486708;1.74182257358;0.931652057138;2.79984546980;220.700228089;7.90479839414;2.04929701306e-05;0.0348234898422;supercritical
320.600000000;8.00000000000;229.244627877;0.00436215238395;394.729096316;429.626315387;1.74225875445;0.931236730563;2.79330954911;220.781398254;7.90353661165;2.04882148072e-05;0.0347912703939;supercritical
320.650000000;8.00000000000;229.028360108;0.00436627149375;394.835646495;429.765818445;1.74269385172;0.930823396352;2.78682055190;220.862395382;7.90226382032;2.04834954617e-05;0.0347592547950;supercritical
320.700000000;8.00000000000;228.812946217;0.00437038208080;394.941941569;429.904998216;1.74312787301;0.930412038102;2.78037795960;220.943220659;7.90098013742;2.04788117826e-05;0.0347274411933;supercritical
320.750000000;8.00000000000;228.598379606;0.00437448420117;395.047983397;430.043857006;1.74356082583;0.930002639624;2.77398126141;221.023875261;7.89968567877;2.04741634620e-05;0.0346958277603;supercritical
320.800000000;8.00000000000;228.384653757;0.00437857791034;395.153773816;430.182397098;1.74399271765;0.929595184936;2.76762995414;221.104360347;7.89838055871;2.04695501963e-05;0.0346644126907;supercritical
320.850000000;8.00000000000;228.171762225;0.00438266326318;395.259314644;430.320620750;1.74442355581;0.929189658263;2.76132354206;221.184677064;7.89706489018;2.04649716852e-05;0.0346331942020;supercritical
320.900000000;8.00000000000;227.959698640;0.00438674031403;395.364607680;430.458530193;1.74485334763;0.928786044031;2.75506153679;221.264826546;7.89573878468;2.04604276321e-05;0.0346021705339;supercritical
320.950000000;8.00000000000;227.748456705;0.00439080911664;395.469654702;430.596127636;1.74528210028;0.928384326864;2.74884345712;221.344809913;7.89440235235;2.04559177443e-05;0.0345713399484;supercritical
321.000000000;8.00000000000;227.538030192;0.00439486972422;395.574457469;430.733415263;1.74570982092;0.927984491581;2.74266882891;221.424628273;7.89305570195;2.04514417324e-05;0.0345407007292;supercritical
321.050000000;8.00000000000;227.328412947;0.00439892218942;395.679017719;430.870395235;1.74613651659;0.927586523195;2.73653718495;221.504282720;7.89169894092;2.04469993105e-05;0.0345102511812;supercritical
321.100000000;8.00000000000;227.119598884;0.00440296656436;395.783337175;431.007069690;1.74656219426;0.927190406906;2.73044806483;221.583774336;7.89033217535;2.04425901964e-05;0.0344799896304;supercritical
321.150000000;8.00000000000;226.911581986;0.00440700290064;395.887417537;431.143440742;1.74698686085;0.926796128102;2.72440101483;221.663104192;7.88895551003;2.04382141109e-05;0.0344499144234;supercritical
321.200000000;8.00000000000;226.704356302;0.00441103124930;395.991260491;431.279510485;1.74741052317;0.926403672352;2.71839558778;221.742273345;7.88756904848;2.04338707784e-05;0.0344200239273;supercritical
321.250000000;8.00000000000;226.497915948;0.00441505166091;396.094867700;431.415280988;1.74783318799;0.926013025407;2.71243134294;221.821282840;7.88617289295;2.04295599265e-05;0.0343903165290;supercritical
321.300000000;8.00000000000;226.292255108;0.00441906418549;396.198240815;431.550754298;1.74825486199;0.925624173193;2.70650784590;221.900133712;7.88476714444;2.04252812861e-05;0.0343607906353;supercritical
321.350000000;8.00000000000;226.087368026;0.00442306887258;396.301381464;431.685932444;1.74867555179;0.925237101813;2.70062466846;221.978826982;7.88335190273;2.04210345912e-05;0.0343314446721;supercritical
321.400000000;8.00000000000;225.883249013;0.00442706577123;396.404291260;431.820817430;1.74909526393;0.924851797539;2.69478138851;222.057363662;7.88192726638;2.04168195790e-05;0.0343022770847;supercritical
321.450000000;8.00000000000;225.679892442;0.00443105492997;396.506971801;431.955411241;1.74951400490;0.924468246814;2.68897758992;222.135744751;7.88049333277;2.04126359896e-05;0.0342732863371;supercritical
321.500000000;8.00000000000;225.477292747;0.00443503639687;396.609424665;432.089715840;1.74993178110;0.924086436246;2.68321286246;222.213971237;7.87905019810;2.04084835665e-05;0.0342444709116;supercritical
321.550000000;8.00000000000;225.275444422;0.00443901021954;396.711651415;432.223733172;1.75034859887;0.923706352607;2.67748680166;222.292044098;7.87759795742;2.04043620559e-05;0.0342158293089;supercritical
321.600000000;8.00000000000;225.074342022;0.00444297644509;396.813653598;432.357465158;1.75076446451;0.923327982830;2.67179900872;222.369964300;7.87613670464;2.04002712069e-05;0.0341873600475;supercritical
321.650000000;8.00000000000;224.873980163;0.00444693512018;396.915432742;432.490913704;1.75117938421;0.922951314006;2.66614909044;222.447732799;7.87466653254;2.03962107717e-05;0.0341590616637;supercritical
321.700000000;8.00000000000;224.674353514;0.00445088629102;397.016990364;432.624080692;1.75159336413;0.922576333383;2.66053665906;222.525350541;7.87318753282;2.03921805054e-05;0.0341309327109;supercritical
321.750000000;8.00000000000;224.475456807;0.00445483000335;397.118327961;432.756967988;1.75200641037;0.922203028363;2.65496133222;222.602818460;7.87169979604;2.03881801656e-05;0.0341029717599;supercritical
321.800000000;8.00000000000;224.277284826;0.00445876630250;397.219447018;432.889577438;1.75241852894;0.921831386496;2.64942273285;222.680137482;7.87020341175;2.03842095130e-05;0.0340751773982;supercritical
321.850000000;8.00000000000;224.079832415;0.00446269523332;397.320349001;433.021910867;1.75282972581;0.921461395485;2.64392048906;222.757308521;7.86869846838;2.03802683108e-05;0.0340475482299;supercritical
321.900000000;8.00000000000;223.883094468;0.00446661684026;397.421035364;433.153970086;1.75324000689;0.921093043177;2.63845423407;222.834332482;7.86718505337;2.03763563250e-05;0.0340200828753;supercritical
321.950000000;8.00000000000;223.687065937;0.00447053116732;397.521507546;433.285756885;1.75364937803;0.920726317563;2.63302360611;222.911210260;7.86566325310;2.03724733243e-05;0.0339927799710;supercritical
322.000000000;8.00000000000;223.491741827;0.00447443825810;397.621766970;433.417273035;1.75405784500;0.920361206778;2.62762824836;222.987942741;7.86413315294;2.03686190799e-05;0.0339656381694;supercritical
322.050000000;8.00000000000;223.297117193;0.00447833815577;397.721815045;433.548520291;1.75446541354;0.919997699094;2.62226780882;223.064530801;7.86259483727;2.03647933657e-05;0.0339386561384;supercritical
322.100000000;8.00000000000;223.103187145;0.00448223090309;397.821653167;433.679500392;1.75487208933;0.919635782925;2.61694194026;223.140975307;7.86104838950;2.03609959579e-05;0.0339118325613;supercritical
322.150000000;8.00000000000;222.909946843;0.00448611654242;397.921282717;433.810215056;1.75527787798;0.919275446815;2.61165030014;223.217277115;7.85949389203;2.03572266355e-05;0.0338851661366;supercritical
322.200000000;8.00000000000;222.717391496;0.00448999511571;398.020705061;433.940665987;1.75568278504;0.918916679447;2.60639255051;223.293437075;7.85793142634;2.03534851797e-05;0.0338586555777;supercritical
322.250000000;8.00000000000;222.525516365;0.00449386666454;398.119921554;434.070854870;1.75608681604;0.918559469631;2.60116835796;223.369456026;7.85636107295;2.03497713743e-05;0.0338322996126;supercritical
322.300000000;8.00000000000;222.334316758;0.00449773123007;398.218933536;434.200783376;1.75648997641;0.918203806310;2.59597739351;223.445334798;7.85478291146;2.03460850053e-05;0.0338060969840;supercritical
322.350000000;8.00000000000;222.143788034;0.00450158885309;398.317742333;434.330453158;1.75689227157;0.917849678551;2.59081933256;223.521074214;7.85319702054;2.03424258614e-05;0.0337800464486;supercritical
322.400000000;8.00000000000;221.953925598;0.00450543957402;398.416349260;434.459865853;1.75729370685;0.917497075549;2.58569385481;223.596675086;7.85160347798;2.03387937333e-05;0.0337541467774;supercritical
322.450000000;8.00000000000;221.764724902;0.00450928343289;398.514755618;434.589023081;1.75769428755;0.917145986623;2.58060064419;223.672138219;7.85000236065;2.03351884141e-05;0.0337283967551;supercritical
322.500000000;8.00000000000;221.576181445;0.00451312046936;398.612962695;434.717926450;1.75809401891;0.916796401212;2.57553938879;223.747464410;7.84839374456;2.03316096990e-05;0.0337027951800;supercritical
322.550000000;8.00000000000;221.388290770;0.00451695072273;398.710971766;434.846577548;1.75849290613;0.916448308876;2.57050978079;223.822654448;7.84677770486;2.03280573859e-05;0.0336773408639;supercritical
322.600000000;8.00000000000;221.201048469;0.00452077423195;398.808784094;434.974977950;1.75889095436;0.916101699293;2.56551151638;223.897709111;7.84515431583;2.03245312743e-05;0.0336520326321;supercritical
322.650000000;8.00000000000;221.014450175;0.00452459103559;398.906400932;435.103129217;1.75928816868;0.915756562258;2.56054429571;223.972629173;7.84352365091;2.03210311661e-05;0.0336268693226;supercritical
322.700000000;8.00000000000;220.828491567;0.00452840117189;399.003823517;435.231032892;1.75968455414;0.915412887679;2.55560782284;224.047415397;7.84188578273;2.03175568656e-05;0.0336018497864;supercritical
322.750000000;8.00000000000;220.643168367;0.00453220467872;399.101053077;435.358690506;1.76008011574;0.915070665578;2.55070180562;224.122068540;7.84024078308;2.03141081788e-05;0.0335769728873;supercritical
322.800000000;8.00000000000;220.458476338;0.00453600159364;399.198090826;435.486103575;1.76047485843;0.914729886089;2.54582595570;224.196589351;7.83858872294;2.03106849139e-05;0.0335522375016;supercritical
322.850000000;8.00000000000;220.274411288;0.00453979195384;399.294937969;435.613273600;1.76086878712;0.914390539454;2.54097998842;224.270978571;7.83692967251;2.03072868813e-05;0.0335276425177;supercritical
322.900000000;8.00000000000;220.090969064;0.00454357579618;399.391595698;435.740202068;1.76126190666;0.914052616024;2.53616362275;224.345236933;7.83526370121;2.03039138932e-05;0.0335031868364;supercritical
322.950000000;8.00000000000;219.908145558;0.00454735315722;399.488065193;435.866890451;1.76165422186;0.913716106256;2.53137658128;224.419365164;7.83359087765;2.03005657639e-05;0.0334788693704;supercritical
323.000000000;8.00000000000;219.725936698;0.00455112407315;399.584347625;435.993340210;1.76204573750;0.913381000713;2.52661859009;224.493363983;7.83191126971;2.02972423096e-05;0.0334546890443;supercritical
323.050000000;8.00000000000;219.544338454;0.00455488857987;399.680444151;436.119552790;1.76243645828;0.913047290060;2.52188937874;224.567234101;7.83022494451;2.02939433485e-05;0.0334306447942;supercritical
323.100000000;8.00000000000;219.363346838;0.00455864671294;399.776355919;436.245529623;1.76282638891;0.912714965063;2.51718868024;224.640976224;7.82853196841;2.02906687007e-05;0.0334067355678;supercritical
323.150000000;8.00000000000;219.182957896;0.00456239850762;399.872084068;436.371272129;1.76321553400;0.912384016591;2.51251623091;224.714591050;7.82683240706;2.02874181881e-05;0.0333829603240;supercritical
323.200000000;8.00000000000;219.003167717;0.00456614399885;399.967629722;436.496781713;1.76360389816;0.912054435608;2.50787177040;224.788079268;7.82512632538;2.02841916345e-05;0.0333593180332;supercritical
323.250000000;8.00000000000;218.823972425;0.00456988322128;400.062993998;436.622059768;1.76399148594;0.911726213179;2.50325504163;224.861441564;7.82341378755;2.02809888656e-05;0.0333358076763;supercritical
323.300000000;8.00000000000;218.645368184;0.00457361620924;400.158178001;436.747107675;1.76437830184;0.911399340463;2.49866579071;224.934678615;7.82169485709;2.02778097088e-05;0.0333124282455;supercritical
323.350000000;8.00000000000;218.467351193;0.00457734299675;400.253182827;436.871926801;1.76476435033;0.911073808714;2.49410376690;225.007791092;7.81996959679;2.02746539933e-05;0.0332891787436;supercritical
323.400000000;8.00000000000;218.289917688;0.00458106361757;400.348009560;436.996518501;1.76514963585;0.910749609279;2.48956872257;225.080779658;7.81823806877;2.02715215501e-05;0.0332660581838;supercritical
323.450000000;8.00000000000;218.113063941;0.00458477810512;400.442659278;437.120884119;1.76553416277;0.910426733597;2.48506041315;225.153644973;7.81650033448;2.02684122118e-05;0.0332430655899;supercritical
323.500000000;8.00000000000;217.936786262;0.00458848649258;400.537133043;437.245024984;1.76591793545;0.910105173197;2.48057859707;225.226387687;7.81475645469;2.02653258130e-05;0.0332201999959;supercritical
323.550000000;8.00000000000;217.761080992;0.00459218881282;400.631431913;437.368942416;1.76630095820;0.909784919699;2.47612303572;225.299008445;7.81300648952;2.02622621897e-05;0.0331974604461;supercritical
323.600000000;8.00000000000;217.585944511;0.00459588509841;400.725556934;437.492637721;1.76668323529;0.909465964808;2.47169349343;225.371507888;7.81125049844;2.02592211797e-05;0.0331748459945;supercritical
323.650000000;8.00000000000;217.411373229;0.00459957538168;400.819509141;437.616112195;1.76706477095;0.909148300318;2.46728973736;225.443886647;7.80948854027;2.02562026224e-05;0.0331523557051;supercritical
323.700000000;8.00000000000;217.237363593;0.00460325969465;400.913289564;437.739367121;1.76744556937;0.908831918108;2.46291153754;225.516145349;7.80772067321;2.02532063587e-05;0.0331299886519;supercritical
323.750000000;8.00000000000;217.063912083;0.00460693806909;401.006899218;437.862403771;1.76782563471;0.908516810140;2.45855866676;225.588284617;7.80594695484;2.02502322314e-05;0.0331077439180;supercritical
323.800000000;8.00000000000;216.891015211;0.00461061053649;401.100339114;437.985223406;1.76820497110;0.908202968461;2.45423090055;225.660305064;7.80416744210;2.02472800847e-05;0.0330856205965;supercritical
323.850000000;8.00000000000;216.718669522;0.00461427712807;401.193610251;438.107827276;1.76858358261;0.907890385197;2.44992801716;225.732207300;7.80238219134;2.02443497642e-05;0.0330636177894;supercritical
323.900000000;8.00000000000;216.546871593;0.00461793787481;401.286713620;438.230216619;1.76896147329;0.907579052558;2.44564979746;225.803991929;7.80059125832;2.02414411174e-05;0.0330417346081;supercritical
323.950000000;8.00000000000;216.375618034;0.00462159280739;401.379650204;438.352392663;1.76933864717;0.907268962831;2.44139602497;225.875659550;7.79879469820;2.02385539930e-05;0.0330199701733;supercritical
324.000000000;8.00000000000;216.204905485;0.00462524195628;401.472420975;438.474356625;1.76971510821;0.906960108382;2.43716648580;225.947210753;7.79699256553;2.02356882413e-05;0.0329983236144;supercritical
324.050000000;8.00000000000;216.034730617;0.00462888535165;401.565026899;438.596109712;1.77009086036;0.906652481655;2.43296096856;226.018646127;7.79518491433;2.02328437141e-05;0.0329767940697;supercritical
324.100000000;8.00000000000;215.865090133;0.00463252302346;401.657468931;438.717653119;1.77046590752;0.906346075170;2.42877926439;226.089966252;7.79337179801;2.02300202647e-05;0.0329553806864;supercritical
324.150000000;8.00000000000;215.695980765;0.00463615500138;401.749748021;438.838988032;1.77084025358;0.906040881521;2.42462116688;226.161171705;7.79155326945;2.02272177477e-05;0.0329340826202;supercritical
324.200000000;8.00000000000;215.527399275;0.00463978131488;401.841865106;438.960115625;1.77121390237;0.905736893378;2.42048647208;226.232263058;7.78972938096;2.02244360193e-05;0.0329128990353;supercritical
324.250000000;8.00000000000;215.359342455;0.00464340199316;401.933821120;439.081037065;1.77158685770;0.905434103483;2.41637497838;226.303240875;7.78790018429;2.02216749370e-05;0.0328918291045;supercritical
324.300000000;8.00000000000;215.191807126;0.00464701706517;402.025616985;439.201753507;1.77195912335;0.905132504649;2.41228648658;226.374105717;7.78606573068;2.02189343597e-05;0.0328708720086;supercritical
324.350000000;8.00000000000;215.024790138;0.00465062655965;402.117253617;439.322266094;1.77233070307;0.904832089762;2.40822079975;226.444858140;7.78422607082;2.02162141476e-05;0.0328500269369;supercritical
324.400000000;8.00000000000;214.858288369;0.00465423050509;402.208731923;439.442575963;1.77270160055;0.904532851776;2.40417772330;226.515498694;7.78238125487;2.02135141624e-05;0.0328292930866;supercritical
324.450000000;8.00000000000;214.692298726;0.00465782892975;402.300052802;439.562684240;1.77307181949;0.904234783716;2.40015706486;226.586027924;7.78053133248;2.02108342671e-05;0.0328086696628;supercritical
324.500000000;8.00000000000;214.526818142;0.00466142186165;402.391217147;439.682592040;1.77344136353;0.903937878675;2.39615863428;226.656446372;7.77867635277;2.02081743258e-05;0.0327881558788;supercritical
324.550000000;8.00000000000;214.361843580;0.00466500932861;402.482225842;439.802300471;1.77381023630;0.903642129811;2.39218224362;226.726754572;7.77681636439;2.02055342042e-05;0.0327677509553;supercritical
324.600000000;8.00000000000;214.197372028;0.00466859135821;402.573079763;439.921810629;1.77417844137;0.903347530351;2.38822770707;226.796953057;7.77495141544;2.02029137692e-05;0.0327474541209;supercritical
324.650000000;8.00000000000;214.033400501;0.00467216797779;402.663779780;440.041123603;1.77454598230;0.903054073586;2.38429484098;226.867042352;7.77308155358;2.02003128888e-05;0.0327272646118;supercritical
324.700000000;8.00000000000;213.869926042;0.00467573921451;402.754326755;440.160240471;1.77491286263;0.902761752870;2.38038346377;226.937022979;7.77120682593;2.01977314324e-05;0.0327071816715;supercritical
324.750000000;8.00000000000;213.706945719;0.00467930509527;402.844721542;440.279162304;1.77527908586;0.902470561624;2.37649339593;227.006895455;7.76932727917;2.01951692707e-05;0.0326872045512;supercritical
324.800000000;8.00000000000;213.544456627;0.00468286564679;402.934964989;440.397890163;1.77564465544;0.902180493329;2.37262445998;227.076660293;7.76744295948;2.01926262754e-05;0.0326673325090;supercritical
324.850000000;8.00000000000;213.382455883;0.00468642089557;403.025057935;440.516425100;1.77600957482;0.901891541528;2.36877648046;227.146318001;7.76555391259;2.01901023197e-05;0.0326475648106;supercritical
324.900000000;8.00000000000;213.220940635;0.00468997086788;403.115001214;440.634768157;1.77637384742;0.901603699827;2.36494928387;227.215869082;7.76366018375;2.01875972778e-05;0.0326279007284;supercritical
324.950000000;8.00000000000;213.059908051;0.00469351558981;403.204795653;440.752920372;1.77673747662;0.901316961890;2.36114269869;227.285314036;7.76176181776;2.01851110250e-05;0.0326083395423;supercritical
325.000000000;8.00000000000;212.899355326;0.00469705508722;403.294442070;440.870882768;1.77710046577;0.901031321442;2.35735655527;227.354653357;7.75985885897;2.01826434379e-05;0.0325888805388;supercritical
325.050000000;8.00000000000;212.739279679;0.00470058938579;403.383941279;440.988656365;1.77746281820;0.900746772265;2.35359068591;227.423887538;7.75795135129;2.01801943944e-05;0.0325695230113;supercritical
325.100000000;8.00000000000;212.579678353;0.00470411851098;403.473294084;441.106242172;1.77782453722;0.900463308199;2.34984492474;227.493017063;7.75603933816;2.01777637731e-05;0.0325502662600;supercritical
325.150000000;8.00000000000;212.420548616;0.00470764248806;403.562501285;441.223641190;1.77818562610;0.900180923144;2.34611910775;227.562042415;7.75412286263;2.01753514542e-05;0.0325311095918;supercritical
325.200000000;8.00000000000;212.261887757;0.00471116134209;403.651563676;441.340854412;1.77854608808;0.899899611052;2.34241307273;227.630964074;7.75220196727;2.01729573187e-05;0.0325120523203;supercritical
325.250000000;8.00000000000;212.103693090;0.00471467509797;403.740482040;441.457882824;1.77890592639;0.899619365932;2.33872665928;227.699782512;7.75027669428;2.01705812487e-05;0.0324930937655;supercritical
325.300000000;8.00000000000;211.945961953;0.00471818378036;403.829257160;441.574727403;1.77926514422;0.899340181849;2.33505970875;227.768498201;7.74834708540;2.01682231277e-05;0.0324742332537;supercritical
325.350000000;8.00000000000;211.788691704;0.00472168741378;403.917889807;441.691389117;1.77962374475;0.899062052921;2.33141206423;227.837111606;7.74641318197;2.01658828397e-05;0.0324554701179;supercritical
325.400000000;8.00000000000;211.631879726;0.00472518602251;404.006380748;441.807868928;1.77998173112;0.898784973320;2.32778357054;227.905623190;7.74447502491;2.01635602704e-05;0.0324368036972;supercritical
325.450000000;8.00000000000;211.475523423;0.00472867963068;404.094730745;441.924167790;1.78033910644;0.898508937269;2.32417407418;227.974033412;7.74253265477;2.01612553061e-05;0.0324182333368;supercritical
325.500000000;8.00000000000;211.319620222;0.00473216826223;404.182940552;442.040286650;1.78069587382;0.898233939045;2.32058342332;228.042342726;7.74058611166;2.01589678342e-05;0.0323997583881;supercritical
325.550000000;8.00000000000;211.164167570;0.00473565194090;404.271010917;442.156226444;1.78105203632;0.897959972974;2.31701146779;228.110551583;7.73863543533;2.01566977432e-05;0.0323813782088;supercritical
325.600000000;8.00000000000;211.009162937;0.00473913069026;404.358942583;442.271988106;1.78140759698;0.897687033434;2.31345805903;228.178660431;7.73668066510;2.01544449227e-05;0.0323630921623;supercritical
325.650000000;8.00000000000;210.854603813;0.00474260453372;404.446736287;442.387572557;1.78176255884;0.897415114853;2.30992305008;228.246669713;7.73472183995;2.01522092631e-05;0.0323448996180;supercritical
325.700000000;8.00000000000;210.700487712;0.00474607349447;404.534392759;442.502980715;1.78211692488;0.897144211708;2.30640629558;228.314579869;7.73275899846;2.01499906559e-05;0.0323267999512;supercritical
325.750000000;8.00000000000;210.546812164;0.00474953759557;404.621912724;442.618213488;1.78247069808;0.896874318525;2.30290765169;228.382391336;7.73079217884;2.01477889935e-05;0.0323087925428;supercritical
325.800000000;8.00000000000;210.393574724;0.00475299685987;404.709296900;442.733271779;1.78282388139;0.896605429876;2.29942697616;228.450104546;7.72882141890;2.01456041692e-05;0.0322908767796;supercritical
325.850000000;8.00000000000;210.240772965;0.00475645131008;404.796546002;442.848156483;1.78317647774;0.896337540382;2.29596412820;228.517719929;7.72684675614;2.01434360776e-05;0.0322730520540;supercritical
325.900000000;8.00000000000;210.088404480;0.00475990096871;404.883660737;442.962868487;1.78352849004;0.896070644712;2.29251896857;228.585237911;7.72486822765;2.01412846137e-05;0.0322553177640;supercritical
325.950000000;8.00000000000;209.936466883;0.00476334585813;404.970641807;443.077408672;1.78387992116;0.895804737578;2.28909135946;228.652658914;7.72288587018;2.01391496739e-05;0.0322376733128;supercritical
326.000000000;8.00000000000;209.784957808;0.00476678600053;405.057489909;443.191777913;1.78423077396;0.895539813739;2.28568116454;228.719983357;7.72089972014;2.01370311553e-05;0.0322201181095;supercritical
326.050000000;8.00000000000;209.633874906;0.00477022141792;405.144205734;443.305977077;1.78458105129;0.895275868001;2.28228824891;228.787211656;7.71890981356;2.01349289559e-05;0.0322026515682;supercritical
326.100000000;8.00000000000;209.483215850;0.00477365213218;405.230789966;443.420007024;1.78493075596;0.895012895210;2.27891247910;228.854344224;7.71691618616;2.01328429746e-05;0.0321852731086;supercritical
326.150000000;8.00000000000;209.332978331;0.00477707816500;405.317243288;443.533868608;1.78527989076;0.894750890260;2.27555372303;228.921381469;7.71491887329;2.01307731112e-05;0.0321679821555;supercritical
326.200000000;8.00000000000;209.183160058;0.00478049953793;405.403566374;443.647562678;1.78562845846;0.894489848086;2.27221184998;228.988323799;7.71291790999;2.01287192665e-05;0.0321507781389;supercritical
326.250000000;8.00000000000;209.033758759;0.00478391627235;405.489759894;443.761090073;1.78597646183;0.894229763666;2.26888673063;229.055171615;7.71091333094;2.01266813419e-05;0.0321336604938;supercritical
326.300000000;8.00000000000;208.884772182;0.00478732838949;405.575824512;443.874451628;1.78632390358;0.893970632021;2.26557823697;229.121925318;7.70890517052;2.01246592399e-05;0.0321166286606;supercritical
326.350000000;8.00000000000;208.736198091;0.00479073591042;405.661760888;443.987648171;1.78667078643;0.893712448212;2.26228624234;229.188585304;7.70689346277;2.01226528638e-05;0.0320996820845;supercritical
326.400000000;8.00000000000;208.588034270;0.00479413885605;405.747569676;444.100680525;1.78701711306;0.893455207342;2.25901062137;229.255151966;7.70487824140;2.01206621176e-05;0.0320828202155;supercritical
326.450000000;8.00000000000;208.440278518;0.00479753724717;405.833251527;444.213549504;1.78736288616;0.893198904555;2.25575125000;229.321625696;7.70285953981;2.01186869063e-05;0.0320660425088;supercritical
326.500000000;8.00000000000;208.292928655;0.00480093110437;405.918807084;444.326255919;1.78770810835;0.892943535034;2.25250800544;229.388006880;7.70083739111;2.01167271355e-05;0.0320493484244;supercritical
326.550000000;8.00000000000;208.145982516;0.00480432044814;406.004236986;444.438800572;1.78805278228;0.892689094004;2.24928076614;229.454295903;7.69881182807;2.01147827119e-05;0.0320327374268;supercritical
326.600000000;8.00000000000;207.999437955;0.00480770529879;406.089541870;444.551184260;1.78839691056;0.892435576725;2.24606941182;229.520493147;7.69678288317;2.01128535427e-05;0.0320162089855;supercritical
326.650000000;8.00000000000;207.853292841;0.00481108567649;406.174722364;444.663407775;1.78874049576;0.892182978499;2.24287382340;229.586598991;7.69475058857;2.01109395362e-05;0.0319997625747;supercritical
326.700000000;8.00000000000;207.707545063;0.00481446160127;406.259779093;444.775471903;1.78908354047;0.891931294665;2.23969388303;229.652613810;7.69271497616;2.01090406011e-05;0.0319833976730;supercritical
326.750000000;8.00000000000;207.562192523;0.00481783309303;406.344712678;444.887377423;1.78942604723;0.891680520600;2.23652947404;229.718537977;7.69067607750;2.01071566473e-05;0.0319671137637;supercritical
326.800000000;8.00000000000;207.417233142;0.00482120017151;406.429523735;444.999125108;1.78976801858;0.891430651716;2.23338048096;229.784371863;7.68863392389;2.01052875851e-05;0.0319509103347;supercritical
326.850000000;8.00000000000;207.272664858;0.00482456285631;406.514212875;445.110715726;1.79010945703;0.891181683465;2.23024678946;229.850115835;7.68658854633;2.01034333257e-05;0.0319347868783;supercritical
326.900000000;8.00000000000;207.128485622;0.00482792116690;406.598780704;445.222150040;1.79045036507;0.890933611332;2.22712828637;229.915770258;7.68453997553;2.01015937812e-05;0.0319187428911;supercritical
326.950000000;8.00000000000;206.984693404;0.00483127512260;406.683227825;445.333428806;1.79079074518;0.890686430842;2.22402485966;229.981335495;7.68248824191;2.00997688642e-05;0.0319027778742;supercritical
327.000000000;8.00000000000;206.841286188;0.00483462474261;406.767554834;445.444552775;1.79113059982;0.890440137550;2.22093639840;230.046811903;7.68043337564;2.00979584881e-05;0.0318868913331;supercritical
327.050000000;8.00000000000;206.698261977;0.00483797004599;406.851762325;445.555522693;1.79146993143;0.890194727051;2.21786279279;230.112199840;7.67837540659;2.00961625671e-05;0.0318710827774;supercritical
327.100000000;8.00000000000;206.555618784;0.00484131105165;406.935850887;445.666339300;1.79180874244;0.889950194971;2.21480393412;230.177499661;7.67631436436;2.00943810161e-05;0.0318553517209;supercritical
327.150000000;8.00000000000;206.413354642;0.00484464777840;407.019821103;445.777003330;1.79214703524;0.889706536971;2.21175971474;230.242711717;7.67425027829;2.00926137505e-05;0.0318396976819;supercritical
327.200000000;8.00000000000;206.271467598;0.00484798024489;407.103673555;445.887515514;1.79248481223;0.889463748747;2.20873002807;230.307836356;7.67218317745;2.00908606868e-05;0.0318241201824;supercritical
327.250000000;8.00000000000;206.129955713;0.00485130846964;407.187408817;445.997876574;1.79282207577;0.889221826028;2.20571476860;230.372873925;7.67011309065;2.00891217418e-05;0.0318086187487;supercritical
327.300000000;8.00000000000;205.988817065;0.00485463247107;407.271027461;446.108087229;1.79315882821;0.888980764573;2.20271383184;230.437824769;7.66804004643;2.00873968332e-05;0.0317931929113;supercritical
327.350000000;8.00000000000;205.848049743;0.00485795226745;407.354530054;446.218148194;1.79349507191;0.888740560177;2.19972711434;230.502689228;7.66596407309;2.00856858794e-05;0.0317778422043;supercritical
327.400000000;8.00000000000;205.707651855;0.00486126787692;407.437917161;446.328060176;1.79383080916;0.888501208665;2.19675451363;230.567467642;7.66388519866;2.00839887993e-05;0.0317625661662;supercritical
327.450000000;8.00000000000;205.567621521;0.00486457931750;407.521189339;446.437823879;1.79416604229;0.888262705895;2.19379592828;230.632160348;7.66180345092;2.00823055125e-05;0.0317473643391;supercritical
327.500000000;8.00000000000;205.427956876;0.00486788660711;407.604347144;446.547440001;1.79450077356;0.888025047755;2.19085125783;230.696767679;7.65971885741;2.00806359395e-05;0.0317322362691;supercritical
327.550000000;8.00000000000;205.288656068;0.00487118976350;407.687391127;446.656909235;1.79483500526;0.887788230166;2.18792040280;230.761289968;7.65763144543;2.00789800012e-05;0.0317171815060;supercritical
327.600000000;8.00000000000;205.149717260;0.00487448880434;407.770321835;446.766232270;1.79516873963;0.887552249077;2.18500326466;230.825727544;7.65554124202;2.00773376191e-05;0.0317021996035;supercritical
327.650000000;8.00000000000;205.011138630;0.00487778374717;407.853139811;446.875409788;1.79550197891;0.887317100469;2.18209974584;230.890080734;7.65344827399;2.00757087156e-05;0.0316872901191;supercritical
327.700000000;8.00000000000;204.872918368;0.00488107460939;407.935845595;446.984442470;1.79583472533;0.887082780353;2.17920974972;230.954349864;7.65135256791;2.00740932135e-05;0.0316724526138;supercritical
327.750000000;8.00000000000;204.735054679;0.00488436140831;408.018439721;447.093330987;1.79616698109;0.886849284767;2.17633318060;231.018535256;7.64925415011;2.00724910363e-05;0.0316576866525;supercritical
327.800000000;8.00000000000;204.597545779;0.00488764416110;408.100922721;447.202076010;1.79649874839;0.886616609782;2.17346994369;231.082637231;7.64715304670;2.00709021080e-05;0.0316429918035;supercritical
327.850000000;8.00000000000;204.460389899;0.00489092288483;408.183295123;447.310678202;1.79683002939;0.886384751495;2.17061994512;231.146656107;7.64504928356;2.00693263535e-05;0.0316283676389;supercritical
327.900000000;8.00000000000;204.323585285;0.00489419759645;408.265557452;447.419138223;1.79716082626;0.886153706033;2.16778309191;231.210592200;7.64294288634;2.00677636981e-05;0.0316138137342;supercritical
327.950000000;8.00000000000;204.187130193;0.00489746831280;408.347710227;447.527456729;1.79749114114;0.885923469550;2.16495929195;231.274445823;7.64083388044;2.00662140676e-05;0.0315993296684;supercritical
328.000000000;8.00000000000;204.051022893;0.00490073505059;408.429753964;447.635634369;1.79782097616;0.885694038229;2.16214845404;231.338217290;7.63872229109;2.00646773886e-05;0.0315849150241;supercritical
328.050000000;8.00000000000;203.915261669;0.00490399782644;408.511689177;447.743671789;1.79815033344;0.885465408279;2.15935048779;231.401906909;7.63660814326;2.00631535882e-05;0.0315705693872;supercritical
328.100000000;8.00000000000;203.779844815;0.00490725665684;408.593516376;447.851569631;1.79847921508;0.885237575937;2.15656530372;231.465514987;7.63449146171;2.00616425941e-05;0.0315562923470;supercritical
328.150000000;8.00000000000;203.644770641;0.00491051155820;408.675236065;447.959328531;1.79880762317;0.885010537469;2.15379281315;231.529041832;7.63237227099;2.00601443344e-05;0.0315420834964;supercritical
328.200000000;8.00000000000;203.510037467;0.00491376254679;408.756848748;448.066949122;1.79913555976;0.884784289164;2.15103292825;231.592487745;7.63025059545;2.00586587380e-05;0.0315279424313;supercritical
328.250000000;8.00000000000;203.375643625;0.00491700963878;408.838354922;448.174432032;1.79946302694;0.884558827339;2.14828556201;231.655853029;7.62812645922;2.00571857343e-05;0.0315138687511;supercritical
328.300000000;8.00000000000;203.241587462;0.00492025285025;408.919755083;448.281777885;1.79979002672;0.884334148338;2.14555062824;231.719137983;7.62599988620;2.00557252532e-05;0.0314998620584;supercritical
328.350000000;8.00000000000;203.107867334;0.00492349219715;409.001049724;448.388987301;1.80011656115;0.884110248529;2.14282804154;231.782342904;7.62387090012;2.00542772252e-05;0.0314859219590;supercritical
328.400000000;8.00000000000;202.974481611;0.00492672769533;409.082239331;448.496060894;1.80044263225;0.883887124305;2.14011771731;231.845468088;7.62173952450;2.00528415813e-05;0.0314720480619;supercritical
328.450000000;8.00000000000;202.841428674;0.00492995936057;409.163324391;448.602999276;1.80076824200;0.883664772087;2.13741957173;231.908513829;7.61960578263;2.00514182530e-05;0.0314582399793;supercritical
328.500000000;8.00000000000;202.708706914;0.00493318720849;409.244305385;448.709803053;1.80109339241;0.883443188318;2.13473352178;231.971480417;7.61746969764;2.00500071725e-05;0.0314444973266;supercritical
328.550000000;8.00000000000;202.576314738;0.00493641125466;409.325182791;448.816472828;1.80141808543;0.883222369467;2.13205948516;232.034368143;7.61533129244;2.00486082724e-05;0.0314308197220;supercritical
328.600000000;8.00000000000;202.444250560;0.00493963151451;409.405957084;448.923009200;1.80174232305;0.883002312027;2.12939738037;232.097177295;7.61319058976;2.00472214857e-05;0.0314172067871;supercritical
328.650000000;8.00000000000;202.312512809;0.00494284800340;409.486628736;449.029412763;1.80206610720;0.882783012515;2.12674712663;232.159908158;7.61104761211;2.00458467462e-05;0.0314036581463;supercritical
328.700000000;8.00000000000;202.181099922;0.00494606073657;409.567198216;449.135684109;1.80238943981;0.882564467471;2.12410864393;232.222561017;7.60890238185;2.00444839880e-05;0.0313901734271;supercritical
328.750000000;8.00000000000;202.050010349;0.00494926972917;409.647665989;449.241823823;1.80271232281;0.882346673459;2.12148185295;232.285136154;7.60675492112;2.00431331458e-05;0.0313767522601;supercritical
328.800000000;8.00000000000;201.919242552;0.00495247499625;409.728032518;449.347832488;1.80303475812;0.882129627068;2.11886667513;232.347633849;7.60460525188;2.00417941547e-05;0.0313633942784;supercritical
328.850000000;8.00000000000;201.788795002;0.00495567655276;409.808298260;449.453710683;1.80335674762;0.881913324907;2.11626303260;232.410054381;7.60245339593;2.00404669505e-05;0.0313500991185;supercritical
328.900000000;8.00000000000;201.658666181;0.00495887441357;409.888463673;449.559458982;1.80367829319;0.881697763610;2.11367084821;232.472398028;7.60029937485;2.00391514693e-05;0.0313368664196;supercritical
328.950000000;8.00000000000;201.528854583;0.00496206859344;409.968529210;449.665077957;1.80399939672;0.881482939833;2.11109004550;232.534665063;7.59814321006;2.00378476478e-05;0.0313236958236;supercritical
329.000000000;8.00000000000;201.399358713;0.00496525910703;410.048495319;449.770568175;1.80432006005;0.881268850252;2.10852054870;232.596855762;7.59598492281;2.00365554230e-05;0.0313105869754;supercritical
329.050000000;8.00000000000;201.270177085;0.00496844596892;410.128362448;449.875930199;1.80464028504;0.881055491569;2.10596228273;232.658970395;7.59382453415;2.00352747326e-05;0.0312975395226;supercritical
329.100000000;8.00000000000;201.141308223;0.00497162919360;410.208131040;449.981164589;1.80496007351;0.880842860505;2.10341517318;232.721009232;7.59166206498;2.00340055146e-05;0.0312845531156;supercritical
329.150000000;8.00000000000;201.012750664;0.00497480879545;410.287801538;450.086271901;1.80527942729;0.880630953804;2.10087914630;232.782972542;7.58949753601;2.00327477076e-05;0.0312716274076;supercritical
329.200000000;8.00000000000;200.884502953;0.00497798478878;410.367374377;450.191252687;1.80559834819;0.880419768229;2.09835412901;232.844860592;7.58733096779;2.00315012507e-05;0.0312587620544;supercritical
329.250000000;8.00000000000;200.756563646;0.00498115718779;410.446849994;450.296107496;1.80591683801;0.880209300567;2.09584004887;232.906673647;7.58516238070;2.00302660832e-05;0.0312459567145;supercritical
329.300000000;8.00000000000;200.628931308;0.00498432600662;410.526228820;450.400836873;1.80623489854;0.879999547625;2.09333683410;232.968411969;7.58299179493;2.00290421451e-05;0.0312332110491;supercritical
329.350000000;8.00000000000;200.501604517;0.00498749125928;410.605511285;450.505441360;1.80655253154;0.879790506229;2.09084441353;233.030075822;7.58081923054;2.00278293768e-05;0.0312205247220;supercritical
329.400000000;8.00000000000;200.374581857;0.00499065295972;410.684697816;450.609921493;1.80686973878;0.879582173227;2.08836271665;233.091665464;7.57864470741;2.00266277190e-05;0.0312078973997;supercritical
329.450000000;8.00000000000;200.247861925;0.00499381112181;410.763788834;450.714277809;1.80718652201;0.879374545487;2.08589167355;233.153181155;7.57646824524;2.00254371131e-05;0.0311953287510;supercritical
329.500000000;8.00000000000;200.121443325;0.00499696575931;410.842784763;450.818510837;1.80750288298;0.879167619898;2.08343121495;233.214623151;7.57428986361;2.00242575007e-05;0.0311828184476;supercritical
329.550000000;8.00000000000;199.995324673;0.00500011688590;410.921686018;450.922621106;1.80781882341;0.878961393366;2.08098127218;233.275991709;7.57210958190;2.00230888240e-05;0.0311703661634;supercritical
329.600000000;8.00000000000;199.869504593;0.00500326451519;411.000493017;451.026609138;1.80813434502;0.878755862819;2.07854177715;233.337287082;7.56992741936;2.00219310254e-05;0.0311579715751;supercritical
329.650000000;8.00000000000;199.743981719;0.00500640866069;411.079206171;451.130475456;1.80844944952;0.878551025204;2.07611266240;233.398509522;7.56774339507;2.00207840480e-05;0.0311456343617;supercritical
329.700000000;8.00000000000;199.618754694;0.00500954933584;411.157825890;451.234220577;1.80876413860;0.878346877487;2.07369386102;233.459659281;7.56555752796;2.00196478352e-05;0.0311333542047;supercritical
329.750000000;8.00000000000;199.493822171;0.00501268655397;411.236352581;451.337845013;1.80907841394;0.878143416652;2.07128530672;233.520736608;7.56336983682;2.00185223308e-05;0.0311211307880;supercritical
329.800000000;8.00000000000;199.369182812;0.00501582032838;411.314786650;451.441349277;1.80939227723;0.877940639704;2.06888693376;233.581741750;7.56118034027;2.00174074790e-05;0.0311089637979;supercritical
329.850000000;8.00000000000;199.244835287;0.00501895067223;411.393128497;451.544733875;1.80970573012;0.877738543665;2.06649867697;233.642674955;7.55898905679;2.00163032244e-05;0.0310968529232;supercritical
329.900000000;8.00000000000;199.120778276;0.00502207759863;411.471378523;451.647999312;1.81001877427;0.877537125575;2.06412047177;233.703536467;7.55679600471;2.00152095120e-05;0.0310847978548;supercritical
329.950000000;8.00000000000;198.997010468;0.00502520112061;411.549537124;451.751146089;1.81033141132;0.877336382494;2.06175225409;233.764326530;7.55460120222;2.00141262874e-05;0.0310727982862;supercritical
330.000000000;8.00000000000;198.873530560;0.00502832125111;411.627604694;451.854174703;1.81064364290;0.877136311499;2.05939396046;233.825045387;7.55240466736;2.00130534963e-05;0.0310608539130;supercritical
330.050000000;8.00000000000;198.750337260;0.00503143800301;411.705581625;451.957085649;1.81095547064;0.876936909685;2.05704552793;233.885693277;7.55020641802;2.00119910850e-05;0.0310489644334;supercritical
330.100000000;8.00000000000;198.627429282;0.00503455138908;411.783468306;452.059879419;1.81126689613;0.876738174165;2.05470689409;233.946270440;7.54800647197;2.00109390000e-05;0.0310371295475;supercritical
330.150000000;8.00000000000;198.504805349;0.00503766142205;411.861265124;452.162556501;1.81157792100;0.876540102069;2.05237799706;234.006777115;7.54580484681;2.00098971884e-05;0.0310253489579;supercritical
330.200000000;8.00000000000;198.382464195;0.00504076811455;411.938972464;452.265117380;1.81188854682;0.876342690545;2.05005877550;234.067213538;7.54360156002;2.00088655976e-05;0.0310136223693;supercritical
330.250000000;8.00000000000;198.260404560;0.00504387147913;412.016590706;452.367562539;1.81219877518;0.876145936757;2.04774916858;234.127579943;7.54139662895;2.00078441752e-05;0.0310019494886;supercritical
330.300000000;8.00000000000;198.138625193;0.00504697152828;412.094120230;452.469892456;1.81250860765;0.875949837887;2.04544911600;234.187876566;7.53919007079;2.00068328695e-05;0.0309903300249;supercritical
330.350000000;8.00000000000;198.017124851;0.00505006827441;412.171561413;452.572107609;1.81281804579;0.875754391135;2.04315855795;234.248103639;7.53698190261;2.00058316289e-05;0.0309787636896;supercritical
330.400000000;8.00000000000;197.895902301;0.00505316172985;412.248914630;452.674208469;1.81312709116;0.875559593716;2.04087743514;234.308261392;7.53477214136;2.00048404024e-05;0.0309672501961;supercritical
330.450000000;8.00000000000;197.774956315;0.00505625190687;412.326180253;452.776195508;1.81343574529;0.875365442861;2.03860568878;234.368350056;7.53256080382;2.00038591391e-05;0.0309557892599;supercritical
330.500000000;8.00000000000;197.654285677;0.00505933881764;412.403358652;452.878069193;1.81374400971;0.875171935820;2.03634326057;234.428369860;7.53034790668;2.00028877887e-05;0.0309443805987;supercritical
330.550000000;8.00000000000;197.533889176;0.00506242247429;412.480450194;452.979829989;1.81405188596;0.874979069856;2.03409009269;234.488321030;7.52813346647;2.00019263010e-05;0.0309330239322;supercritical
330.600000000;8.00000000000;197.413765610;0.00506550288886;412.557455245;453.081478356;1.81435937555;0.874786842251;2.03184612783;234.548203793;7.52591749962;2.00009746265e-05;0.0309217189821;supercritical
330.650000000;8.00000000000;197.293913786;0.00506858007332;412.634374167;453.183014754;1.81466647997;0.874595250302;2.02961130913;234.608018375;7.52370002240;2.00000327157e-05;0.0309104654724;supercritical
330.700000000;8.00000000000;197.174332515;0.00507165403956;412.711207322;453.284439638;1.81497320072;0.874404291319;2.02738558021;234.667764997;7.52148105097;1.99991005197e-05;0.0308992631288;supercritical
330.750000000;8.00000000000;197.055020621;0.00507472479943;412.787955067;453.385753463;1.81527953930;0.874213962633;2.02516888518;234.727443884;7.51926060139;1.99981779898e-05;0.0308881116792;supercritical
330.800000000;8.00000000000;196.935976933;0.00507779236468;412.864617759;453.486956677;1.81558549717;0.874024261586;2.02296116859;234.787055255;7.51703868956;1.99972650778e-05;0.0308770108536;supercritical
330.850000000;8.00000000000;196.817200286;0.00508085674701;412.941195752;453.588049728;1.81589107581;0.873835185537;2.02076237545;234.846599331;7.51481533127;1.99963617356e-05;0.0308659603836;supercritical
330.900000000;8.00000000000;196.698689525;0.00508391795804;413.017689398;453.689033062;1.81619627667;0.873646731860;2.01857245125;234.906076331;7.51259054219;1.99954679156e-05;0.0308549600030;supercritical
330.950000000;8.00000000000;196.580443503;0.00508697600932;413.094099046;453.789907120;1.81650110121;0.873458897944;2.01639134189;234.965486471;7.51036433788;1.99945835705e-05;0.0308440094476;supercritical
331.000000000;8.00000000000;196.462461078;0.00509003091234;413.170425043;453.890672342;1.81680555086;0.873271681194;2.01421899374;235.024829969;7.50813673377;1.99937086534e-05;0.0308331084549;supercritical
331.050000000;8.00000000000;196.344741116;0.00509308267853;413.246667736;453.991329165;1.81710962706;0.873085079027;2.01205535362;235.084107040;7.50590774518;1.99928431175e-05;0.0308222567644;supercritical
331.100000000;8.00000000000;196.227282493;0.00509613131924;413.322827468;454.091878022;1.81741333124;0.872899088879;2.00990036875;235.143317897;7.50367738730;1.99919869166e-05;0.0308114541176;supercritical
331.150000000;8.00000000000;196.110084088;0.00509917684576;413.398904579;454.192319345;1.81771666479;0.872713708196;2.00775398681;235.202462753;7.50144567522;1.99911400047e-05;0.0308007002575;supercritical
331.200000000;8.00000000000;195.993144790;0.00510221926931;413.474899408;454.292653563;1.81801962915;0.872528934441;2.00561615590;235.261541821;7.49921262392;1.99903023361e-05;0.0307899949294;supercritical
331.250000000;8.00000000000;195.876463495;0.00510525860106;413.550812294;454.392881102;1.81832222569;0.872344765091;2.00348682453;235.320555310;7.49697824824;1.99894738654e-05;0.0307793378802;supercritical
331.300000000;8.00000000000;195.760039104;0.00510829485209;413.626643569;454.493002386;1.81862445582;0.872161197637;2.00136594165;235.379503430;7.49474256294;1.99886545476e-05;0.0307687288584;supercritical
331.350000000;8.00000000000;195.643870528;0.00511132803345;413.702393569;454.593017836;1.81892632091;0.871978229583;1.99925345660;235.438386390;7.49250558265;1.99878443378e-05;0.0307581676147;supercritical
331.400000000;8.00000000000;195.527956682;0.00511435815609;413.778062622;454.692927871;1.81922782234;0.871795858448;1.99714931914;235.497204396;7.49026732190;1.99870431917e-05;0.0307476539013;supercritical
331.450000000;8.00000000000;195.412296490;0.00511738523093;413.853651059;454.792732906;1.81952896147;0.871614081764;1.99505347945;235.555957655;7.48802779511;1.99862510651e-05;0.0307371874723;supercritical
331.500000000;8.00000000000;195.296888882;0.00512040926880;413.929159206;454.892433356;1.81982973967;0.871432897078;1.99296588808;235.614646371;7.48578701658;1.99854679142e-05;0.0307267680834;supercritical
331.550000000;8.00000000000;195.181732795;0.00512343028050;414.004587388;454.992029632;1.82013015827;0.871252301949;1.99088649599;235.673270750;7.48354500052;1.99846936955e-05;0.0307163954922;supercritical
331.600000000;8.00000000000;195.066827171;0.00512644827673;414.079935928;455.091522142;1.82043021862;0.871072293951;1.98881525455;235.731830993;7.48130176103;1.99839283656e-05;0.0307060694579;supercritical
331.650000000;8.00000000000;194.952170963;0.00512946326816;414.155205147;455.190911292;1.82072992206;0.870892870669;1.98675211550;235.790327303;7.47905731209;1.99831718817e-05;0.0306957897415;supercritical
331.700000000;8.00000000000;194.837763125;0.00513247526539;414.230395365;455.290197488;1.82102926990;0.870714029703;1.98469703095;235.848759880;7.47681166761;1.99824242010e-05;0.0306855561054;supercritical
331.750000000;8.00000000000;194.723602621;0.00513548427895;414.305506897;455.389381129;1.82132826348;0.870535768665;1.98264995344;235.907128924;7.47456484136;1.99816852813e-05;0.0306753683141;supercritical
331.800000000;8.00000000000;194.609688421;0.00513849031933;414.380540061;455.488462616;1.82162690408;0.870358085182;1.98061083583;235.965434634;7.47231684704;1.99809550803e-05;0.0306652261335;supercritical
331.850000000;8.00000000000;194.496019501;0.00514149339695;414.455495169;455.587442344;1.82192519303;0.870180976892;1.97857963139;236.023677208;7.47006769822;1.99802335564e-05;0.0306551293311;supercritical
331.900000000;8.00000000000;194.382594844;0.00514449352217;414.530372533;455.686320710;1.82222313162;0.870004441445;1.97655629376;236.081856842;7.46781740840;1.99795206679e-05;0.0306450776760;supercritical
331.950000000;8.00000000000;194.269413439;0.00514749070530;414.605172462;455.785098104;1.82252072112;0.869828476505;1.97454077692;236.139973731;7.46556599096;1.99788163737e-05;0.0306350709392;supercritical
332.000000000;8.00000000000;194.156474280;0.00515048495657;414.679895265;455.883774917;1.82281796282;0.869653079749;1.97253303523;236.198028072;7.46331345918;1.99781206327e-05;0.0306251088930;supercritical
332.050000000;8.00000000000;194.043776369;0.00515347628619;414.754541247;455.982351537;1.82311485800;0.869478248866;1.97053302342;236.256020057;7.46105982626;1.99774334043e-05;0.0306151913114;supercritical
332.100000000;8.00000000000;193.931318714;0.00515646470427;414.829110713;456.080828348;1.82341140791;0.869303981555;1.96854069654;236.313949878;7.45880510530;1.99767546480e-05;0.0306053179699;supercritical
332.150000000;8.00000000000;193.819100327;0.00515945022091;414.903603966;456.179205734;1.82370761382;0.869130275532;1.96655601003;236.371817729;7.45654930929;1.99760843236e-05;0.0305954886456;supercritical
332.200000000;8.00000000000;193.707120229;0.00516243284612;414.978021306;456.277484075;1.82400347697;0.868957128521;1.96457891965;236.429623799;7.45429245114;1.99754223913e-05;0.0305857031171;supercritical
332.250000000;8.00000000000;193.595377446;0.00516541258986;415.052363032;456.375663751;1.82429899862;0.868784538259;1.96260938153;236.487368279;7.45203454367;1.99747688115e-05;0.0305759611647;supercritical
332.300000000;8.00000000000;193.483871009;0.00516838946205;415.126629442;456.473745139;1.82459417998;0.868612502495;1.96064735211;236.545051357;7.44977559959;1.99741235447e-05;0.0305662625699;supercritical
332.350000000;8.00000000000;193.372599955;0.00517136347255;415.200820831;456.571728611;1.82488902230;0.868441018992;1.95869278820;236.602673222;7.44751563153;1.99734865519e-05;0.0305566071159;supercritical
332.400000000;8.00000000000;193.261563329;0.00517433463114;415.274937492;456.669614541;1.82518352680;0.868270085521;1.95674564691;236.660234059;7.44525465202;1.99728577942e-05;0.0305469945875;supercritical
332.450000000;8.00000000000;193.150760178;0.00517730294759;415.348979718;456.767403299;1.82547769468;0.868099699868;1.95480588572;236.717734056;7.44299267352;1.99722372329e-05;0.0305374247707;supercritical
332.500000000;8.00000000000;193.040189559;0.00518026843158;415.422947799;456.865095252;1.82577152716;0.867929859828;1.95287346240;236.775173397;7.44072970839;1.99716248298e-05;0.0305278974531;supercritical
332.550000000;8.00000000000;192.929850532;0.00518323109275;415.496842025;456.962690767;1.82606502544;0.867760563209;1.95094833508;236.832552268;7.43846576888;1.99710205468e-05;0.0305184124237;supercritical
332.600000000;8.00000000000;192.819742164;0.00518619094070;415.570662681;457.060190206;1.82635819072;0.867591807830;1.94903046219;236.889870850;7.43620086719;1.99704243460e-05;0.0305089694730;supercritical
332.650000000;8.00000000000;192.709863526;0.00518914798496;415.644410053;457.157593933;1.82665102417;0.867423591522;1.94711980248;236.947129326;7.43393501541;1.99698361898e-05;0.0304995683930;supercritical
332.700000000;8.00000000000;192.600213697;0.00519210223502;415.718084426;457.254902306;1.82694352699;0.867255912124;1.94521631502;237.004327879;7.43166822554;1.99692560408e-05;0.0304902089768;supercritical
332.750000000;8.00000000000;192.490791758;0.00519505370031;415.791686081;457.352115683;1.82723570034;0.867088767491;1.94331995920;237.061466689;7.42940050951;1.99686838620e-05;0.0304808910192;supercritical
332.800000000;8.00000000000;192.381596800;0.00519800239020;415.865215299;457.449234420;1.82752754540;0.866922155485;1.94143069469;237.118545935;7.42713187915;1.99681196164e-05;0.0304716143163;supercritical
332.850000000;8.00000000000;192.272627917;0.00520094831404;415.938672358;457.546258870;1.82781906332;0.866756073981;1.93954848151;237.175565796;7.42486234623;1.99675632675e-05;0.0304623786655;supercritical
332.900000000;8.00000000000;192.163884207;0.00520389148111;416.012057536;457.643189385;1.82811025526;0.866590520864;1.93767327995;237.232526451;7.42259192241;1.99670147788e-05;0.0304531838657;supercritical
332.950000000;8.00000000000;192.055364776;0.00520683190063;416.085371110;457.740026315;1.82840112236;0.866425494031;1.93580505061;237.289428076;7.42032061928;1.99664741141e-05;0.0304440297170;supercritical
333.000000000;8.00000000000;191.947068733;0.00520976958178;416.158613352;457.836770006;1.82869166577;0.866260991388;1.93394375439;237.346270849;7.41804844835;1.99659412375e-05;0.0304349160209;supercritical
333.050000000;8.00000000000;191.838995196;0.00521270453371;416.231784535;457.933420805;1.82898188663;0.866097010853;1.93208935249;237.403054944;7.41577542104;1.99654161134e-05;0.0304258425803;supercritical
333.100000000;8.00000000000;191.731143284;0.00521563676549;416.304884931;458.029979055;1.82927178605;0.865933550353;1.93024180639;237.459780536;7.41350154871;1.99648987062e-05;0.0304168091993;supercritical
333.150000000;8.00000000000;191.623512123;0.00521856628615;416.377914810;458.126445099;1.82956136518;0.865770607827;1.92840107786;237.516447800;7.41122684261;1.99643889806e-05;0.0304078156833;supercritical
333.200000000;8.00000000000;191.516100845;0.00522149310469;416.450874439;458.222819276;1.82985062511;0.865608181224;1.92656712897;237.573056907;7.40895131393;1.99638869018e-05;0.0303988618392;supercritical
333.250000000;8.00000000000;191.408908586;0.00522441723005;416.523764084;458.319101924;1.83013956697;0.865446268503;1.92473992207;237.629608030;7.40667497379;1.99633924347e-05;0.0303899474749;supercritical
333.300000000;8.00000000000;191.301934486;0.00522733867111;416.596584011;458.415293380;1.83042819185;0.865284867633;1.92291941978;237.686101341;7.40439783322;1.99629055450e-05;0.0303810723998;supercritical
333.350000000;8.00000000000;191.195177694;0.00523025743673;416.669334484;458.511393977;1.83071650085;0.865123976593;1.92110558500;237.742537010;7.40211990317;1.99624261982e-05;0.0303722364244;supercritical
333.400000000;8.00000000000;191.088637359;0.00523317353569;416.742015764;458.607404049;1.83100449507;0.864963593374;1.91929838092;237.798915207;7.39984119452;1.99619543601e-05;0.0303634393605;supercritical
333.450000000;8.00000000000;190.982312639;0.00523608697676;416.814628111;458.703323925;1.83129217559;0.864803715974;1.91749777100;237.855236101;7.39756171807;1.99614899969e-05;0.0303546810212;supercritical
333.500000000;8.00000000000;190.876202694;0.00523899776863;416.887171786;458.799153935;1.83157954349;0.864644342404;1.91570371894;237.911499859;7.39528148455;1.99610330748e-05;0.0303459612208;supercritical
333.550000000;8.00000000000;190.770306691;0.00524190591997;416.959647046;458.894894406;1.83186659985;0.864485470682;1.91391618876;237.967706650;7.39300050462;1.99605835603e-05;0.0303372797748;supercritical
333.600000000;8.00000000000;190.664623801;0.00524481143939;417.032054147;458.990545662;1.83215334573;0.864327098838;1.91213514471;238.023856640;7.39071878886;1.99601414201e-05;0.0303286364999;supercritical
333.650000000;8.00000000000;190.559153200;0.00524771433546;417.104393344;459.086108028;1.83243978220;0.864169224911;1.91036055131;238.079949995;7.38843634777;1.99597066211e-05;0.0303200312140;supercritical
333.700000000;8.00000000000;190.453894067;0.00525061461671;417.176664891;459.181581825;1.83272591031;0.864011846949;1.90859237334;238.135986880;7.38615319179;1.99592791305e-05;0.0303114637362;supercritical
333.750000000;8.00000000000;190.348845590;0.00525351229161;417.248869039;459.276967372;1.83301173112;0.863854963010;1.90683057584;238.191967459;7.38386933129;1.99588589156e-05;0.0303029338868;supercritical
333.800000000;8.00000000000;190.244006957;0.00525640736861;417.321006039;459.372264988;1.83329724566;0.863698571162;1.90507512412;238.247891896;7.38158477655;1.99584459438e-05;0.0302944414873;supercritical
333.850000000;8.00000000000;190.139377363;0.00525929985609;417.393076141;459.467474989;1.83358245499;0.863542669482;1.90332598373;238.303760353;7.37929953781;1.99580401830e-05;0.0302859863602;supercritical
333.900000000;8.00000000000;190.034956007;0.00526218976240;417.465079592;459.562597691;1.83386736013;0.863387256057;1.90158312045;238.359572993;7.37701362520;1.99576416011e-05;0.0302775683294;supercritical
333.950000000;8.00000000000;189.930742094;0.00526507709585;417.537016639;459.657633405;1.83415196211;0.863232328983;1.89984650036;238.415329976;7.37472704882;1.99572501661e-05;0.0302691872197;supercritical
334.000000000;8.00000000000;189.826734833;0.00526796186471;417.608887527;459.752582444;1.83443626195;0.863077886364;1.89811608974;238.471031464;7.37243981867;1.99568658465e-05;0.0302608428572;supercritical
334.050000000;8.00000000000;189.722933435;0.00527084407718;417.680692500;459.847445117;1.83472026067;0.862923926315;1.89639185514;238.526677617;7.37015194470;1.99564886107e-05;0.0302525350690;supercritical
334.100000000;8.00000000000;189.619337118;0.00527372374145;417.752431801;459.942221732;1.83500395929;0.862770446960;1.89467376333;238.582268593;7.36786343680;1.99561184275e-05;0.0302442636834;supercritical
334.150000000;8.00000000000;189.515945105;0.00527660086566;417.824105670;460.036912596;1.83528735881;0.862617446431;1.89296178136;238.637804551;7.36557430477;1.99557552657e-05;0.0302360285298;supercritical
334.200000000;8.00000000000;189.412756622;0.00527947545790;417.895714348;460.131518012;1.83557046023;0.862464922869;1.89125587647;238.693285648;7.36328455835;1.99553990945e-05;0.0302278294386;supercritical
334.250000000;8.00000000000;189.309770899;0.00528234752623;417.967258074;460.226038284;1.83585326455;0.862312874425;1.88955601616;238.748712042;7.36099420723;1.99550498831e-05;0.0302196662415;supercritical
334.300000000;8.00000000000;189.206987172;0.00528521707864;418.038737084;460.320473714;1.83613577276;0.862161299259;1.88786216818;238.804083888;7.35870326102;1.99547076010e-05;0.0302115387709;supercritical
334.350000000;8.00000000000;189.104404680;0.00528808412312;418.110151615;460.414824600;1.83641798584;0.862010195539;1.88617430047;238.859401343;7.35641172927;1.99543722180e-05;0.0302034468607;supercritical
334.400000000;8.00000000000;189.002022666;0.00529094866760;418.181501902;460.509091243;1.83669990477;0.861859561442;1.88449238123;238.914664561;7.35411962145;1.99540437037e-05;0.0301953903457;supercritical
334.450000000;8.00000000000;188.899840379;0.00529381071997;418.252788177;460.603273937;1.83698153054;0.861709395154;1.88281637889;238.969873696;7.35182694699;1.99537220283e-05;0.0301873690615;supercritical
334.500000000;8.00000000000;188.797857071;0.00529667028807;418.324010674;460.697372979;1.83726286410;0.861559694869;1.88114626207;239.025028902;7.34953371525;1.99534071620e-05;0.0301793828451;supercritical
334.550000000;8.00000000000;188.696071998;0.00529952737971;418.395169623;460.791388661;1.83754390642;0.861410458790;1.87948199966;239.080130332;7.34723993552;1.99530990751e-05;0.0301714315343;supercritical
334.600000000;8.00000000000;188.594484421;0.00530238200268;418.466265254;460.885321276;1.83782465847;0.861261685130;1.87782356074;239.135178138;7.34494561703;1.99527977383e-05;0.0301635149681;supercritical
334.650000000;8.00000000000;188.493093605;0.00530523416469;418.537297796;460.979171114;1.83810512119;0.861113372107;1.87617091462;239.190172471;7.34265076895;1.99525031222e-05;0.0301556329865;supercritical
334.700000000;8.00000000000;188.391898817;0.00530808387345;418.608267476;461.072938463;1.83838529554;0.860965517952;1.87452403083;239.245113482;7.34035540039;1.99522151978e-05;0.0301477854302;supercritical
334.750000000;8.00000000000;188.290899332;0.00531093113660;418.679174519;461.166623612;1.83866518247;0.860818120900;1.87288287909;239.300001321;7.33805952039;1.99519339362e-05;0.0301399721414;supercritical
334.800000000;8.00000000000;188.190094425;0.00531377596177;418.750019152;461.260226846;1.83894478290;0.860671179198;1.87124742937;239.354836137;7.33576313795;1.99516593087e-05;0.0301321929629;supercritical
334.850000000;8.00000000000;188.089483379;0.00531661835653;418.820801597;461.353748450;1.83922409778;0.860524691099;1.86961765184;239.409618080;7.33346626199;1.99513912867e-05;0.0301244477386;supercritical
334.900000000;8.00000000000;187.989065476;0.00531945832842;418.891522078;461.447188705;1.83950312804;0.860378654864;1.86799351686;239.464347298;7.33116890138;1.99511298418e-05;0.0301167363136;supercritical
334.950000000;8.00000000000;187.888840008;0.00532229588494;418.962180815;461.540547895;1.83978187459;0.860233068765;1.86637499502;239.519023938;7.32887106493;1.99508749459e-05;0.0301090585335;supercritical
335.000000000;8.00000000000;187.788806265;0.00532513103357;419.032778029;461.633826298;1.84006033837;0.860087931078;1.86476205711;239.573648147;7.32657276138;1.99506265708e-05;0.0301014142453;supercritical
335.050000000;8.00000000000;187.688963546;0.00532796378172;419.103313939;461.727024193;1.84033852029;0.859943240092;1.86315467412;239.628220070;7.32427399943;1.99503846886e-05;0.0300938032967;supercritical
335.100000000;8.00000000000;187.589311149;0.00533079413679;419.173788763;461.820141857;1.84061642125;0.859798994099;1.86155281724;239.682739855;7.32197478772;1.99501492718e-05;0.0300862255366;supercritical
335.150000000;8.00000000000;187.489848381;0.00533362210614;419.244202717;461.913179567;1.84089404217;0.859655191403;1.85995645787;239.737207645;7.31967513482;1.99499202926e-05;0.0300786808144;supercritical
335.200000000;8.00000000000;187.390574548;0.00533644769708;419.314556018;462.006137594;1.84117138394;0.859511830314;1.85836556761;239.791623586;7.31737504925;1.99496977238e-05;0.0300711689810;supercritical
335.250000000;8.00000000000;187.291488963;0.00533927091689;419.384848879;462.099016214;1.84144844747;0.859368909149;1.85678011824;239.845987820;7.31507453949;1.99494815380e-05;0.0300636898877;supercritical
335.300000000;8.00000000000;187.192590941;0.00534209177283;419.455081514;462.191815696;1.84172523364;0.859226426236;1.85520008175;239.900300491;7.31277361393;1.99492717083e-05;0.0300562433871;supercritical
335.350000000;8.00000000000;187.093879802;0.00534491027210;419.525254135;462.284536312;1.84200174335;0.859084379908;1.85362543033;239.954561741;7.31047228094;1.99490682077e-05;0.0300488293325;supercritical
335.400000000;8.00000000000;186.995354869;0.00534772642188;419.595366954;462.377178329;1.84227797747;0.858942768506;1.85205613634;240.008771713;7.30817054880;1.99488710095e-05;0.0300414475781;supercritical
335.450000000;8.00000000000;186.897015468;0.00535054022932;419.665420180;462.469742014;1.84255393688;0.858801590380;1.85049217234;240.062930546;7.30586842577;1.99486800871e-05;0.0300340979792;supercritical
335.500000000;8.00000000000;186.798860930;0.00535335170150;419.735414022;462.562227634;1.84282962246;0.858660843888;1.84893351109;240.117038383;7.30356592004;1.99484954140e-05;0.0300267803918;supercritical
335.550000000;8.00000000000;186.700890590;0.00535616084552;419.805348689;462.654635453;1.84310503509;0.858520527392;1.84738012553;240.171095364;7.30126303974;1.99483169640e-05;0.0300194946727;supercritical
335.600000000;8.00000000000;186.603103784;0.00535896766840;419.875224387;462.746965734;1.84338017561;0.858380639267;1.84583198877;240.225101626;7.29895979296;1.99481447109e-05;0.0300122406799;supercritical
335.650000000;8.00000000000;186.505499853;0.00536177217715;419.945041322;462.839218739;1.84365504490;0.858241177892;1.84428907413;240.279057310;7.29665618772;1.99479786287e-05;0.0300050182719;supercritical
335.700000000;8.00000000000;186.408078144;0.00536457437874;420.014799699;462.931394728;1.84392964382;0.858102141654;1.84275135510;240.332962554;7.29435223201;1.99478186917e-05;0.0299978273084;supercritical
335.750000000;8.00000000000;186.310838003;0.00536737428010;420.084499720;463.023493961;1.84420397321;0.857963528947;1.84121880534;240.386817496;7.29204793375;1.99476648742e-05;0.0299906676496;supercritical
335.800000000;8.00000000000;186.213778783;0.00537017188813;420.154141590;463.115516695;1.84447803392;0.857825338174;1.83969139870;240.440622272;7.28974330082;1.99475171505e-05;0.0299835391569;supercritical
335.850000000;8.00000000000;186.116899838;0.00537296720970;420.223725509;463.207463186;1.84475182679;0.857687567744;1.83816910921;240.494377018;7.28743834104;1.99473754954e-05;0.0299764416924;supercritical
335.900000000;8.00000000000;186.020200528;0.00537576025165;420.293251677;463.299333690;1.84502535267;0.857550216074;1.83665191107;240.548081872;7.28513306218;1.99472398837e-05;0.0299693751188;supercritical
335.950000000;8.00000000000;185.923680214;0.00537855102078;420.362720295;463.391128462;1.84529861240;0.857413281589;1.83513977867;240.601736968;7.28282747197;1.99471102901e-05;0.0299623393001;supercritical
336.000000000;8.00000000000;185.827338262;0.00538133952385;420.432131561;463.482847752;1.84557160679;0.857276762718;1.83363268654;240.655342442;7.28052157807;1.99469866898e-05;0.0299553341007;supercritical
336.050000000;8.00000000000;185.731174040;0.00538412576762;420.501485673;463.574491814;1.84584433668;0.857140657902;1.83213060941;240.708898427;7.27821538811;1.99468690580e-05;0.0299483593861;supercritical
336.100000000;8.00000000000;185.635186922;0.00538690975878;420.570782826;463.666060896;1.84611680290;0.857004965586;1.83063352218;240.762405057;7.27590890966;1.99467573700e-05;0.0299414150225;supercritical
336.150000000;8.00000000000;185.539376281;0.00538969150400;420.640023217;463.757555249;1.84638900626;0.856869684221;1.82914139991;240.815862465;7.27360215025;1.99466516013e-05;0.0299345008767;supercritical
336.200000000;8.00000000000;185.443741498;0.00539247100993;420.709207039;463.848975119;1.84666094757;0.856734812269;1.82765421782;240.869270784;7.27129511735;1.99465517276e-05;0.0299276168168;supercritical
336.250000000;8.00000000000;185.348281954;0.00539524828317;420.778334487;463.940320753;1.84693262765;0.856600348196;1.82617195130;240.922630146;7.26898781839;1.99464577245e-05;0.0299207627111;supercritical
336.300000000;8.00000000000;185.252997034;0.00539802333032;420.847405753;464.031592395;1.84720404730;0.856466290477;1.82469457592;240.975940682;7.26668026074;1.99463695680e-05;0.0299139384292;supercritical
336.350000000;8.00000000000;185.157886127;0.00540079615790;420.916421028;464.122790291;1.84747520733;0.856332637591;1.82322206740;241.029202523;7.26437245174;1.99462872342e-05;0.0299071438411;supercritical
336.400000000;8.00000000000;185.062948625;0.00540356677245;420.985380503;464.213914683;1.84774610854;0.856199388026;1.82175440162;241.082415800;7.26206439868;1.99462106991e-05;0.0299003788178;supercritical
336.450000000;8.00000000000;184.968183922;0.00540633518044;421.054284368;464.304965812;1.84801675171;0.856066540278;1.82029155462;241.135580643;7.25975610878;1.99461399391e-05;0.0298936432310;supercritical
336.500000000;8.00000000000;184.873591417;0.00540910138833;421.123132812;464.395943918;1.84828713765;0.855934092848;1.81883350262;241.188697180;7.25744758925;1.99460749307e-05;0.0298869369531;supercritical
336.550000000;8.00000000000;184.779170511;0.00541186540255;421.191926021;464.486849242;1.84855726713;0.855802044245;1.81738022195;241.241765541;7.25513884722;1.99460156504e-05;0.0298802598575;supercritical
336.600000000;8.00000000000;184.684920608;0.00541462722949;421.260664184;464.577682020;1.84882714095;0.855670392982;1.81593168916;241.294785853;7.25282988980;1.99459620749e-05;0.0298736118179;supercritical
336.650000000;8.00000000000;184.590841116;0.00541738687551;421.329347485;464.668442489;1.84909675987;0.855539137583;1.81448788090;241.347758245;7.25052072403;1.99459141810e-05;0.0298669927092;supercritical
336.700000000;8.00000000000;184.496931445;0.00542014434695;421.397976110;464.759130886;1.84936612468;0.855408276575;1.81304877400;241.400682844;7.24821135694;1.99458719458e-05;0.0298604024068;supercritical
336.750000000;8.00000000000;184.403191008;0.00542289965012;421.466550244;464.849747445;1.84963523615;0.855277808494;1.81161434545;241.453559776;7.24590179547;1.99458353463e-05;0.0298538407869;supercritical
336.800000000;8.00000000000;184.309619223;0.00542565279129;421.535070068;464.940292398;1.84990409505;0.855147731882;1.81018457237;241.506389167;7.24359204655;1.99458043598e-05;0.0298473077264;supercritical
336.850000000;8.00000000000;184.216215509;0.00542840377671;421.603535765;465.030765979;1.85017270213;0.855018045287;1.80875943204;241.559171144;7.24128211705;1.99457789635e-05;0.0298408031029;supercritical
336.900000000;8.00000000000;184.122979288;0.00543115261260;421.671947517;465.121168418;1.85044105817;0.854888747265;1.80733890189;241.611905831;7.23897201381;1.99457591350e-05;0.0298343267948;supercritical
336.950000000;8.00000000000;184.029909986;0.00543389930514;421.740305505;465.211499946;1.85070916392;0.854759836376;1.80592295949;241.664593353;7.23666174361;1.99457448519e-05;0.0298278786812;supercritical
337.000000000;8.00000000000;183.937007032;0.00543664386050;421.808609906;465.301760790;1.85097702013;0.854631311189;1.80451158258;241.717233834;7.23435131319;1.99457360919e-05;0.0298214586418;supercritical
337.050000000;8.00000000000;183.844269857;0.00543938628481;421.876860901;465.391951180;1.85124462755;0.854503170278;1.80310474901;241.769827397;7.23204072926;1.99457328329e-05;0.0298150665572;supercritical
337.100000000;8.00000000000;183.751697895;0.00544212658416;421.945058667;465.482071340;1.85151198692;0.854375412224;1.80170243681;241.822374167;7.22972999847;1.99457350528e-05;0.0298087023084;supercritical
337.150000000;8.00000000000;183.659290584;0.00544486476465;422.013203381;465.572121498;1.85177909900;0.854248035615;1.80030462412;241.874874264;7.22741912744;1.99457427297e-05;0.0298023657774;supercritical
337.200000000;8.00000000000;183.567047363;0.00544760083231;422.081295219;465.662101878;1.85204596451;0.854121039044;1.79891128924;241.927327812;7.22510812275;1.99457558419e-05;0.0297960568467;supercritical
337.250000000;8.00000000000;183.474967676;0.00545033479316;422.149334356;465.752012701;1.85231258420;0.853994421111;1.79752241060;241.979734933;7.22279699092;1.99457743676e-05;0.0297897753996;supercritical
337.300000000;8.00000000000;183.383050969;0.00545306665321;422.217320967;465.841854192;1.85257895880;0.853868180422;1.79613796680;242.032095746;7.22048573844;1.99457982854e-05;0.0297835213199;supercritical
337.350000000;8.00000000000;183.291296689;0.00545579641840;422.285255225;465.931626572;1.85284508903;0.853742315591;1.79475793653;242.084410373;7.21817437177;1.99458275738e-05;0.0297772944923;supercritical
337.400000000;8.00000000000;183.199704289;0.00545852409468;422.353137302;466.021330059;1.85311097562;0.853616825235;1.79338229866;242.136678934;7.21586289732;1.99458622115e-05;0.0297710948019;supercritical
337.450000000;8.00000000000;183.108273222;0.00546124968797;422.420967371;466.110964874;1.85337661930;0.853491707980;1.79201103217;242.188901549;7.21355132144;1.99459021773e-05;0.0297649221348;supercritical
337.500000000;8.00000000000;183.017002946;0.00546397320413;422.488745602;466.200531235;1.85364202077;0.853366962456;1.79064411618;242.241078337;7.21123965047;1.99459474501e-05;0.0297587763774;supercritical
337.550000000;8.00000000000;182.925892921;0.00546669464904;422.556472166;466.290029358;1.85390718075;0.853242587302;1.78928152995;242.293209417;7.20892789070;1.99459980090e-05;0.0297526574170;supercritical
337.600000000;8.00000000000;182.834942607;0.00546941402852;422.624147232;466.379459460;1.85417209996;0.853118581160;1.78792325287;242.345294906;7.20661604837;1.99460538332e-05;0.0297465651415;supercritical
337.650000000;8.00000000000;182.744151472;0.00547213134838;422.691770968;466.468821755;1.85443677911;0.852994942680;1.78656926446;242.397334923;7.20430412970;1.99461149018e-05;0.0297404994393;supercritical
337.700000000;8.00000000000;182.653518981;0.00547484661438;422.759343542;466.558116457;1.85470121889;0.852871670518;1.78521954437;242.449329585;7.20199214084;1.99461811943e-05;0.0297344601996;supercritical
337.750000000;8.00000000000;182.563044607;0.00547755983230;422.826865122;466.647343780;1.85496542001;0.852748763335;1.78387407239;242.501279008;7.19968008794;1.99462526902e-05;0.0297284473122;supercritical
337.800000000;8.00000000000;182.472727821;0.00548027100784;422.894335872;466.736503935;1.85522938317;0.852626219798;1.78253282842;242.553183310;7.19736797707;1.99463293691e-05;0.0297224606675;supercritical
337.850000000;8.00000000000;182.382568100;0.00548298014672;422.961755959;466.825597133;1.85549310906;0.852504038581;1.78119579251;242.605042606;7.19505581430;1.99464112106e-05;0.0297165001566;supercritical
337.900000000;8.00000000000;182.292564922;0.00548568725460;423.029125547;466.914623584;1.85575659838;0.852382218364;1.77986294482;242.656857011;7.19274360564;1.99464981946e-05;0.0297105656710;supercritical
337.950000000;8.00000000000;182.202717768;0.00548839233713;423.096444800;467.003583497;1.85601985180;0.852260757831;1.77853426563;242.708626641;7.19043135706;1.99465903011e-05;0.0297046571031;supercritical
338.000000000;8.00000000000;182.113026120;0.00549109539995;423.163713880;467.092477080;1.85628287002;0.852139655673;1.77720973536;242.760351610;7.18811907451;1.99466875101e-05;0.0296987743457;supercritical
338.050000000;8.00000000000;182.023489467;0.00549379644864;423.230932950;467.181304540;1.85654565372;0.852018910589;1.77588933456;242.812032031;7.18580676388;1.99467898016e-05;0.0296929172924;supercritical
338.100000000;8.00000000000;181.934107295;0.00549649548878;423.298102172;467.270066082;1.85680820358;0.851898521280;1.77457304388;242.863668020;7.18349443105;1.99468971561e-05;0.0296870858371;supercritical
338.150000000;8.00000000000;181.844879096;0.00549919252593;423.365221705;467.358761912;1.85707052027;0.851778486456;1.77326084410;242.915259689;7.18118208183;1.99470095538e-05;0.0296812798747;supercritical
338.200000000;8.00000000000;181.755804363;0.00550188756559;423.432291709;467.447392234;1.85733260447;0.851658804829;1.77195271613;242.966807150;7.17886972202;1.99471269751e-05;0.0296754993003;supercritical
338.250000000;8.00000000000;181.666882593;0.00550458061329;423.499312345;467.535957251;1.85759445684;0.851539475121;1.77064864098;243.018310516;7.17655735738;1.99472494008e-05;0.0296697440098;supercritical
338.300000000;8.00000000000;181.578113285;0.00550727167448;423.566283770;467.624457166;1.85785607805;0.851420496058;1.76934859981;243.069769899;7.17424499361;1.99473768114e-05;0.0296640138998;supercritical
338.350000000;8.00000000000;181.489495939;0.00550996075462;423.633206141;467.712892178;1.85811746877;0.851301866370;1.76805257388;243.121185410;7.17193263641;1.99475091876e-05;0.0296583088671;supercritical
338.400000000;8.00000000000;181.401030059;0.00551264785915;423.700079616;467.801262490;1.85837862965;0.851183584795;1.76676054454;243.172557161;7.16962029142;1.99476465105e-05;0.0296526288095;supercritical
338.450000000;8.00000000000;181.312715150;0.00551533299345;423.766904351;467.889568299;1.85863956134;0.851065650075;1.76547249331;243.223885261;7.16730796426;1.99477887609e-05;0.0296469736252;supercritical
338.500000000;8.00000000000;181.224550722;0.00551801616292;423.833680502;467.977809805;1.85890026452;0.850948060959;1.76418840179;243.275169822;7.16499566049;1.99479359200e-05;0.0296413432127;supercritical
338.550000000;8.00000000000;181.136536284;0.00552069737290;423.900408222;468.065987205;1.85916073982;0.850830816201;1.76290825170;243.326410951;7.16268338566;1.99480879689e-05;0.0296357374716;supercritical
338.600000000;8.00000000000;181.048671350;0.00552337662873;423.967087666;468.154100695;1.85942098789;0.850713914559;1.76163202487;243.377608760;7.16037114528;1.99482448888e-05;0.0296301563017;supercritical
338.650000000;8.00000000000;180.960955436;0.00552605393573;424.033718987;468.242150472;1.85968100939;0.850597354800;1.76035970326;243.428763356;7.15805894482;1.99484066613e-05;0.0296245996033;supercritical
338.700000000;8.00000000000;180.873388059;0.00552872929916;424.100302337;468.330136731;1.85994080494;0.850481135692;1.75909126892;243.479874849;7.15574678971;1.99485732677e-05;0.0296190672775;supercritical
338.750000000;8.00000000000;180.785968739;0.00553140272431;424.166837869;468.418059664;1.86020037519;0.850365256012;1.75782670402;243.530943345;7.15343468536;1.99487446896e-05;0.0296135592258;supercritical
338.800000000;8.00000000000;180.698696999;0.00553407421640;424.233325734;468.505919465;1.86045972078;0.850249714541;1.75656599085;243.581968954;7.15112263714;1.99489209087e-05;0.0296080753503;supercritical
338.850000000;8.00000000000;180.611572364;0.00553674378066;424.299766081;468.593716327;1.86071884234;0.850134510066;1.75530911179;243.632951780;7.14881065038;1.99491019067e-05;0.0296026155537;supercritical
338.900000000;8.00000000000;180.524594360;0.00553941142228;424.366159062;468.681450440;1.86097774050;0.850019641379;1.75405604934;243.683891933;7.14649873039;1.99492876656e-05;0.0295971797390;supercritical
338.950000000;8.00000000000;180.437762517;0.00554207714643;424.432504824;468.769121995;1.86123641589;0.849905107277;1.75280678610;243.734789517;7.14418688244;1.99494781672e-05;0.0295917678100;supercritical
339.000000000;8.00000000000;180.351076367;0.00554474095826;424.498803515;468.856731182;1.86149486913;0.849790906563;1.75156130479;243.785644639;7.14187511177;1.99496733936e-05;0.0295863796708;supercritical
339.050000000;8.00000000000;180.264535444;0.00554740286289;424.565055285;468.944278188;1.86175310085;0.849677038045;1.75031958822;243.836457405;7.13956342357;1.99498733269e-05;0.0295810152263;supercritical
339.100000000;8.00000000000;180.178139283;0.00555006286545;424.631260279;469.031763203;1.86201111166;0.849563500536;1.74908161932;243.887227919;7.13725182302;1.99500779495e-05;0.0295756743818;supercritical
339.150000000;8.00000000000;180.091887423;0.00555272097100;424.697418644;469.119186412;1.86226890218;0.849450292855;1.74784738111;243.937956285;7.13494031525;1.99502872436e-05;0.0295703570429;supercritical
339.200000000;8.00000000000;180.005779404;0.00555537718460;424.763530526;469.206548003;1.86252647303;0.849337413825;1.74661685672;243.988642610;7.13262890539;1.99505011915e-05;0.0295650631160;supercritical
339.250000000;8.00000000000;179.919814770;0.00555803151131;424.829596069;469.293848160;1.86278382481;0.849224862276;1.74539002938;244.039286995;7.13031759849;1.99507197760e-05;0.0295597925079;supercritical
339.300000000;8.00000000000;179.833993064;0.00556068395614;424.895615418;469.381087067;1.86304095813;0.849112637041;1.74416688243;244.089889545;7.12800639960;1.99509429794e-05;0.0295545451259;supercritical
339.350000000;8.00000000000;179.748313835;0.00556333452407;424.961588716;469.468264909;1.86329787360;0.849000736960;1.74294739930;244.140450363;7.12569531374;1.99511707846e-05;0.0295493208780;supercritical
339.400000000;8.00000000000;179.662776630;0.00556598322010;425.027516107;469.555381868;1.86355457183;0.848889160877;1.74173156353;244.190969552;7.12338434589;1.99514031743e-05;0.0295441196723;supercritical
339.450000000;8.00000000000;179.577381002;0.00556863004917;425.093397732;469.642438126;1.86381105340;0.848777907643;1.74051935875;244.241447213;7.12107350099;1.99516401313e-05;0.0295389414177;supercritical
339.500000000;8.00000000000;179.492126504;0.00557127501621;425.159233734;469.729433864;1.86406731893;0.848666976110;1.73931076870;244.291883449;7.11876278396;1.99518816387e-05;0.0295337860236;supercritical
339.550000000;8.00000000000;179.407012692;0.00557391812614;425.225024254;469.816369263;1.86432336900;0.848556365140;1.73810577720;244.342278362;7.11645219970;1.99521276794e-05;0.0295286533998;supercritical
339.600000000;8.00000000000;179.322039122;0.00557655938385;425.290769431;469.903244501;1.86457920420;0.848446073597;1.73690436819;244.392632051;7.11414175305;1.99523782367e-05;0.0295235434565;supercritical
339.650000000;8.00000000000;179.237205356;0.00557919879421;425.356469405;469.990059759;1.86483482513;0.848336100351;1.73570652568;244.442944619;7.11183144885;1.99526332936e-05;0.0295184561045;supercritical
339.700000000;8.00000000000;179.152510954;0.00558183636207;425.422124317;470.076815213;1.86509023237;0.848226444276;1.73451223381;244.493216166;7.10952129189;1.99528928336e-05;0.0295133912552;supercritical
339.750000000;8.00000000000;179.067955481;0.00558447209226;425.487734303;470.163511041;1.86534542651;0.848117104252;1.73332147679;244.543446791;7.10721128694;1.99531568399e-05;0.0295083488202;supercritical
339.800000000;8.00000000000;178.983538502;0.00558710598959;425.553299503;470.250147419;1.86560040813;0.848008079164;1.73213423893;244.593636594;7.10490143873;1.99534252961e-05;0.0295033287118;supercritical
339.850000000;8.00000000000;178.899259585;0.00558973805885;425.618820053;470.336724523;1.86585517781;0.847899367901;1.73095050463;244.643785674;7.10259175198;1.99536981857e-05;0.0294983308426;supercritical
339.900000000;8.00000000000;178.815118300;0.00559236830480;425.684296090;470.423242528;1.86610973611;0.847790969358;1.72977025839;244.693894131;7.10028223136;1.99539754923e-05;0.0294933551259;supercritical
339.950000000;8.00000000000;178.731114220;0.00559499673219;425.749727750;470.509701607;1.86636408363;0.847682882433;1.72859348479;244.743962062;7.09797288152;1.99542571998e-05;0.0294884014752;supercritical
340.000000000;8.00000000000;178.647246917;0.00559762334576;425.815115168;470.596101934;1.86661822093;0.847575106033;1.72742016853;244.793989566;7.09566370708;1.99545432918e-05;0.0294834698046;supercritical
340.050000000;8.00000000000;178.563515969;0.00560024815021;425.880458480;470.682443681;1.86687214858;0.847467639064;1.72625029438;244.843976740;7.09335471264;1.99548337522e-05;0.0294785600286;supercritical
340.100000000;8.00000000000;178.479920952;0.00560287115024;425.945757819;470.768727021;1.86712586714;0.847360480442;1.72508384718;244.893923682;7.09104590275;1.99551285651e-05;0.0294736720623;supercritical
340.150000000;8.00000000000;178.396461447;0.00560549235050;426.011013319;470.854952123;1.86737937718;0.847253629085;1.72392081191;244.943830490;7.08873728194;1.99554277144e-05;0.0294688058212;supercritical
340.200000000;8.00000000000;178.313137036;0.00560811175566;426.076225113;470.941119159;1.86763267927;0.847147083915;1.72276117359;244.993697258;7.08642885474;1.99557311844e-05;0.0294639612210;supercritical
340.250000000;8.00000000000;178.229947302;0.00561072937034;426.141393334;471.027228297;1.86788577395;0.847040843862;1.72160491736;245.043524084;7.08412062560;1.99560389591e-05;0.0294591381781;supercritical
340.300000000;8.00000000000;178.146891830;0.00561334519915;426.206518113;471.113279706;1.86813866179;0.846934907859;1.72045202843;245.093311064;7.08181259899;1.99563510229e-05;0.0294543366094;supercritical
340.350000000;8.00000000000;178.063970209;0.00561595924670;426.271599582;471.199273555;1.86839134335;0.846829274842;1.71930249211;245.143058294;7.07950477932;1.99566673602e-05;0.0294495564320;supercritical
340.400000000;8.00000000000;177.981182028;0.00561857151754;426.336637871;471.285210011;1.86864381917;0.846723943754;1.71815629379;245.192765867;7.07719717099;1.99569879553e-05;0.0294447975637;supercritical
340.450000000;8.00000000000;177.898526878;0.00562118201624;426.401633110;471.371089240;1.86889608980;0.846618913542;1.71701341895;245.242433880;7.07488977837;1.99573127929e-05;0.0294400599225;supercritical
340.500000000;8.00000000000;177.816004351;0.00562379074734;426.466585430;471.456911408;1.86914815579;0.846514183157;1.71587385314;245.292062426;7.07258260580;1.99576418574e-05;0.0294353434269;supercritical
340.550000000;8.00000000000;177.733614045;0.00562639771534;426.531494958;471.542676680;1.86940001769;0.846409751556;1.71473758201;245.341651600;7.07027565758;1.99579751336e-05;0.0294306479959;supercritical
340.600000000;8.00000000000;177.651355554;0.00562900292476;426.596361823;471.628385221;1.86965167604;0.846305617699;1.71360459129;245.391201496;7.06796893800;1.99583126062e-05;0.0294259735490;supercritical
340.650000000;8.00000000000;177.569228478;0.00563160638006;426.661186154;471.714037194;1.86990313137;0.846201780552;1.71247486679;245.440712206;7.06566245133;1.99586542601e-05;0.0294213200058;supercritical
340.700000000;8.00000000000;177.487232418;0.00563420808571;426.725968076;471.799632762;1.87015438423;0.846098239085;1.71134839441;245.490183825;7.06335620180;1.99590000801e-05;0.0294166872866;supercritical
340.750000000;8.00000000000;177.405366976;0.00563680804616;426.790707718;471.885172087;1.87040543516;0.845994992271;1.71022516012;245.539616444;7.06105019361;1.99593500512e-05;0.0294120753122;supercritical
340.800000000;8.00000000000;177.323631755;0.00563940626583;426.855405205;471.970655332;1.87065628468;0.845892039091;1.70910514999;245.589010156;7.05874443094;1.99597041585e-05;0.0294074840034;supercritical
340.850000000;8.00000000000;177.242026363;0.00564200274913;426.920060663;472.056082656;1.87090693332;0.845789378527;1.70798835015;245.638365053;7.05643891794;1.99600623871e-05;0.0294029132819;supercritical
340.900000000;8.00000000000;177.160550406;0.00564459750045;426.984674216;472.141454220;1.87115738163;0.845687009567;1.70687474683;245.687681227;7.05413365875;1.99604247222e-05;0.0293983630694;supercritical
340.950000000;8.00000000000;177.079203495;0.00564719052416;427.049245990;472.226770184;1.87140763011;0.845584931204;1.70576432631;245.736958770;7.05182865747;1.99607911489e-05;0.0293938332883;supercritical
341.000000000;8.00000000000;176.997985240;0.00564978182461;427.113776109;472.312030706;1.87165767930;0.845483142434;1.70465707499;245.786197771;7.04952391816;1.99611616528e-05;0.0293893238612;supercritical
341.050000000;8.00000000000;176.916895254;0.00565237140614;427.178264695;472.397235944;1.87190752972;0.845381642258;1.70355297932;245.835398322;7.04721944489;1.99615362192e-05;0.0293848347113;supercritical
341.100000000;8.00000000000;176.835933154;0.00565495927307;427.242711871;472.482386056;1.87215718189;0.845280429683;1.70245202583;245.884560513;7.04491524168;1.99619148336e-05;0.0293803657620;supercritical
341.150000000;8.00000000000;176.755098554;0.00565754542971;427.307117761;472.567481198;1.87240663632;0.845179503717;1.70135420114;245.933684434;7.04261131252;1.99622974814e-05;0.0293759169373;supercritical
341.200000000;8.00000000000;176.674391073;0.00566012988032;427.371482485;472.652521528;1.87265589353;0.845078863377;1.70025949193;245.982770175;7.04030766140;1.99626841485e-05;0.0293714881613;supercritical
341.250000000;8.00000000000;176.593810331;0.00566271262919;427.435806166;472.737507199;1.87290495404;0.844978507679;1.69916788498;246.031817825;7.03800429227;1.99630748204e-05;0.0293670793588;supercritical
341.300000000;8.00000000000;176.513355950;0.00566529368057;427.500088923;472.822438368;1.87315381836;0.844878435647;1.69807936712;246.080827473;7.03570120904;1.99634694829e-05;0.0293626904548;supercritical
341.350000000;8.00000000000;176.433027553;0.00566787303867;427.564330878;472.907315187;1.87340248699;0.844778646308;1.69699392527;246.129799208;7.03339841563;1.99638681218e-05;0.0293583213748;supercritical
341.400000000;8.00000000000;176.352824765;0.00567045070773;427.628532150;472.992137811;1.87365096044;0.844679138694;1.69591154642;246.178733118;7.03109591590;1.99642707232e-05;0.0293539720446;supercritical
341.450000000;8.00000000000;176.272747213;0.00567302669193;427.692692857;473.076906393;1.87389923922;0.844579911841;1.69483221764;246.227629291;7.02879371372;1.99646772728e-05;0.0293496423903;supercritical
341.500000000;8.00000000000;176.192794525;0.00567560099546;427.756813120;473.161621084;1.87414732383;0.844480964788;1.69375592607;246.276487814;7.02649181291;1.99650877567e-05;0.0293453323387;supercritical
341.550000000;8.00000000000;176.112966331;0.00567817362249;427.820893056;473.246282036;1.87439521477;0.844382296579;1.69268265892;246.325308776;7.02419021727;1.99655021612e-05;0.0293410418165;supercritical
341.600000000;8.00000000000;176.033262263;0.00568074457717;427.884932783;473.330889400;1.87464291254;0.844283906264;1.69161240347;246.374092263;7.02188893059;1.99659204722e-05;0.0293367707513;supercritical
341.650000000;8.00000000000;175.953681953;0.00568331386362;427.948932417;473.415443326;1.87489041763;0.844185792895;1.69054514709;246.422838361;7.01958795661;1.99663426762e-05;0.0293325190706;supercritical
341.700000000;8.00000000000;175.874225038;0.00568588148596;428.012892077;473.499943964;1.87513773054;0.844087955528;1.68948087720;246.471547158;7.01728729909;1.99667687593e-05;0.0293282867025;supercritical
341.750000000;8.00000000000;175.794891152;0.00568844744830;428.076811877;473.584391463;1.87538485176;0.843990393225;1.68841958130;246.520218740;7.01498696172;1.99671987079e-05;0.0293240735755;supercritical
341.800000000;8.00000000000;175.715679936;0.00569101175471;428.140691934;473.668785972;1.87563178179;0.843893105050;1.68736124696;246.568853191;7.01268694819;1.99676325086e-05;0.0293198796184;supercritical
341.850000000;8.00000000000;175.636591027;0.00569357440926;428.204532363;473.753127637;1.87587852110;0.843796090073;1.68630586182;246.617450598;7.01038726217;1.99680701477e-05;0.0293157047603;supercritical
341.900000000;8.00000000000;175.557624067;0.00569613541601;428.268333279;473.837416607;1.87612507019;0.843699347366;1.68525341360;246.666011046;7.00808790730;1.99685116118e-05;0.0293115489308;supercritical
341.950000000;8.00000000000;175.478778700;0.00569869477898;428.332094796;473.921653027;1.87637142955;0.843602876008;1.68420389007;246.714534619;7.00578888719;1.99689568877e-05;0.0293074120597;supercritical
342.000000000;8.00000000000;175.400054569;0.00570125250220;428.395817027;474.005837045;1.87661759964;0.843506675079;1.68315727908;246.763021402;7.00349020544;1.99694059619e-05;0.0293032940772;supercritical
342.050000000;8.00000000000;175.321451321;0.00570380858968;428.459500086;474.089968804;1.87686358096;0.843410743665;1.68211356855;246.811471480;7.00119186562;1.99698588212e-05;0.0292991949141;supercritical
342.100000000;8.00000000000;175.242968603;0.00570636304539;428.523144086;474.174048450;1.87710937397;0.843315080855;1.68107274646;246.859884935;6.99889387129;1.99703154525e-05;0.0292951145011;supercritical
342.150000000;8.00000000000;175.164606064;0.00570891587331;428.586749140;474.258076126;1.87735497917;0.843219685742;1.68003480086;246.908261853;6.99659622596;1.99707758425e-05;0.0292910527695;supercritical
342.200000000;8.00000000000;175.086363354;0.00571146707740;428.650315358;474.342051977;1.87760039702;0.843124557425;1.67899971986;246.956602315;6.99429893315;1.99712399784e-05;0.0292870096510;supercritical
342.250000000;8.00000000000;175.008240127;0.00571401666159;428.713842853;474.425976146;1.87784562799;0.843029695003;1.67796749167;247.004906406;6.99200199635;1.99717078470e-05;0.0292829850776;supercritical
342.300000000;8.00000000000;174.930236034;0.00571656462982;428.777331735;474.509848774;1.87809067255;0.842935097583;1.67693810451;247.053174207;6.98970541900;1.99721794355e-05;0.0292789789816;supercritical
342.350000000;8.00000000000;174.852350732;0.00571911098600;428.840782115;474.593670003;1.87833553118;0.842840764274;1.67591154671;247.101405802;6.98740920455;1.99726547309e-05;0.0292749912955;supercritical
342.400000000;8.00000000000;174.774583877;0.00572165573401;428.904194103;474.677439976;1.87858020434;0.842746694188;1.67488780666;247.149601272;6.98511335643;1.99731337205e-05;0.0292710219525;supercritical
342.450000000;8.00000000000;174.696935127;0.00572419887775;428.967567809;474.761158831;1.87882469250;0.842652886443;1.67386687278;247.197760698;6.98281787802;1.99736163915e-05;0.0292670708858;supercritical
342.500000000;8.00000000000;174.619404142;0.00572674042106;429.030903341;474.844826709;1.87906899611;0.842559340159;1.67284873360;247.245884163;6.98052277270;1.99741027313e-05;0.0292631380290;supercritical
342.550000000;8.00000000000;174.541990582;0.00572928036782;429.094200808;474.928443751;1.87931311564;0.842466054462;1.67183337768;247.293971748;6.97822804382;1.99745927271e-05;0.0292592233162;supercritical
342.600000000;8.00000000000;174.464694110;0.00573181872184;429.157460319;475.012010093;1.87955705155;0.842373028479;1.67082079366;247.342023534;6.97593369473;1.99750863664e-05;0.0292553266816;supercritical
342.650000000;8.00000000000;174.387514390;0.00573435548695;429.220681980;475.095525876;1.87980080429;0.842280261343;1.66981097023;247.390039601;6.97363972872;1.99755836367e-05;0.0292514480600;supercritical
342.700000000;8.00000000000;174.310451088;0.00573689066696;429.283865901;475.178991236;1.88004437432;0.842187752190;1.66880389617;247.438020029;6.97134614909;1.99760845255e-05;0.0292475873862;supercritical
342.750000000;8.00000000000;174.233503870;0.00573942426565;429.347012186;475.262406311;1.88028776210;0.842095500161;1.66779956028;247.485964899;6.96905295912;1.99765890205e-05;0.0292437445955;supercritical
342.800000000;8.00000000000;174.156672404;0.00574195628680;429.410120943;475.345771238;1.88053096807;0.842003504398;1.66679795146;247.533874290;6.96676016204;1.99770971093e-05;0.0292399196236;supercritical
342.850000000;8.00000000000;174.079956360;0.00574448673418;429.473192278;475.429086152;1.88077399269;0.841911764049;1.66579905864;247.581748282;6.96446776109;1.99776087797e-05;0.0292361124063;supercritical
342.900000000;8.00000000000;174.003355410;0.00574701561154;429.536226296;475.512351189;1.88101683640;0.841820278265;1.66480287084;247.629586953;6.96217575948;1.99781240193e-05;0.0292323228800;supercritical
342.950000000;8.00000000000;173.926869225;0.00574954292260;429.599223103;475.595566484;1.88125949965;0.841729046202;1.66380937711;247.677390384;6.95988416040;1.99786428161e-05;0.0292285509811;supercritical
343.000000000;8.00000000000;173.850497479;0.00575206867108;429.662182802;475.678732171;1.88150198289;0.841638067018;1.66281856659;247.725158652;6.95759296701;1.99791651578e-05;0.0292247966464;supercritical
343.050000000;8.00000000000;173.774239848;0.00575459286069;429.725105499;475.761848385;1.88174428655;0.841547339875;1.66183042845;247.772891836;6.95530218246;1.99796910326e-05;0.0292210598133;supercritical
343.100000000;8.00000000000;173.698096008;0.00575711549512;429.787991297;475.844915258;1.88198641109;0.841456863938;1.66084495194;247.820590013;6.95301180988;1.99802204283e-05;0.0292173404192;supercritical
343.150000000;8.00000000000;173.622065637;0.00575963657805;429.850840300;475.927932924;1.88222835693;0.841366638378;1.65986212637;247.868253262;6.95072185237;1.99807533330e-05;0.0292136384017;supercritical
343.200000000;8.00000000000;173.546148415;0.00576215611313;429.913652610;476.010901515;1.88247012451;0.841276662369;1.65888194109;247.915881660;6.94843231304;1.99812897349e-05;0.0292099536992;supercritical
343.250000000;8.00000000000;173.470344022;0.00576467410403;429.976428330;476.093821162;1.88271171428;0.841186935085;1.65790438551;247.963475284;6.94614319493;1.99818296220e-05;0.0292062862498;supercritical
343.300000000;8.00000000000;173.394652140;0.00576719055436;430.039167562;476.176691997;1.88295312666;0.841097455709;1.65692944913;248.011034211;6.94385450111;1.99823729827e-05;0.0292026359924;supercritical
343.350000000;8.00000000000;173.319072453;0.00576970546776;430.101870408;476.259514151;1.88319436209;0.841008223424;1.65595712146;248.058558518;6.94156623460;1.99829198052e-05;0.0291990028659;supercritical
343.400000000;8.00000000000;173.243604645;0.00577221884783;430.164536970;476.342287753;1.88343542100;0.840919237417;1.65498739209;248.106048281;6.93927839842;1.99834700777e-05;0.0291953868096;supercritical
343.450000000;8.00000000000;173.168248403;0.00577473069817;430.227167347;476.425012933;1.88367630382;0.840830496880;1.65402025068;248.153503577;6.93699099555;1.99840237888e-05;0.0291917877631;supercritical
343.500000000;8.00000000000;173.093003413;0.00577724102235;430.289761642;476.507689821;1.88391701097;0.840742001008;1.65305568692;248.200924480;6.93470402897;1.99845809268e-05;0.0291882056663;supercritical
343.550000000;8.00000000000;173.017869365;0.00577974982394;430.352319953;476.590318544;1.88415754288;0.840653748998;1.65209369056;248.248311067;6.93241750163;1.99851414802e-05;0.0291846404593;supercritical
343.600000000;8.00000000000;172.942845948;0.00578225710650;430.414842380;476.672899232;1.88439789997;0.840565740052;1.65113425143;248.295663413;6.93013141647;1.99857054376e-05;0.0291810920826;supercritical
343.650000000;8.00000000000;172.867932853;0.00578476287357;430.477329023;476.755432012;1.88463808267;0.840477973376;1.65017735938;248.342981593;6.92784577639;1.99862727875e-05;0.0291775604770;supercritical
343.700000000;8.00000000000;172.793129774;0.00578726712866;430.539779981;476.837917010;1.88487809140;0.840390448177;1.64922300434;248.390265681;6.92556058431;1.99868435187e-05;0.0291740455835;supercritical
343.750000000;8.00000000000;172.718436404;0.00578976987531;430.602195352;476.920354354;1.88511792657;0.840303163669;1.64827117627;248.437515753;6.92327584310;1.99874176197e-05;0.0291705473433;supercritical
343.800000000;8.00000000000;172.643852437;0.00579227111700;430.664575234;477.002744170;1.88535758861;0.840216119067;1.64732186521;248.484731882;6.92099155561;1.99879950793e-05;0.0291670656982;supercritical
343.850000000;8.00000000000;172.569377571;0.00579477085722;430.726919725;477.085086583;1.88559707792;0.840129313589;1.64637506125;248.531914142;6.91870772469;1.99885758864e-05;0.0291636005899;supercritical
343.900000000;8.00000000000;172.495011504;0.00579726909945;430.789228922;477.167381718;1.88583639493;0.840042746458;1.64543075450;248.579062607;6.91642435317;1.99891600297e-05;0.0291601519606;supercritical
343.950000000;8.00000000000;172.420753933;0.00579976584716;430.851502922;477.249629700;1.88607554004;0.839956416900;1.64448893517;248.626177351;6.91414144384;1.99897474983e-05;0.0291567197529;supercritical
344.000000000;8.00000000000;172.346604559;0.00580226110379;430.913741822;477.331830653;1.88631451367;0.839870324144;1.64354959349;248.673258447;6.91185899951;1.99903382809e-05;0.0291533039093;supercritical
344.050000000;8.00000000000;172.272563083;0.00580475487277;430.975945718;477.413984700;1.88655331622;0.839784467422;1.64261271974;248.720305967;6.90957702293;1.99909323667e-05;0.0291499043729;supercritical
344.100000000;8.00000000000;172.198629208;0.00580724715753;431.038114705;477.496091966;1.88679194811;0.839698845971;1.64167830428;248.767319984;6.90729551686;1.99915297446e-05;0.0291465210869;supercritical
344.150000000;8.00000000000;172.124802638;0.00580973796148;431.100248880;477.578152571;1.88703040973;0.839613459028;1.64074633750;248.814300571;6.90501448404;1.99921304039e-05;0.0291431539949;supercritical
344.200000000;8.00000000000;172.051083078;0.00581222728802;431.162348336;477.660166640;1.88726870150;0.839528305838;1.63981680984;248.861247800;6.90273392718;1.99927343335e-05;0.0291398030407;supercritical
344.250000000;8.00000000000;171.977470234;0.00581471514053;431.224413169;477.742134293;1.88750682382;0.839443385645;1.63888971179;248.908161743;6.90045384898;1.99933415227e-05;0.0291364681683;supercritical
344.300000000;8.00000000000;171.903963813;0.00581720152239;431.286443472;477.824055651;1.88774477708;0.839358697698;1.63796503390;248.955042471;6.89817425212;1.99939519608e-05;0.0291331493221;supercritical
344.350000000;8.00000000000;171.830563525;0.00581968643695;431.348439341;477.905930836;1.88798256169;0.839274241251;1.63704276677;249.001890055;6.89589513928;1.99945656370e-05;0.0291298464466;supercritical
344.400000000;8.00000000000;171.757269078;0.00582216988758;431.410400868;477.987759968;1.88822017804;0.839190015558;1.63612290104;249.048704568;6.89361651308;1.99951825407e-05;0.0291265594867;supercritical
344.450000000;8.00000000000;171.684080185;0.00582465187759;431.472328146;478.069543166;1.88845762654;0.839106019879;1.63520542741;249.095486079;6.89133837618;1.99958026613e-05;0.0291232883876;supercritical
344.500000000;8.00000000000;171.610996556;0.00582713241032;431.534221268;478.151280551;1.88869490758;0.839022253475;1.63429033661;249.142234660;6.88906073117;1.99964259882e-05;0.0291200330946;supercritical
344.550000000;8.00000000000;171.538017906;0.00582961148908;431.596080327;478.232972240;1.88893202155;0.838938715612;1.63337761944;249.188950380;6.88678358066;1.99970525108e-05;0.0291167935533;supercritical
344.600000000;8.00000000000;171.465143949;0.00583208911717;431.657905415;478.314618352;1.88916896884;0.838855405558;1.63246726674;249.235633311;6.88450692723;1.99976822187e-05;0.0291135697097;supercritical
344.650000000;8.00000000000;171.392374401;0.00583456529787;431.719696623;478.396219006;1.88940574984;0.838772322585;1.63155926939;249.282283521;6.88223077344;1.99983151016e-05;0.0291103615100;supercritical
344.700000000;8.00000000000;171.319708978;0.00583704003447;431.781454042;478.477774318;1.88964236495;0.838689465967;1.63065361834;249.328901081;6.87995512184;1.99989511489e-05;0.0291071689004;supercritical
344.750000000;8.00000000000;171.247147399;0.00583951333022;431.843177765;478.559284406;1.88987881456;0.838606834983;1.62975030456;249.375486060;6.87767997495;1.99995903504e-05;0.0291039918276;supercritical
344.800000000;8.00000000000;171.174689383;0.00584198518838;431.904867880;478.640749387;1.89011509904;0.838524428914;1.62884931908;249.422038526;6.87540533530;2.00002326957e-05;0.0291008302387;supercritical
344.850000000;8.00000000000;171.102334650;0.00584445561218;431.966524479;478.722169377;1.89035121878;0.838442247043;1.62795065297;249.468558550;6.87313120537;2.00008781747e-05;0.0290976840806;supercritical
344.900000000;8.00000000000;171.030082921;0.00584692460486;432.028147652;478.803544491;1.89058717417;0.838360288659;1.62705429737;249.515046200;6.87085758766;2.00015267771e-05;0.0290945533009;supercritical
344.950000000;8.00000000000;170.957933919;0.00584939216964;432.089737488;478.884874845;1.89082296558;0.838278553051;1.62616024344;249.561501544;6.86858448462;2.00021784928e-05;0.0290914378472;supercritical
345.000000000;8.00000000000;170.885887367;0.00585185830971;432.151294076;478.966160554;1.89105859341;0.838197039514;1.62526848239;249.607924650;6.86631189871;2.00028333117e-05;0.0290883376673;supercritical
345.050000000;8.00000000000;170.813942991;0.00585432302827;432.212817505;479.047401731;1.89129405802;0.838115747342;1.62437900549;249.654315586;6.86403983235;2.00034912236e-05;0.0290852527094;supercritical
345.100000000;8.00000000000;170.742100515;0.00585678632851;432.274307864;479.128598492;1.89152935980;0.838034675838;1.62349180403;249.700674421;6.86176828797;2.00041522187e-05;0.0290821829218;supercritical
345.150000000;8.00000000000;170.670359668;0.00585924821359;432.335765241;479.209750950;1.89176449912;0.837953824302;1.62260686937;249.747001221;6.85949726797;2.00048162868e-05;0.0290791282533;supercritical
345.200000000;8.00000000000;170.598720177;0.00586170868668;432.397189723;479.290859217;1.89199947636;0.837873192040;1.62172419291;249.793296054;6.85722677473;2.00054834181e-05;0.0290760886526;supercritical
345.250000000;8.00000000000;170.527181771;0.00586416775092;432.458581399;479.371923406;1.89223429189;0.837792778362;1.62084376607;249.839558987;6.85495681062;2.00061536027e-05;0.0290730640688;supercritical
345.300000000;8.00000000000;170.455744181;0.00586662540945;432.519940355;479.452943631;1.89246894608;0.837712582579;1.61996558036;249.885790087;6.85268737801;2.00068268308e-05;0.0290700544512;supercritical
345.350000000;8.00000000000;170.384407137;0.00586908166540;432.581266678;479.533920002;1.89270343930;0.837632604005;1.61908962728;249.931989420;6.85041847922;2.00075030924e-05;0.0290670597495;supercritical
345.400000000;8.00000000000;170.313170373;0.00587153652187;432.642560455;479.614852630;1.89293777192;0.837552841958;1.61821589842;249.978157052;6.84815011659;2.00081823780e-05;0.0290640799135;supercritical
345.450000000;8.00000000000;170.242033621;0.00587398998198;432.703821772;479.695741628;1.89317194431;0.837473295759;1.61734438538;250.024293051;6.84588229241;2.00088646777e-05;0.0290611148930;supercritical
345.500000000;8.00000000000;170.170996615;0.00587644204882;432.765050715;479.776587106;1.89340595684;0.837393964732;1.61647507982;250.070397481;6.84361500900;2.00095499818e-05;0.0290581646385;supercritical
345.550000000;8.00000000000;170.100059093;0.00587889272546;432.826247369;479.857389173;1.89363980987;0.837314848201;1.61560797344;250.116470408;6.84134826862;2.00102382808e-05;0.0290552291003;supercritical
345.600000000;8.00000000000;170.029220789;0.00588134201498;432.887411820;479.938147940;1.89387350376;0.837235945498;1.61474305799;250.162511898;6.83908207353;2.00109295651e-05;0.0290523082293;supercritical
345.650000000;8.00000000000;169.958481442;0.00588378992043;432.948544152;480.018863515;1.89410703889;0.837157255954;1.61388032524;250.208522016;6.83681642600;2.00116238250e-05;0.0290494019763;supercritical
345.700000000;8.00000000000;169.887840790;0.00588623644488;433.009644449;480.099536008;1.89434041559;0.837078778905;1.61301976702;250.254500827;6.83455132824;2.00123210511e-05;0.0290465102925;supercritical
345.750000000;8.00000000000;169.817298573;0.00588868159134;433.070712797;480.180165528;1.89457363425;0.837000513687;1.61216137520;250.300448396;6.83228678249;2.00130212340e-05;0.0290436331293;supercritical
345.800000000;8.00000000000;169.746854532;0.00589112536286;433.131749279;480.260752182;1.89480669521;0.836922459643;1.61130514169;250.346364787;6.83002279095;2.00137243641e-05;0.0290407704383;supercritical
345.850000000;8.00000000000;169.676508408;0.00589356776245;433.192753978;480.341296078;1.89503959884;0.836844616116;1.61045105844;250.392250065;6.82775935580;2.00144304321e-05;0.0290379221713;supercritical
345.900000000;8.00000000000;169.606259945;0.00589600879311;433.253726979;480.421797323;1.89527234549;0.836766982452;1.60959911743;250.438104293;6.82549647922;2.00151394287e-05;0.0290350882805;supercritical
345.950000000;8.00000000000;169.536108885;0.00589844845783;433.314668363;480.502256025;1.89550493551;0.836689558000;1.60874931069;250.483927536;6.82323416338;2.00158513445e-05;0.0290322687180;supercritical
346.000000000;8.00000000000;169.466054974;0.00590088675962;433.375578213;480.582672290;1.89573736925;0.836612342114;1.60790163031;250.529719856;6.82097241042;2.00165661703e-05;0.0290294634364;supercritical
346.050000000;8.00000000000;169.396097957;0.00590332370143;433.436456612;480.663046224;1.89596964708;0.836535334147;1.60705606838;250.575481319;6.81871122248;2.00172838968e-05;0.0290266723884;supercritical
346.100000000;8.00000000000;169.326237581;0.00590575928624;433.497303642;480.743377932;1.89620176933;0.836458533458;1.60621261706;250.621211987;6.81645060166;2.00180045149e-05;0.0290238955268;supercritical
346.150000000;8.00000000000;169.256473595;0.00590819351699;433.558119384;480.823667520;1.89643373636;0.836381939407;1.60537126855;250.666911922;6.81419055009;2.00187280153e-05;0.0290211328048;supercritical
346.200000000;8.00000000000;169.186805745;0.00591062639663;433.618903921;480.903915094;1.89666554852;0.836305551357;1.60453201506;250.712581188;6.81193106985;2.00194543891e-05;0.0290183841759;supercritical
346.250000000;8.00000000000;169.117233783;0.00591305792810;433.679657332;480.984120757;1.89689720615;0.836229368674;1.60369484887;250.758219847;6.80967216301;2.00201836271e-05;0.0290156495934;supercritical
346.300000000;8.00000000000;169.047757459;0.00591548811431;433.740379699;481.064284613;1.89712870960;0.836153390728;1.60285976229;250.803827962;6.80741383164;2.00209157203e-05;0.0290129290112;supercritical
346.350000000;8.00000000000;168.978376524;0.00591791695818;433.801071102;481.144406767;1.89736005922;0.836077616888;1.60202674766;250.849405595;6.80515607779;2.00216506597e-05;0.0290102223833;supercritical
346.400000000;8.00000000000;168.909090732;0.00592034446262;433.861731621;481.224487322;1.89759125534;0.836002046530;1.60119579736;250.894952808;6.80289890349;2.00223884363e-05;0.0290075296638;supercritical
346.450000000;8.00000000000;168.839899835;0.00592277063051;433.922361337;481.304526381;1.89782229830;0.835926679030;1.60036690383;250.940469662;6.80064231077;2.00231290412e-05;0.0290048508071;supercritical
346.500000000;8.00000000000;168.770803588;0.00592519546474;433.982960329;481.384524047;1.89805318846;0.835851513767;1.59954005951;250.985956219;6.79838630164;2.00238724656e-05;0.0290021857679;supercritical
346.550000000;8.00000000000;168.701801747;0.00592761896817;434.043528676;481.464480421;1.89828392614;0.835776550124;1.59871525691;251.031412540;6.79613087808;2.00246187005e-05;0.0289995345009;supercritical
346.600000000;8.00000000000;168.632894068;0.00593004114368;434.104066457;481.544395607;1.89851451169;0.835701787486;1.59789248856;251.076838687;6.79387604209;2.00253677373e-05;0.0289968969612;supercritical
346.650000000;8.00000000000;168.564080308;0.00593246199412;434.164573751;481.624269704;1.89874494543;0.835627225240;1.59707174704;251.122234721;6.79162179563;2.00261195670e-05;0.0289942731038;supercritical
346.700000000;8.00000000000;168.495360226;0.00593488152232;434.225050636;481.704102815;1.89897522772;0.835552862776;1.59625302494;251.167600701;6.78936814066;2.00268741810e-05;0.0289916628843;supercritical
346.750000000;8.00000000000;168.426733580;0.00593729973113;434.285497191;481.783895040;1.89920535888;0.835478699486;1.59543631493;251.212936689;6.78711507911;2.00276315706e-05;0.0289890662583;supercritical
346.800000000;8.00000000000;168.358200131;0.00593971662337;434.345913493;481.863646480;1.89943533924;0.835404734766;1.59462160968;251.258242745;6.78486261292;2.00283917272e-05;0.0289864831814;supercritical
346.850000000;8.00000000000;168.289759641;0.00594213220184;434.406299620;481.943357234;1.89966516914;0.835330968014;1.59380890191;251.303518928;6.78261074401;2.00291546420e-05;0.0289839136098;supercritical
346.900000000;8.00000000000;168.221411870;0.00594454646936;434.466655648;482.023027403;1.89989484891;0.835257398630;1.59299818437;251.348765300;6.78035947427;2.00299203066e-05;0.0289813574997;supercritical
346.950000000;8.00000000000;168.153156581;0.00594695942871;434.526981656;482.102657086;1.90012437887;0.835184026017;1.59218944986;251.393981919;6.77810880560;2.00306887123e-05;0.0289788148073;supercritical
347.000000000;8.00000000000;168.084993540;0.00594937108269;434.587277720;482.182246381;1.90035375937;0.835110849581;1.59138269120;251.439168846;6.77585873988;2.00314598507e-05;0.0289762854894;supercritical
347.050000000;8.00000000000;168.016922509;0.00595178143408;434.647543915;482.261795388;1.90058299071;0.835037868729;1.59057790125;251.484326138;6.77360927897;2.00322337132e-05;0.0289737695026;supercritical
347.100000000;8.00000000000;167.948943255;0.00595419048562;434.707780319;482.341304204;1.90081207323;0.834965082873;1.58977507291;251.529453856;6.77136042472;2.00330102914e-05;0.0289712668040;supercritical
347.150000000;8.00000000000;167.881055544;0.00595659824009;434.767987007;482.420772928;1.90104100726;0.834892491425;1.58897419911;251.574552058;6.76911217897;2.00337895770e-05;0.0289687773506;supercritical
347.200000000;8.00000000000;167.813259144;0.00595900470023;434.828164054;482.500201656;1.90126979312;0.834820093801;1.58817527281;251.619620804;6.76686454356;2.00345715615e-05;0.0289663010999;supercritical
347.250000000;8.00000000000;167.745553822;0.00596140986878;434.888311537;482.579590487;1.90149843112;0.834747889419;1.58737828702;251.664660150;6.76461752029;2.00353562366e-05;0.0289638380094;supercritical
347.300000000;8.00000000000;167.677939348;0.00596381374847;434.948429530;482.658939517;1.90172692160;0.834675877700;1.58658323476;251.709670157;6.76237111097;2.00361435940e-05;0.0289613880368;supercritical
347.350000000;8.00000000000;167.610415492;0.00596621634201;435.008518107;482.738248843;1.90195526487;0.834604058066;1.58579010912;251.754650881;6.76012531738;2.00369336254e-05;0.0289589511400;supercritical
347.400000000;8.00000000000;167.542982024;0.00596861765212;435.068577343;482.817518560;1.90218346125;0.834532429943;1.58499890318;251.799602382;6.75788014132;2.00377263226e-05;0.0289565272772;supercritical
347.450000000;8.00000000000;167.475638717;0.00597101768150;435.128607313;482.896748765;1.90241151106;0.834460992760;1.58420961010;251.844524716;6.75563558453;2.00385216774e-05;0.0289541164065;supercritical
347.500000000;8.00000000000;167.408385343;0.00597341643284;435.188608090;482.975939553;1.90263941462;0.834389745945;1.58342222303;251.889417941;6.75339164879;2.00393196816e-05;0.0289517184864;supercritical
347.550000000;8.00000000000;167.341221674;0.00597581390882;435.248579748;483.055091019;1.90286717224;0.834318688933;1.58263673518;251.934282114;6.75114833582;2.00401203271e-05;0.0289493334757;supercritical
347.600000000;8.00000000000;167.274147486;0.00597821011213;435.308522361;483.134203258;1.90309478423;0.834247821159;1.58185313978;251.979117293;6.74890564736;2.00409236057e-05;0.0289469613330;supercritical
347.650000000;8.00000000000;167.207162554;0.00598060504541;435.368436001;483.213276364;1.90332225092;0.834177142059;1.58107143011;252.023923535;6.74666358513;2.00417295095e-05;0.0289446020175;supercritical
347.700000000;8.00000000000;167.140266653;0.00598299871134;435.428320742;483.292310432;1.90354957261;0.834106651074;1.58029159946;252.068700896;6.74442215084;2.00425380303e-05;0.0289422554882;supercritical
347.750000000;8.00000000000;167.073459561;0.00598539111255;435.488176655;483.371305556;1.90377674961;0.834036347647;1.57951364117;252.113449432;6.74218134617;2.00433491602e-05;0.0289399217047;supercritical
347.800000000;8.00000000000;167.006741055;0.00598778225169;435.548003814;483.450261828;1.90400378224;0.833966231222;1.57873754860;252.158169201;6.73994117281;2.00441628912e-05;0.0289376006263;supercritical
347.850000000;8.00000000000;166.940110913;0.00599017213138;435.607802290;483.529179341;1.90423067081;0.833896301245;1.57796331515;252.202860259;6.73770163244;2.00449792154e-05;0.0289352922129;supercritical
347.900000000;8.00000000000;166.873568915;0.00599256075425;435.667572156;483.608058190;1.90445741561;0.833826557167;1.57719093426;252.247522661;6.73546272671;2.00457981248e-05;0.0289329964242;supercritical
347.950000000;8.00000000000;166.807114840;0.00599494812291;435.727313482;483.686898466;1.90468401697;0.833756998439;1.57642039938;252.292156464;6.73322445728;2.00466196116e-05;0.0289307132204;supercritical
348.000000000;8.00000000000;166.740748471;0.00599733423996;435.787026341;483.765700261;1.90491047518;0.833687624515;1.57565170401;252.336761723;6.73098682577;2.00474436680e-05;0.0289284425618;supercritical
348.050000000;8.00000000000;166.674469587;0.00599971910800;435.846710803;483.844463667;1.90513679055;0.833618434852;1.57488484166;252.381338493;6.72874983382;2.00482702861e-05;0.0289261844086;supercritical
348.100000000;8.00000000000;166.608277973;0.00600210272961;435.906366938;483.923188775;1.90536296338;0.833549428908;1.57411980590;252.425886830;6.72651348304;2.00490994581e-05;0.0289239387216;supercritical
348.150000000;8.00000000000;166.542173412;0.00600448510737;435.965994818;484.001875677;1.90558899398;0.833480606144;1.57335659031;252.470406789;6.72427777503;2.00499311764e-05;0.0289217054614;supercritical
348.200000000;8.00000000000;166.476155687;0.00600686624385;436.025594514;484.080524464;1.90581488265;0.833411966023;1.57259518851;252.514898425;6.72204271139;2.00507654331e-05;0.0289194845890;supercritical
348.250000000;8.00000000000;166.410224583;0.00600924614162;436.085166093;484.159135226;1.90604062969;0.833343508011;1.57183559415;252.559361792;6.71980829370;2.00516022207e-05;0.0289172760654;supercritical
348.300000000;8.00000000000;166.344379886;0.00601162480321;436.144709628;484.237708054;1.90626623540;0.833275231575;1.57107780090;252.603796946;6.71757452352;2.00524415315e-05;0.0289150798520;supercritical
348.350000000;8.00000000000;166.278621384;0.00601400223118;436.204225187;484.316243036;1.90649170007;0.833207136185;1.57032180246;252.648203941;6.71534140242;2.00532833578e-05;0.0289128959101;supercritical
348.400000000;8.00000000000;166.212948862;0.00601637842807;436.263712839;484.394740264;1.90671702401;0.833139221314;1.56956759259;252.692582830;6.71310893194;2.00541276920e-05;0.0289107242014;supercritical
348.450000000;8.00000000000;166.147362110;0.00601875339639;436.323172654;484.473199825;1.90694220752;0.833071486436;1.56881516504;252.736933668;6.71087711362;2.00549745267e-05;0.0289085646875;supercritical
348.500000000;8.00000000000;166.081860916;0.00602112713867;436.382604701;484.551621810;1.90716725088;0.833003931027;1.56806451361;252.781256509;6.70864594900;2.00558238542e-05;0.0289064173304;supercritical
348.550000000;8.00000000000;166.016445069;0.00602349965742;436.442009047;484.630006306;1.90739215439;0.832936554567;1.56731563214;252.825551406;6.70641543958;2.00566756671e-05;0.0289042820922;supercritical
348.600000000;8.00000000000;165.951114361;0.00602587095515;436.501385761;484.708353403;1.90761691835;0.832869356535;1.56656851447;252.869818413;6.70418558687;2.00575299579e-05;0.0289021589352;supercritical
348.650000000;8.00000000000;165.885868582;0.00602824103433;436.560734912;484.786663187;1.90784154305;0.832802336416;1.56582315449;252.914057584;6.70195639236;2.00583867192e-05;0.0289000478217;supercritical
348.700000000;8.00000000000;165.820707524;0.00603060989747;436.620056567;484.864935747;1.90806602877;0.832735493694;1.56507954611;252.958268971;6.69972785755;2.00592459435e-05;0.0288979487143;supercritical
348.750000000;8.00000000000;165.755630980;0.00603297754704;436.679350794;484.943171171;1.90829037582;0.832668827858;1.56433768328;253.002452627;6.69749998390;2.00601076235e-05;0.0288958615757;supercritical
348.800000000;8.00000000000;165.690638744;0.00603534398551;436.738617661;485.021369545;1.90851458448;0.832602338396;1.56359755997;253.046608606;6.69527277288;2.00609717518e-05;0.0288937863688;supercritical
348.850000000;8.00000000000;165.625730610;0.00603770921533;436.797857233;485.099530956;1.90873865503;0.832536024801;1.56285917017;253.090736959;6.69304622593;2.00618383212e-05;0.0288917230567;supercritical
348.900000000;8.00000000000;165.560906372;0.00604007323898;436.857069579;485.177655490;1.90896258778;0.832469886566;1.56212250792;253.134837740;6.69082034451;2.00627073242e-05;0.0288896716025;supercritical
348.950000000;8.00000000000;165.496165827;0.00604243605888;436.916254764;485.255743235;1.90918638299;0.832403923187;1.56138756728;253.178911001;6.68859513005;2.00635787538e-05;0.0288876319696;supercritical
349.000000000;8.00000000000;165.431508771;0.00604479767748;436.975412856;485.333794276;1.90941004096;0.832338134162;1.56065434232;253.222956794;6.68637058396;2.00644526025e-05;0.0288856041216;supercritical
349.050000000;8.00000000000;165.366935001;0.00604715809722;437.034543920;485.411808698;1.90963356198;0.832272518992;1.55992282715;253.266975171;6.68414670767;2.00653288633e-05;0.0288835880220;supercritical
349.100000000;8.00000000000;165.302444314;0.00604951732050;437.093648023;485.489786587;1.90985694632;0.832207077178;1.55919301592;253.310966183;6.68192350257;2.00662075289e-05;0.0288815836347;supercritical
349.150000000;8.00000000000;165.238036511;0.00605187534975;437.152725230;485.567728028;1.91008019428;0.832141808226;1.55846490279;253.354929882;6.67970097005;2.00670885922e-05;0.0288795909237;supercritical
349.200000000;8.00000000000;165.173711389;0.00605423218737;437.211775606;485.645633105;1.91030330612;0.832076711641;1.55773848197;253.398866321;6.67747911151;2.00679720460e-05;0.0288776098531;supercritical
349.250000000;8.00000000000;165.109468750;0.00605658783576;437.270799218;485.723501904;1.91052628214;0.832011786931;1.55701374765;253.442775549;6.67525792830;2.00688578834e-05;0.0288756403871;supercritical
349.300000000;8.00000000000;165.045308394;0.00605894229731;437.329796130;485.801334508;1.91074912261;0.831947033608;1.55629069411;253.486657619;6.67303742180;2.00697460972e-05;0.0288736824902;supercritical
349.350000000;8.00000000000;164.981230122;0.00606129557441;437.388766406;485.879131001;1.91097182780;0.831882451183;1.55556931560;253.530512582;6.67081759335;2.00706366804e-05;0.0288717361270;supercritical
349.400000000;8.00000000000;164.917233737;0.00606364766943;437.447710112;485.956891467;1.91119439801;0.831818039172;1.55484960643;253.574340487;6.66859844430;2.00715296260e-05;0.0288698012622;supercritical
349.450000000;8.00000000000;164.853319042;0.00606599858474;437.506627312;486.034615990;1.91141683351;0.831753797091;1.55413156094;253.618141386;6.66637997598;2.00724249269e-05;0.0288678778606;supercritical
349.500000000;8.00000000000;164.789485841;0.00606834832270;437.565518070;486.112304651;1.91163913457;0.831689724457;1.55341517346;253.661915329;6.66416218973;2.00733225764e-05;0.0288659658873;supercritical
349.550000000;8.00000000000;164.725733937;0.00607069688566;437.624382449;486.189957535;1.91186130146;0.831625820793;1.55270043839;253.705662367;6.66194508684;2.00742225673e-05;0.0288640653074;supercritical
349.600000000;8.00000000000;164.662063136;0.00607304427597;437.683220515;486.267574722;1.91208333447;0.831562085620;1.55198735013;253.749382550;6.65972866863;2.00751248929e-05;0.0288621760862;supercritical
349.650000000;8.00000000000;164.598473244;0.00607539049597;437.742032329;486.345156297;1.91230523386;0.831498518462;1.55127590312;253.793075927;6.65751293639;2.00760295463e-05;0.0288602981893;supercritical
349.700000000;8.00000000000;164.534964068;0.00607773554799;437.800817956;486.422702340;1.91252699991;0.831435118847;1.55056609180;253.836742549;6.65529789141;2.00769365206e-05;0.0288584315821;supercritical
349.750000000;8.00000000000;164.471535413;0.00608007943434;437.859577459;486.500212933;1.91274863289;0.831371886302;1.54985791066;253.880382466;6.65308353496;2.00778458089e-05;0.0288565762305;supercritical
349.800000000;8.00000000000;164.408187089;0.00608242215736;437.918310899;486.577688158;1.91297013307;0.831308820358;1.54915135422;253.923995726;6.65086986831;2.00787574046e-05;0.0288547321003;supercritical
349.850000000;8.00000000000;164.344918903;0.00608476371934;437.977018341;486.655128096;1.91319150072;0.831245920547;1.54844641700;253.967582380;6.64865689273;2.00796713009e-05;0.0288528991576;supercritical
349.900000000;8.00000000000;164.281730666;0.00608710412258;438.035699846;486.732532827;1.91341273611;0.831183186403;1.54774309357;254.011142477;6.64644460945;2.00805874909e-05;0.0288510773685;supercritical
349.950000000;8.00000000000;164.218622186;0.00608944336939;438.094355477;486.809902432;1.91363383950;0.831120617463;1.54704137850;254.054676065;6.64423301972;2.00815059681e-05;0.0288492666993;supercritical
350.000000000;8.00000000000;164.155593274;0.00609178146204;438.152985295;486.887236991;1.91385481117;0.831058213264;1.54634126642;254.098183193;6.64202212478;2.00824267256e-05;0.0288474671164;supercritical
350.050000000;8.00000000000;164.092643743;0.00609411840282;438.211589363;486.964536585;1.91407565138;0.830995973346;1.54564275194;254.141663911;6.63981192583;2.00833497570e-05;0.0288456785865;supercritical
350.100000000;8.00000000000;164.029773402;0.00609645419400;438.270167741;487.041801293;1.91429636040;0.830933897252;1.54494582974;254.185118267;6.63760242410;2.00842750554e-05;0.0288439010763;supercritical
350.150000000;8.00000000000;163.966982066;0.00609878883785;438.328720492;487.119031195;1.91451693848;0.830871984524;1.54425049449;254.228546309;6.63539362079;2.00852026144e-05;0.0288421345526;supercritical
350.200000000;8.00000000000;163.904269547;0.00610112233661;438.387247676;487.196226369;1.91473738590;0.830810234708;1.54355674090;254.271948086;6.63318551709;2.00861324273e-05;0.0288403789825;supercritical
350.250000000;8.00000000000;163.841635659;0.00610345469255;438.445749355;487.273386895;1.91495770292;0.830748647351;1.54286456370;254.315323646;6.63097811419;2.00870644876e-05;0.0288386343330;supercritical
350.300000000;8.00000000000;163.779080217;0.00610578590791;438.504225588;487.350512851;1.91517788979;0.830687222003;1.54217395764;254.358673037;6.62877141327;2.00879987887e-05;0.0288369005714;supercritical
350.350000000;8.00000000000;163.716603036;0.00610811598492;438.562676437;487.427604317;1.91539794678;0.830625958216;1.54148491751;254.401996306;6.62656541550;2.00889353242e-05;0.0288351776652;supercritical
350.400000000;8.00000000000;163.654203931;0.00611044492581;438.621101963;487.504661369;1.91561787415;0.830564855540;1.54079743811;254.445293502;6.62436012203;2.00898740875e-05;0.0288334655819;supercritical
350.450000000;8.00000000000;163.591882720;0.00611277273281;438.679502224;487.581684087;1.91583767217;0.830503913533;1.54011151426;254.488564672;6.62215553402;2.00908150723e-05;0.0288317642891;supercritical
350.500000000;8.00000000000;163.529639219;0.00611509940814;438.737877281;487.658672546;1.91605734107;0.830443131749;1.53942714081;254.531809864;6.61995165262;2.00917582720e-05;0.0288300737547;supercritical
350.550000000;8.00000000000;163.467473246;0.00611742495399;438.796227194;487.735626826;1.91627688114;0.830382509747;1.53874431263;254.575029124;6.61774847894;2.00927036803e-05;0.0288283939465;supercritical
350.600000000;8.00000000000;163.405384619;0.00611974937258;438.854552023;487.812547003;1.91649629261;0.830322047088;1.53806302463;254.618222500;6.61554601413;2.00936512908e-05;0.0288267248327;supercritical
350.650000000;8.00000000000;163.343373158;0.00612207266610;438.912851826;487.889433154;1.91671557575;0.830261743333;1.53738327172;254.661390039;6.61334425930;2.00946010971e-05;0.0288250663815;supercritical
350.700000000;8.00000000000;163.281438682;0.00612439483674;438.971126662;487.966285356;1.91693473082;0.830201598046;1.53670504884;254.704531787;6.61114321555;2.00955530929e-05;0.0288234185610;supercritical
350.750000000;8.00000000000;163.219581012;0.00612671588667;439.029376591;488.043103685;1.91715375806;0.830141610792;1.53602835096;254.747647792;6.60894288400;2.00965072719e-05;0.0288217813400;supercritical
350.800000000;8.00000000000;163.157799968;0.00612903581808;439.087601672;488.119888216;1.91737265773;0.830081781139;1.53535317306;254.790738100;6.60674326572;2.00974636279e-05;0.0288201546868;supercritical
350.850000000;8.00000000000;163.096095371;0.00613135463313;439.145801962;488.196639027;1.91759143008;0.830022108656;1.53467951016;254.833802757;6.60454436181;2.00984221544e-05;0.0288185385702;supercritical
350.900000000;8.00000000000;163.034467045;0.00613367233399;439.203977521;488.273356193;1.91781007537;0.829962592913;1.53400735728;254.876841809;6.60234617335;2.00993828454e-05;0.0288169329591;supercritical
350.950000000;8.00000000000;162.972914811;0.00613598892280;439.262128406;488.350039788;1.91802859385;0.829903233482;1.53333670949;254.919855303;6.60014870139;2.01003456946e-05;0.0288153378224;supercritical
351.000000000;8.00000000000;162.911438494;0.00613830440173;439.320254675;488.426689889;1.91824698576;0.829844029939;1.53266756185;254.962843284;6.59795194700;2.01013106958e-05;0.0288137531292;supercritical
351.050000000;8.00000000000;162.850037917;0.00614061877290;439.378356386;488.503306569;1.91846525136;0.829784981858;1.53199990947;255.005805799;6.59575591123;2.01022778428e-05;0.0288121788487;supercritical
351.100000000;8.00000000000;162.788712905;0.00614293203845;439.436433597;488.579889904;1.91868339089;0.829726088818;1.53133374747;255.048742893;6.59356059513;2.01032471295e-05;0.0288106149503;supercritical
351.150000000;8.00000000000;162.727463282;0.00614524420052;439.494486365;488.656439969;1.91890140460;0.829667350397;1.53066907099;255.091654612;6.59136599973;2.01042185498e-05;0.0288090614034;supercritical
351.200000000;8.00000000000;162.666288876;0.00614755526122;439.552514746;488.732956836;1.91911929274;0.829608766177;1.53000587519;255.134541000;6.58917212606;2.01051920976e-05;0.0288075181776;supercritical
351.250000000;8.00000000000;162.605189511;0.00614986522267;439.610518799;488.809440581;1.91933705556;0.829550335740;1.52934415526;255.177402104;6.58697897514;2.01061677668e-05;0.0288059852425;supercritical
351.300000000;8.00000000000;162.544165016;0.00615217408698;439.668498580;488.885891276;1.91955469329;0.829492058670;1.52868390641;255.220237969;6.58478654798;2.01071455514e-05;0.0288044625682;supercritical
351.350000000;8.00000000000;162.483215217;0.00615448185625;439.726454146;488.962308996;1.91977220620;0.829433934554;1.52802512387;255.263048638;6.58259484558;2.01081254453e-05;0.0288029501244;supercritical
351.400000000;8.00000000000;162.422339944;0.00615678853258;439.784385552;489.038693813;1.91998959451;0.829375962980;1.52736780287;255.305834158;6.58040386895;2.01091074426e-05;0.0288014478813;supercritical
351.450000000;8.00000000000;162.361539024;0.00615909411805;439.842292856;489.115045800;1.92020685847;0.829318143536;1.52671193871;255.348594573;6.57821361907;2.01100915372e-05;0.0287999558090;supercritical
351.500000000;8.00000000000;162.300812287;0.00616139861476;439.900176113;489.191365031;1.92042399832;0.829260475813;1.52605752666;255.391329927;6.57602409692;2.01110777232e-05;0.0287984738779;supercritical
351.550000000;8.00000000000;162.240159563;0.00616370202477;439.958035379;489.267651577;1.92064101432;0.829202959404;1.52540456203;255.434040266;6.57383530348;2.01120659946e-05;0.0287970020584;supercritical
351.600000000;8.00000000000;162.179580683;0.00616600435016;440.015870710;489.343905511;1.92085790669;0.829145593904;1.52475304017;255.476725633;6.57164723971;2.01130563456e-05;0.0287955403210;supercritical
351.650000000;8.00000000000;162.119075478;0.00616830559300;440.073682161;489.420126905;1.92107467567;0.829088378907;1.52410295642;255.519386072;6.56945990657;2.01140487702e-05;0.0287940886365;supercritical
351.700000000;8.00000000000;162.058643778;0.00617060575533;440.131469788;489.496315831;1.92129132151;0.829031314012;1.52345430617;255.562021627;6.56727330502;2.01150432626e-05;0.0287926469755;supercritical
351.750000000;8.00000000000;161.998285418;0.00617290483921;440.189233646;489.572472360;1.92150784445;0.828974398818;1.52280708479;255.604632343;6.56508743600;2.01160398170e-05;0.0287912153090;supercritical
351.800000000;8.00000000000;161.938000229;0.00617520284670;440.246973789;489.648596563;1.92172424471;0.828917632924;1.52216128772;255.647218263;6.56290230044;2.01170384274e-05;0.0287897936080;supercritical
351.850000000;8.00000000000;161.877788044;0.00617749977982;440.304690274;489.724688512;1.92194052255;0.828861015934;1.52151691037;255.689779431;6.56071789927;2.01180390882e-05;0.0287883818437;supercritical
351.900000000;8.00000000000;161.817648698;0.00617979564061;440.362383153;489.800748278;1.92215667819;0.828804547451;1.52087394822;255.732315891;6.55853423341;2.01190417935e-05;0.0287869799872;supercritical
351.950000000;8.00000000000;161.757582026;0.00618209043111;440.420052482;489.876775930;1.92237271187;0.828748227081;1.52023239672;255.774827685;6.55635130379;2.01200465375e-05;0.0287855880099;supercritical
352.000000000;8.00000000000;161.697587861;0.00618438415332;440.477698314;489.952771541;1.92258862383;0.828692054429;1.51959225138;255.817314857;6.55416911130;2.01210533145e-05;0.0287842058834;supercritical
352.050000000;8.00000000000;161.637666041;0.00618667680926;440.535320705;490.028735179;1.92280441429;0.828636029106;1.51895350771;255.859777450;6.55198765684;2.01220621189e-05;0.0287828335791;supercritical
352.100000000;8.00000000000;161.577816401;0.00618896840095;440.592919707;490.104666915;1.92302008350;0.828580150720;1.51831616125;255.902215507;6.54980694132;2.01230729448e-05;0.0287814710688;supercritical
352.150000000;8.00000000000;161.518038778;0.00619125893039;440.650495375;490.180566818;1.92323563168;0.828524418884;1.51768020754;255.944629071;6.54762696561;2.01240857867e-05;0.0287801183244;supercritical
352.200000000;8.00000000000;161.458333008;0.00619354839957;440.708047762;490.256434959;1.92345105907;0.828468833210;1.51704564216;255.987018184;6.54544773060;2.01251006388e-05;0.0287787753176;supercritical
352.250000000;8.00000000000;161.398698931;0.00619583681048;440.765576922;490.332271406;1.92366636590;0.828413393313;1.51641246071;256.029382890;6.54326923715;2.01261174956e-05;0.0287774420206;supercritical
352.300000000;8.00000000000;161.339136384;0.00619812416511;440.823082907;490.408076228;1.92388155240;0.828358098809;1.51578065878;256.071723231;6.54109148614;2.01271363513e-05;0.0287761184055;supercritical
352.350000000;8.00000000000;161.279645206;0.00620041046545;440.880565771;490.483849494;1.92409661879;0.828302949315;1.51515023202;256.114039248;6.53891447841;2.01281572006e-05;0.0287748044445;supercritical
352.400000000;8.00000000000;161.220225237;0.00620269571345;440.938025566;490.559591274;1.92431156531;0.828247944452;1.51452117607;256.156330985;6.53673821482;2.01291800376e-05;0.0287735001100;supercritical
352.450000000;8.00000000000;161.160876317;0.00620497991110;440.995462346;490.635301635;1.92452639219;0.828193083839;1.51389348660;256.198598483;6.53456269622;2.01302048570e-05;0.0287722053745;supercritical
352.500000000;8.00000000000;161.101598286;0.00620726306034;441.052876162;490.710980645;1.92474109964;0.828138367098;1.51326715929;256.240841785;6.53238792344;2.01312316531e-05;0.0287709202105;supercritical
352.550000000;8.00000000000;161.042390985;0.00620954516314;441.110267068;490.786628373;1.92495568791;0.828083793854;1.51264218986;256.283060931;6.53021389731;2.01322604206e-05;0.0287696445907;supercritical
352.600000000;8.00000000000;160.983254256;0.00621182622145;441.167635115;490.862244887;1.92517015721;0.828029363731;1.51201857402;256.325255965;6.52804061865;2.01332911537e-05;0.0287683784880;supercritical
352.650000000;8.00000000000;160.924187941;0.00621410623721;441.224980355;490.937830253;1.92538450777;0.827975076355;1.51139630751;256.367426927;6.52586808829;2.01343238472e-05;0.0287671218751;supercritical
352.700000000;8.00000000000;160.865191882;0.00621638521236;441.282302841;491.013384540;1.92559873982;0.827920931355;1.51077538610;256.409573859;6.52369630704;2.01353584955e-05;0.0287658747252;supercritical
352.750000000;8.00000000000;160.806265923;0.00621866314884;441.339602623;491.088907814;1.92581285358;0.827866928360;1.51015580557;256.451696803;6.52152527569;2.01363950933e-05;0.0287646370113;supercritical
352.800000000;8.00000000000;160.747409908;0.00622094004856;441.396879754;491.164400143;1.92602684927;0.827813067001;1.50953756170;256.493795799;6.51935499504;2.01374336351e-05;0.0287634087066;supercritical
352.850000000;8.00000000000;160.688623681;0.00622321591345;441.454134285;491.239861593;1.92624072711;0.827759346910;1.50892065033;256.535870888;6.51718546589;2.01384741155e-05;0.0287621897845;supercritical
352.900000000;8.00000000000;160.629907086;0.00622549074542;441.511366267;491.315292230;1.92645448733;0.827705767721;1.50830506727;256.577922113;6.51501668902;2.01395165291e-05;0.0287609802183;supercritical
352.950000000;8.00000000000;160.571259968;0.00622776454639;441.568575750;491.390692121;1.92666813015;0.827652329069;1.50769080838;256.619949512;6.51284866521;2.01405608706e-05;0.0287597799817;supercritical
353.000000000;8.00000000000;160.512682174;0.00623003731827;441.625762787;491.466061333;1.92688165579;0.827599030591;1.50707786953;256.661953128;6.51068139522;2.01416071347e-05;0.0287585890481;supercritical
353.050000000;8.00000000000;160.454173550;0.00623230906294;441.682927427;491.541399930;1.92709506446;0.827545871924;1.50646624661;256.703933001;6.50851487983;2.01426553161e-05;0.0287574073914;supercritical
353.100000000;8.00000000000;160.395733942;0.00623457978230;441.740069721;491.616707979;1.92730835640;0.827492852708;1.50585593551;256.745889172;6.50634911979;2.01437054094e-05;0.0287562349853;supercritical
353.150000000;8.00000000000;160.337363197;0.00623684947824;441.797189720;491.691985546;1.92752153181;0.827439972583;1.50524693216;256.787821680;6.50418411586;2.01447574094e-05;0.0287550718039;supercritical
353.200000000;8.00000000000;160.279061164;0.00623911815265;441.854287473;491.767232694;1.92773459091;0.827387231192;1.50463923250;256.829730566;6.50201986877;2.01458113108e-05;0.0287539178211;supercritical
353.250000000;8.00000000000;160.220827691;0.00624138580739;441.911363031;491.842449490;1.92794753393;0.827334628179;1.50403283247;256.871615871;6.49985637927;2.01468671084e-05;0.0287527730110;supercritical
353.300000000;8.00000000000;160.162662627;0.00624365244434;441.968416444;491.917635999;1.92816036107;0.827282163187;1.50342772807;256.913477633;6.49769364810;2.01479247970e-05;0.0287516373480;supercritical
353.350000000;8.00000000000;160.104565820;0.00624591806537;442.025447762;491.992792285;1.92837307256;0.827229835864;1.50282391526;256.955315894;6.49553167597;2.01489843714e-05;0.0287505108063;supercritical
353.400000000;8.00000000000;160.046537120;0.00624818267233;442.082457033;492.067918412;1.92858566860;0.827177645857;1.50222139007;256.997130693;6.49337046362;2.01500458264e-05;0.0287493933603;supercritical
353.450000000;8.00000000000;159.988576378;0.00625044626708;442.139444309;492.143014445;1.92879814942;0.827125592814;1.50162014852;257.038922070;6.49121001175;2.01511091568e-05;0.0287482849846;supercritical
353.500000000;8.00000000000;159.930683445;0.00625270885147;442.196409636;492.218080448;1.92901051523;0.827073676387;1.50102018663;257.080690064;6.48905032108;2.01521743575e-05;0.0287471856538;supercritical
353.550000000;8.00000000000;159.872858172;0.00625497042735;442.253353066;492.293116485;1.92922276624;0.827021896226;1.50042150048;257.122434714;6.48689139231;2.01532414234e-05;0.0287460953427;supercritical
353.600000000;8.00000000000;159.815100410;0.00625723099655;442.310274647;492.368122619;1.92943490266;0.826970251986;1.49982408614;257.164156061;6.48473322613;2.01543103493e-05;0.0287450140260;supercritical
353.650000000;8.00000000000;159.757410011;0.00625949056090;442.367174428;492.443098915;1.92964692470;0.826918743319;1.49922793970;257.205854142;6.48257582323;2.01553811303e-05;0.0287439416787;supercritical
353.700000000;8.00000000000;159.699786829;0.00626174912224;442.424052457;492.518045435;1.92985883258;0.826867369882;1.49863305725;257.247528998;6.48041918431;2.01564537611e-05;0.0287428782757;supercritical
353.750000000;8.00000000000;159.642230717;0.00626400668238;442.480908783;492.592962242;1.93007062651;0.826816131331;1.49803943494;257.289180668;6.47826331004;2.01575282368e-05;0.0287418237922;supercritical
353.800000000;8.00000000000;159.584741527;0.00626626324315;442.537743454;492.667849399;1.93028230670;0.826765027326;1.49744706888;257.330809190;6.47610820108;2.01586045524e-05;0.0287407782035;supercritical
353.850000000;8.00000000000;159.527319115;0.00626851880636;442.594556518;492.742706969;1.93049387335;0.826714057524;1.49685595526;257.372414603;6.47395385812;2.01596827028e-05;0.0287397414847;supercritical
353.900000000;8.00000000000;159.469963335;0.00627077337381;442.651348025;492.817535015;1.93070532668;0.826663221588;1.49626609022;257.413996945;6.47180028181;2.01607626829e-05;0.0287387136112;supercritical
353.950000000;8.00000000000;159.412674041;0.00627302694730;442.708118021;492.892333599;1.93091666689;0.826612519179;1.49567746996;257.455556256;6.46964747280;2.01618444880e-05;0.0287376945586;supercritical
354.000000000;8.00000000000;159.355451090;0.00627527952864;442.764866554;492.967102783;1.93112789419;0.826561949960;1.49509009069;257.497092574;6.46749543175;2.01629281129e-05;0.0287366843025;supercritical
354.050000000;8.00000000000;159.298294337;0.00627753111961;442.821593672;493.041842629;1.93133900879;0.826511513597;1.49450394863;257.538605936;6.46534415930;2.01640135528e-05;0.0287356828184;supercritical
354.100000000;8.00000000000;159.241203639;0.00627978172200;442.878299422;493.116553198;1.93155001090;0.826461209754;1.49391904000;257.580096382;6.46319365610;2.01651008026e-05;0.0287346900823;supercritical
354.150000000;8.00000000000;159.184178852;0.00628203133759;442.934983853;493.191234553;1.93176090071;0.826411038100;1.49333536106;257.621563950;6.46104392276;2.01661898576e-05;0.0287337060698;supercritical
354.200000000;8.00000000000;159.127219835;0.00628427996816;442.991647010;493.265886755;1.93197167844;0.826360998303;1.49275290808;257.663008677;6.45889495992;2.01672807128e-05;0.0287327307570;supercritical
354.250000000;8.00000000000;159.070326445;0.00628652761548;443.048288941;493.340509864;1.93218234429;0.826311090032;1.49217167734;257.704430601;6.45674676821;2.01683733633e-05;0.0287317641198;supercritical
354.300000000;8.00000000000;159.013498540;0.00628877428132;443.104909692;493.415103943;1.93239289846;0.826261312958;1.49159166513;257.745829760;6.45459934823;2.01694678043e-05;0.0287308061345;supercritical
354.350000000;8.00000000000;158.956735979;0.00629101996743;443.161509312;493.489669051;1.93260334116;0.826211666754;1.49101286777;257.787206192;6.45245270060;2.01705640310e-05;0.0287298567773;supercritical
354.400000000;8.00000000000;158.900038621;0.00629326467558;443.218087845;493.564205250;1.93281367258;0.826162151093;1.49043528159;257.828559934;6.45030682592;2.01716620385e-05;0.0287289160244;supercritical
354.450000000;8.00000000000;158.843406326;0.00629550840750;443.274645340;493.638712600;1.93302389294;0.826112765649;1.48985890293;257.869891025;6.44816172479;2.01727618220e-05;0.0287279838522;supercritical
354.500000000;8.00000000000;158.786838954;0.00629775116496;443.331181841;493.713191160;1.93323400243;0.826063510098;1.48928372815;257.911199500;6.44601739782;2.01738633768e-05;0.0287270602372;supercritical
354.550000000;8.00000000000;158.730336365;0.00629999294969;443.387697395;493.787640992;1.93344400125;0.826014384117;1.48870975362;257.952485398;6.44387384557;2.01749666980e-05;0.0287261451560;supercritical
354.600000000;8.00000000000;158.673898421;0.00630223376342;443.444192048;493.862062156;1.93365388961;0.825965387385;1.48813697573;257.993748755;6.44173106865;2.01760717809e-05;0.0287252385853;supercritical
354.650000000;8.00000000000;158.617524982;0.00630447360789;443.500665847;493.936454710;1.93386366770;0.825916519581;1.48756539089;258.034989610;6.43958906763;2.01771786208e-05;0.0287243405018;supercritical
354.700000000;8.00000000000;158.561215912;0.00630671248483;443.557118836;494.010818715;1.93407333572;0.825867780385;1.48699499550;258.076207997;6.43744784307;2.01782872130e-05;0.0287234508823;supercritical
354.750000000;8.00000000000;158.504971071;0.00630895039595;443.613551062;494.085154229;1.93428289387;0.825819169480;1.48642578601;258.117403956;6.43530739556;2.01793975527e-05;0.0287225697037;supercritical
354.800000000;8.00000000000;158.448790324;0.00631118734298;443.669962569;494.159461313;1.93449234235;0.825770686548;1.48585775887;258.158577521;6.43316772564;2.01805096353e-05;0.0287216969432;supercritical
354.850000000;8.00000000000;158.392673532;0.00631342332761;443.726353404;494.233740025;1.93470168135;0.825722331274;1.48529091052;258.199728730;6.43102883388;2.01816234560e-05;0.0287208325776;supercritical
354.900000000;8.00000000000;158.336620560;0.00631565835158;443.782723611;494.307990423;1.93491091108;0.825674103342;1.48472523746;258.240857620;6.42889072083;2.01827390103e-05;0.0287199765843;supercritical
354.950000000;8.00000000000;158.280631272;0.00631789241656;443.839073235;494.382212568;1.93512003172;0.825626002440;1.48416073617;258.281964226;6.42675338704;2.01838562935e-05;0.0287191289405;supercritical
355.000000000;8.00000000000;158.224705532;0.00632012552426;443.895402322;494.456406517;1.93532904348;0.825578028255;1.48359740315;258.323048586;6.42461683305;2.01849753010e-05;0.0287182896235;supercritical
355.050000000;8.00000000000;158.168843205;0.00632235767638;443.951710917;494.530572328;1.93553794655;0.825530180476;1.48303523493;258.364110735;6.42248105939;2.01860960281e-05;0.0287174586108;supercritical
355.100000000;8.00000000000;158.113044156;0.00632458887460;444.007999063;494.604710059;1.93574674112;0.825482458792;1.48247422804;258.405150709;6.42034606660;2.01872184704e-05;0.0287166358799;supercritical
355.150000000;8.00000000000;158.057308252;0.00632681912061;444.064266805;494.678819770;1.93595542739;0.825434862896;1.48191437903;258.446168545;6.41821185520;2.01883426231e-05;0.0287158214084;supercritical
355.200000000;8.00000000000;158.001635358;0.00632904841608;444.120514188;494.752901517;1.93616400555;0.825387392478;1.48135568445;258.487164278;6.41607842572;2.01894684818e-05;0.0287150151739;supercritical
355.250000000;8.00000000000;157.946025341;0.00633127676268;444.176741256;494.826955357;1.93637247579;0.825340047233;1.48079814089;258.528137945;6.41394577866;2.01905960419e-05;0.0287142171543;supercritical
355.300000000;8.00000000000;157.890478068;0.00633350416209;444.232948053;494.900981350;1.93658083830;0.825292826855;1.48024174494;258.569089580;6.41181391455;2.01917252989e-05;0.0287134273274;supercritical
355.350000000;8.00000000000;157.834993407;0.00633573061597;444.289134623;494.974979551;1.93678909329;0.825245731040;1.47968649319;258.610019220;6.40968283389;2.01928562482e-05;0.0287126456710;supercritical
355.400000000;8.00000000000;157.779571225;0.00633795612598;444.345301010;495.048950018;1.93699724093;0.825198759484;1.47913238227;258.650926900;6.40755253718;2.01939888854e-05;0.0287118721633;supercritical
355.450000000;8.00000000000;157.724211390;0.00634018069378;444.401447258;495.122892808;1.93720528141;0.825151911885;1.47857940880;258.691812656;6.40542302492;2.01951232060e-05;0.0287111067823;supercritical
355.500000000;8.00000000000;157.668913772;0.00634240432102;444.457573410;495.196807978;1.93741321494;0.825105187943;1.47802756943;258.732676523;6.40329429759;2.01962592056e-05;0.0287103495061;supercritical
355.550000000;8.00000000000;157.613678240;0.00634462700933;444.513679509;495.270695584;1.93762104169;0.825058587356;1.47747686083;258.773518535;6.40116635570;2.01973968796e-05;0.0287096003131;supercritical
355.600000000;8.00000000000;157.558504662;0.00634684876037;444.569765600;495.344555683;1.93782876186;0.825012109827;1.47692727965;258.814338729;6.39903919971;2.01985362237e-05;0.0287088591816;supercritical
355.650000000;8.00000000000;157.503392909;0.00634906957577;444.625831724;495.418388331;1.93803637564;0.824965755057;1.47637882259;258.855137140;6.39691283012;2.01996772335e-05;0.0287081260899;supercritical
355.700000000;8.00000000000;157.448342851;0.00635128945716;444.681877926;495.492193584;1.93824388320;0.824919522749;1.47583148634;258.895913801;6.39478724738;2.02008199044e-05;0.0287074010166;supercritical
355.750000000;8.00000000000;157.393354360;0.00635350840618;444.737904248;495.565971498;1.93845128475;0.824873412609;1.47528526762;258.936668749;6.39266245197;2.02019642322e-05;0.0287066839403;supercritical
355.800000000;8.00000000000;157.338427305;0.00635572642443;444.793910734;495.639722129;1.93865858046;0.824827424342;1.47474016315;258.977402017;6.39053844436;2.02031102125e-05;0.0287059748395;supercritical
355.850000000;8.00000000000;157.283561559;0.00635794351355;444.849897424;495.713445533;1.93886577052;0.824781557654;1.47419616966;259.018113641;6.38841522500;2.02042578409e-05;0.0287052736931;supercritical
355.900000000;8.00000000000;157.228756993;0.00636015967515;444.905864363;495.787141764;1.93907285512;0.824735812252;1.47365328392;259.058803654;6.38629279434;2.02054071131e-05;0.0287045804797;supercritical
355.950000000;8.00000000000;157.174013480;0.00636237491084;444.961811593;495.860810880;1.93927983444;0.824690187845;1.47311150267;259.099472093;6.38417115284;2.02065580247e-05;0.0287038951783;supercritical
356.000000000;8.00000000000;157.119330893;0.00636458922221;445.017739155;495.934452933;1.93948670867;0.824644684144;1.47257082271;259.140118990;6.38205030094;2.02077105714e-05;0.0287032177679;supercritical
356.050000000;8.00000000000;157.064709104;0.00636680261089;445.073647093;496.008067980;1.93969347800;0.824599300858;1.47203124082;259.180744380;6.37993023908;2.02088647490e-05;0.0287025482275;supercritical
356.100000000;8.00000000000;157.010147987;0.00636901507845;445.129535448;496.081656075;1.93990014259;0.824554037699;1.47149275380;259.221348298;6.37781096770;2.02100205532e-05;0.0287018865362;supercritical
356.150000000;8.00000000000;156.955647417;0.00637122662650;445.185404262;496.155217274;1.94010670264;0.824508894381;1.47095535846;259.261930777;6.37569248723;2.02111779796e-05;0.0287012326732;supercritical
356.200000000;8.00000000000;156.901207266;0.00637343725662;445.241253576;496.228751629;1.94031315834;0.824463870616;1.47041905165;259.302491852;6.37357479809;2.02123370240e-05;0.0287005866177;supercritical
356.250000000;8.00000000000;156.846827411;0.00637564697039;445.297083434;496.302259197;1.94051950985;0.824418966120;1.46988383019;259.343031556;6.37145790072;2.02134976823e-05;0.0286999483491;supercritical
356.300000000;8.00000000000;156.792507726;0.00637785576940;445.352893875;496.375740030;1.94072575737;0.824374180610;1.46934969093;259.383549923;6.36934179552;2.02146599501e-05;0.0286993178468;supercritical
356.350000000;8.00000000000;156.738248087;0.00638006365522;445.408684942;496.449194184;1.94093190107;0.824329513800;1.46881663076;259.424046987;6.36722648291;2.02158238233e-05;0.0286986950903;supercritical
356.400000000;8.00000000000;156.684048368;0.00638227062942;445.464456676;496.522621711;1.94113794113;0.824284965410;1.46828464653;259.464522782;6.36511196331;2.02169892976e-05;0.0286980800592;supercritical
356.450000000;8.00000000000;156.629908448;0.00638447669356;445.520209118;496.596022667;1.94134387774;0.824240535159;1.46775373515;259.504977340;6.36299823711;2.02181563689e-05;0.0286974727330;supercritical
356.500000000;8.00000000000;156.575828201;0.00638668184921;445.575942309;496.669397103;1.94154971107;0.824196222765;1.46722389352;259.545410696;6.36088530473;2.02193250330e-05;0.0286968730915;supercritical
356.550000000;8.00000000000;156.521807506;0.00638888609794;445.631656290;496.742745074;1.94175544130;0.824152027951;1.46669511854;259.585822884;6.35877316654;2.02204952858e-05;0.0286962811145;supercritical
356.600000000;8.00000000000;156.467846239;0.00639108944128;445.687351102;496.816066632;1.94196106861;0.824107950437;1.46616740716;259.626213935;6.35666182295;2.02216671231e-05;0.0286956967818;supercritical
356.650000000;8.00000000000;156.413944279;0.00639329188079;445.743026786;496.889361832;1.94216659319;0.824063989948;1.46564075630;259.666583883;6.35455127435;2.02228405408e-05;0.0286951200734;supercritical
356.700000000;8.00000000000;156.360101502;0.00639549341802;445.798683381;496.962630726;1.94237201519;0.824020146206;1.46511516292;259.706932762;6.35244152112;2.02240155347e-05;0.0286945509693;supercritical
356.750000000;8.00000000000;156.306317789;0.00639769405451;445.854320930;497.035873366;1.94257733481;0.823976418937;1.46459062398;259.747260605;6.35033256363;2.02251921009e-05;0.0286939894494;supercritical
356.800000000;8.00000000000;156.252593017;0.00639989379179;445.909939471;497.109089806;1.94278255222;0.823932807866;1.46406713647;259.787567443;6.34822440227;2.02263702351e-05;0.0286934354941;supercritical
356.850000000;8.00000000000;156.198927066;0.00640209263140;445.965539046;497.182280097;1.94298766759;0.823889312720;1.46354469735;259.827853311;6.34611703741;2.02275499334e-05;0.0286928890834;supercritical
356.900000000;8.00000000000;156.145319815;0.00640429057486;446.021119694;497.255444293;1.94319268110;0.823845933227;1.46302330364;259.868118241;6.34401046941;2.02287311917e-05;0.0286923501977;supercritical
356.950000000;8.00000000000;156.091771145;0.00640648762370;446.076681455;497.328582445;1.94339759292;0.823802669115;1.46250295234;259.908362266;6.34190469863;2.02299140059e-05;0.0286918188173;supercritical
357.000000000;8.00000000000;156.038280935;0.00640868377945;446.132224370;497.401694605;1.94360240323;0.823759520114;1.46198364047;259.948585417;6.33979972545;2.02310983719e-05;0.0286912949227;supercritical
357.050000000;8.00000000000;155.984849066;0.00641087904361;446.187748477;497.474780826;1.94380711220;0.823716485955;1.46146536508;259.988787728;6.33769555020;2.02322842859e-05;0.0286907784943;supercritical
357.100000000;8.00000000000;155.931475420;0.00641307341770;446.243253817;497.547841159;1.94401172001;0.823673566369;1.46094812320;260.028969232;6.33559217324;2.02334717438e-05;0.0286902695128;supercritical
357.150000000;8.00000000000;155.878159878;0.00641526690323;446.298740430;497.620875656;1.94421622683;0.823630761089;1.46043191190;260.069129959;6.33348959492;2.02346607415e-05;0.0286897679586;supercritical
357.200000000;8.00000000000;155.824902321;0.00641745950170;446.354208354;497.693884367;1.94442063283;0.823588069847;1.45991672823;260.109269944;6.33138781559;2.02358512752e-05;0.0286892738127;supercritical
357.250000000;8.00000000000;155.771702631;0.00641965121461;446.409657629;497.766867345;1.94462493818;0.823545492379;1.45940256929;260.149389216;6.32928683557;2.02370433408e-05;0.0286887870557;supercritical
357.300000000;8.00000000000;155.718560692;0.00642184204347;446.465088294;497.839824641;1.94482914305;0.823503028420;1.45888943216;260.189487810;6.32718665522;2.02382369344e-05;0.0286883076684;supercritical
357.350000000;8.00000000000;155.665476385;0.00642403198975;446.520500388;497.912756306;1.94503324762;0.823460677705;1.45837731394;260.229565756;6.32508727485;2.02394320521e-05;0.0286878356318;supercritical
357.400000000;8.00000000000;155.612449595;0.00642622105495;446.575893950;497.985662390;1.94523725205;0.823418439972;1.45786621175;260.269623087;6.32298869479;2.02406286900e-05;0.0286873709268;supercritical
357.450000000;8.00000000000;155.559480204;0.00642840924056;446.631269019;498.058542944;1.94544115652;0.823376314959;1.45735612272;260.309659835;6.32089091537;2.02418268441e-05;0.0286869135346;supercritical
357.500000000;8.00000000000;155.506568096;0.00643059654805;446.686625634;498.131398019;1.94564496119;0.823334302404;1.45684704397;260.349676030;6.31879393692;2.02430265105e-05;0.0286864634361;supercritical
357.550000000;8.00000000000;155.453713156;0.00643278297890;446.741963834;498.204227665;1.94584866624;0.823292402048;1.45633897266;260.389671706;6.31669775973;2.02442276854e-05;0.0286860206127;supercritical
357.600000000;8.00000000000;155.400915269;0.00643496853459;446.797283656;498.277031933;1.94605227183;0.823250613631;1.45583190595;260.429646892;6.31460238414;2.02454303649e-05;0.0286855850454;supercritical
357.650000000;8.00000000000;155.348174318;0.00643715321657;446.852585140;498.349810872;1.94625577812;0.823208936895;1.45532584099;260.469601622;6.31250781043;2.02466345451e-05;0.0286851567157;supercritical
357.700000000;8.00000000000;155.295490190;0.00643933702633;446.907868323;498.422564533;1.94645918530;0.823167371582;1.45482077499;260.509535925;6.31041403893;2.02478402222e-05;0.0286847356049;supercritical
357.750000000;8.00000000000;155.242862769;0.00644151996530;446.963133244;498.495292966;1.94666249352;0.823125917436;1.45431670511;260.549449834;6.30832106992;2.02490473924e-05;0.0286843216945;supercritical
357.800000000;8.00000000000;155.190291943;0.00644370203497;447.018379941;498.567996221;1.94686570295;0.823084574201;1.45381362858;260.589343380;6.30622890372;2.02502560518e-05;0.0286839149659;supercritical
357.850000000;8.00000000000;155.137777597;0.00644588323677;447.073608452;498.640674346;1.94706881376;0.823043341622;1.45331154259;260.629216594;6.30413754060;2.02514661966e-05;0.0286835154008;supercritical
357.900000000;8.00000000000;155.085319617;0.00644806357215;447.128818814;498.713327391;1.94727182612;0.823002219446;1.45281044437;260.669069506;6.30204698086;2.02526778231e-05;0.0286831229808;supercritical
357.950000000;8.00000000000;155.032917892;0.00645024304257;447.184011066;498.785955407;1.94747474018;0.822961207418;1.45231033116;260.708902148;6.29995722479;2.02538909274e-05;0.0286827376875;supercritical
358.000000000;8.00000000000;154.980572307;0.00645242164946;447.239185245;498.858558441;1.94767755611;0.822920305286;1.45181120020;260.748714551;6.29786827267;2.02551055058e-05;0.0286823595027;supercritical
358.050000000;8.00000000000;154.928282751;0.00645459939426;447.294341389;498.931136543;1.94788027409;0.822879512801;1.45131304874;260.788506746;6.29578012478;2.02563215546e-05;0.0286819884084;supercritical
358.100000000;8.00000000000;154.876049112;0.00645677627841;447.349479535;499.003689762;1.94808289426;0.822838829709;1.45081587406;260.828278763;6.29369278138;2.02575390699e-05;0.0286816243863;supercritical
358.150000000;8.00000000000;154.823871278;0.00645895230333;447.404599720;499.076218147;1.94828541681;0.822798255763;1.45031967342;260.868030633;6.29160624277;2.02587580480e-05;0.0286812674184;supercritical
358.200000000;8.00000000000;154.771749137;0.00646112747045;447.459701982;499.148721745;1.94848784188;0.822757790714;1.44982444411;260.907762387;6.28952050919;2.02599784853e-05;0.0286809174867;supercritical
358.250000000;8.00000000000;154.719682579;0.00646330178120;447.514786357;499.221200607;1.94869016964;0.822717434312;1.44933018343;260.947474055;6.28743558092;2.02612003780e-05;0.0286805745734;supercritical
358.300000000;8.00000000000;154.667671493;0.00646547523700;447.569852884;499.293654780;1.94889240025;0.822677186312;1.44883688869;260.987165667;6.28535145822;2.02624237225e-05;0.0286802386605;supercritical
358.350000000;8.00000000000;154.615715768;0.00646764783925;447.624901598;499.366084312;1.94909453388;0.822637046467;1.44834455719;261.026837254;6.28326814134;2.02636485150e-05;0.0286799097303;supercritical
358.400000000;8.00000000000;154.563815294;0.00646981958937;447.679932537;499.438489252;1.94929657068;0.822597014531;1.44785318628;261.066488846;6.28118563055;2.02648747518e-05;0.0286795877651;supercritical
358.450000000;8.00000000000;154.511969963;0.00647199048877;447.734945736;499.510869647;1.94949851083;0.822557090259;1.44736277329;261.106120473;6.27910392608;2.02661024294e-05;0.0286792727471;supercritical
358.500000000;8.00000000000;154.460179663;0.00647416053886;447.789941234;499.583225545;1.94970035446;0.822517273409;1.44687331556;261.145732166;6.27702302819;2.02673315441e-05;0.0286789646588;supercritical
358.550000000;8.00000000000;154.408444287;0.00647632974103;447.844919066;499.655556994;1.94990210176;0.822477563736;1.44638481045;261.185323955;6.27494293712;2.02685620921e-05;0.0286786634827;supercritical
358.600000000;8.00000000000;154.356763725;0.00647849809668;447.899879268;499.727864042;1.95010375288;0.822437960999;1.44589725533;261.224895868;6.27286365312;2.02697940700e-05;0.0286783692011;supercritical
358.650000000;8.00000000000;154.305137869;0.00648066560720;447.954821878;499.800146735;1.95030530797;0.822398464957;1.44541064758;261.264447937;6.27078517641;2.02710274741e-05;0.0286780817968;supercritical
358.700000000;8.00000000000;154.253566610;0.00648283227399;448.009746930;499.872405122;1.95050676719;0.822359075368;1.44492498458;261.303980191;6.26870750723;2.02722623008e-05;0.0286778012523;supercritical
358.750000000;8.00000000000;154.202049842;0.00648499809843;448.064654462;499.944639250;1.95070813071;0.822319791993;1.44444026373;261.343492660;6.26663064582;2.02734985464e-05;0.0286775275503;supercritical
358.800000000;8.00000000000;154.150587456;0.00648716308190;448.119544509;500.016849164;1.95090939867;0.822280614593;1.44395648244;261.382985374;6.26455459239;2.02747362075e-05;0.0286772606736;supercritical
358.850000000;8.00000000000;154.099179346;0.00648932722578;448.174417107;500.089034913;1.95111057125;0.822241542931;1.44347363813;261.422458361;6.26247934718;2.02759752805e-05;0.0286770006051;supercritical
358.900000000;8.00000000000;154.047825404;0.00649149053145;448.229272292;500.161196544;1.95131164859;0.822202576768;1.44299172822;261.461911652;6.26040491041;2.02772157618e-05;0.0286767473275;supercritical
358.950000000;8.00000000000;153.996525524;0.00649365300028;448.284110100;500.233334102;1.95151263085;0.822163715867;1.44251075014;261.501345276;6.25833128228;2.02784576479e-05;0.0286765008238;supercritical
359.000000000;8.00000000000;153.945279599;0.00649581463363;448.338930565;500.305447634;1.95171351819;0.822124959995;1.44203070135;261.540759262;6.25625846302;2.02797009351e-05;0.0286762610771;supercritical
359.050000000;8.00000000000;153.894087525;0.00649797543288;448.393733724;500.377537187;1.95191431077;0.822086308914;1.44155157930;261.580153640;6.25418645283;2.02809456202e-05;0.0286760280703;supercritical
359.100000000;8.00000000000;153.842949194;0.00650013539938;448.448519612;500.449602807;1.95211500873;0.822047762391;1.44107338145;261.619528439;6.25211525193;2.02821916994e-05;0.0286758017865;supercritical
359.150000000;8.00000000000;153.791864502;0.00650229453449;448.503288265;500.521644541;1.95231561223;0.822009320193;1.44059610527;261.658883687;6.25004486051;2.02834391693e-05;0.0286755822090;supercritical
359.200000000;8.00000000000;153.740833344;0.00650445283957;448.558039717;500.593662433;1.95251612144;0.821970982087;1.44011974826;261.698219415;6.24797527878;2.02846880265e-05;0.0286753693209;supercritical
359.250000000;8.00000000000;153.689855614;0.00650661031596;448.612774003;500.665656531;1.95271653649;0.821932747841;1.43964430790;261.737535650;6.24590650694;2.02859382674e-05;0.0286751631056;supercritical
359.300000000;8.00000000000;153.638931210;0.00650876696502;448.667491159;500.737626879;1.95291685755;0.821894617224;1.43916978170;261.776832423;6.24383854518;2.02871898886e-05;0.0286749635463;supercritical
359.350000000;8.00000000000;153.588060026;0.00651092278808;448.722191220;500.809573524;1.95311708477;0.821856590006;1.43869616717;261.816109761;6.24177139370;2.02884428867e-05;0.0286747706266;supercritical
359.400000000;8.00000000000;153.537241959;0.00651307778650;448.776874219;500.881496511;1.95331721830;0.821818665956;1.43822346182;261.855367694;6.23970505267;2.02896972581e-05;0.0286745843297;supercritical
359.450000000;8.00000000000;153.486476904;0.00651523196159;448.831540193;500.953395886;1.95351725829;0.821780844847;1.43775166319;261.894606249;6.23763952229;2.02909529996e-05;0.0286744046392;supercritical
359.500000000;8.00000000000;153.435764760;0.00651738531471;448.886189175;501.025271693;1.95371720490;0.821743126449;1.43728076883;261.933825457;6.23557480274;2.02922101076e-05;0.0286742315388;supercritical
359.550000000;8.00000000000;153.385105423;0.00651953784717;448.940821200;501.097123977;1.95391705828;0.821705510536;1.43681077626;261.973025345;6.23351089420;2.02934685787e-05;0.0286740650119;supercritical
359.600000000;8.00000000000;153.334498791;0.00652168956031;448.995436303;501.168952785;1.95411681857;0.821667996881;1.43634168307;262.012205942;6.23144779685;2.02947284096e-05;0.0286739050424;supercritical
359.650000000;8.00000000000;153.283944761;0.00652384045545;449.050034517;501.240758161;1.95431648594;0.821630585259;1.43587348680;262.051367276;6.22938551085;2.02959895968e-05;0.0286737516138;supercritical
359.700000000;8.00000000000;153.233443231;0.00652599053390;449.104615878;501.312540149;1.95451606052;0.821593275443;1.43540618504;262.090509376;6.22732403639;2.02972521371e-05;0.0286736047101;supercritical
359.750000000;8.00000000000;153.182994099;0.00652813979699;449.159180418;501.384298794;1.95471554248;0.821556067210;1.43493977537;262.129632269;6.22526337362;2.02985160269e-05;0.0286734643150;supercritical
359.800000000;8.00000000000;153.132597264;0.00653028824604;449.213728173;501.456034141;1.95491493195;0.821518960336;1.43447425539;262.168735985;6.22320352271;2.02997812630e-05;0.0286733304125;supercritical
359.850000000;8.00000000000;153.082252626;0.00653243588234;449.268259176;501.527746234;1.95511422909;0.821481954599;1.43400962269;262.207820551;6.22114448383;2.03010478421e-05;0.0286732029865;supercritical
359.900000000;8.00000000000;153.031960082;0.00653458270720;449.322773461;501.599435118;1.95531343405;0.821445049775;1.43354587489;262.246885995;6.21908625713;2.03023157608e-05;0.0286730820209;supercritical
359.950000000;8.00000000000;152.981719533;0.00653672872193;449.377271061;501.671100837;1.95551254697;0.821408245643;1.43308300960;262.285932345;6.21702884276;2.03035850157e-05;0.0286729675000;supercritical
360.000000000;8.00000000000;152.931530878;0.00653887392784;449.431752011;501.742743434;1.95571156801;0.821371541983;1.43262102446;262.324959629;6.21497224089;2.03048556036e-05;0.0286728594077;supercritical
360.050000000;8.00000000000;152.881394017;0.00654101832621;449.486216344;501.814362954;1.95591049730;0.821334938575;1.43215991711;262.363967876;6.21291645165;2.03061275211e-05;0.0286727577282;supercritical
360.100000000;8.00000000000;152.831308851;0.00654316191834;449.540664093;501.885959440;1.95610933501;0.821298435198;1.43169968518;262.402957112;6.21086147520;2.03074007651e-05;0.0286726624459;supercritical
360.150000000;8.00000000000;152.781275279;0.00654530470551;449.595095293;501.957532937;1.95630808127;0.821262031636;1.43124032634;262.441927366;6.20880731168;2.03086753321e-05;0.0286725735449;supercritical
360.200000000;8.00000000000;152.731293204;0.00654744668903;449.649509975;502.029083487;1.95650673623;0.821225727669;1.43078183824;262.480878664;6.20675396124;2.03099512190e-05;0.0286724910095;supercritical
360.250000000;8.00000000000;152.681362526;0.00654958787016;449.703908174;502.100611135;1.95670530004;0.821189523080;1.43032421857;262.519811036;6.20470142401;2.03112284224e-05;0.0286724148242;supercritical
360.300000000;8.00000000000;152.631483146;0.00655172825020;449.758289922;502.172115924;1.95690377284;0.821153417654;1.42986746499;262.558724507;6.20264970012;2.03125069391e-05;0.0286723449734;supercritical
360.350000000;8.00000000000;152.581654967;0.00655386783042;449.812655253;502.243597896;1.95710215478;0.821117411173;1.42941157520;262.597619107;6.20059878972;2.03137867659e-05;0.0286722814415;supercritical
360.400000000;8.00000000000;152.531877890;0.00655600661208;449.867004199;502.315057095;1.95730044601;0.821081503424;1.42895654689;262.636494861;6.19854869292;2.03150678996e-05;0.0286722242131;supercritical
360.450000000;8.00000000000;152.482151817;0.00655814459647;449.921336793;502.386493565;1.95749864666;0.821045694190;1.42850237777;262.675351797;6.19649940986;2.03163503369e-05;0.0286721732728;supercritical
360.500000000;8.00000000000;152.432476652;0.00656028178486;449.975653069;502.457907348;1.95769675688;0.821009983260;1.42804906555;262.714189944;6.19445094067;2.03176340746e-05;0.0286721286053;supercritical
360.550000000;8.00000000000;152.382852296;0.00656241817849;450.029953058;502.529298486;1.95789477682;0.820974370419;1.42759660796;262.753009326;6.19240328546;2.03189191096e-05;0.0286720901952;supercritical
360.600000000;8.00000000000;152.333278654;0.00656455377865;450.084236793;502.600667023;1.95809270662;0.820938855456;1.42714500273;262.791809973;6.19035644435;2.03202054386e-05;0.0286720580272;supercritical
360.650000000;8.00000000000;152.283755627;0.00656668858658;450.138504308;502.672013000;1.95829054642;0.820903438158;1.42669424759;262.830591911;6.18831041747;2.03214930585e-05;0.0286720320862;supercritical
360.700000000;8.00000000000;152.234283121;0.00656882260354;450.192755633;502.743336461;1.95848829637;0.820868118314;1.42624434029;262.869355166;6.18626520492;2.03227819660e-05;0.0286720123570;supercritical
360.750000000;8.00000000000;152.184861039;0.00657095583078;450.246990802;502.814637448;1.95868595660;0.820832895714;1.42579527859;262.908099767;6.18422080681;2.03240721581e-05;0.0286719988245;supercritical
360.800000000;8.00000000000;152.135489285;0.00657308826956;450.301209847;502.885916003;1.95888352726;0.820797770149;1.42534706025;262.946825738;6.18217722326;2.03253636316e-05;0.0286719914736;supercritical
360.850000000;8.00000000000;152.086167763;0.00657521992111;450.355412800;502.957172168;1.95908100849;0.820762741409;1.42489968303;262.985533109;6.18013445437;2.03266563834e-05;0.0286719902894;supercritical
360.900000000;8.00000000000;152.036896379;0.00657735078668;450.409599692;503.028405986;1.95927840044;0.820727809287;1.42445314473;263.024221904;6.17809250025;2.03279504102e-05;0.0286719952568;supercritical
360.950000000;8.00000000000;151.987675037;0.00657948086751;450.463770557;503.099617497;1.95947570323;0.820692973573;1.42400744312;263.062892151;6.17605136099;2.03292457091e-05;0.0286720063611;supercritical
361.000000000;8.00000000000;151.938503642;0.00658161016484;450.517925425;503.170806744;1.95967291702;0.820658234061;1.42356257600;263.101543876;6.17401103669;2.03305422769e-05;0.0286720235872;supercritical
361.050000000;8.00000000000;151.889382100;0.00658373867989;450.572064329;503.241973768;1.95987004194;0.820623590545;1.42311854118;263.140177107;6.17197152745;2.03318401105e-05;0.0286720469205;supercritical
361.100000000;8.00000000000;151.840310318;0.00658586641391;450.626187301;503.313118612;1.96006707814;0.820589042819;1.42267533646;263.178791868;6.16993283336;2.03331392068e-05;0.0286720763461;supercritical
361.150000000;8.00000000000;151.791288200;0.00658799336811;450.680294371;503.384241316;1.96026402574;0.820554590678;1.42223295967;263.217388187;6.16789495452;2.03344395627e-05;0.0286721118493;supercritical
361.200000000;8.00000000000;151.742315654;0.00659011954373;450.734385572;503.455341922;1.96046088490;0.820520233917;1.42179140862;263.255966091;6.16585789101;2.03357411752e-05;0.0286721534156;supercritical
361.250000000;8.00000000000;151.693392585;0.00659224494197;450.788460935;503.526420470;1.96065765575;0.820485972333;1.42135068117;263.294525604;6.16382164291;2.03370440412e-05;0.0286722010302;supercritical
361.300000000;8.00000000000;151.644518901;0.00659436956407;450.842520491;503.597477003;1.96085433842;0.820451805722;1.42091077513;263.333066754;6.16178621031;2.03383481576e-05;0.0286722546786;supercritical
361.350000000;8.00000000000;151.595694509;0.00659649341124;450.896564272;503.668511561;1.96105093306;0.820417733882;1.42047168838;263.371589567;6.15975159330;2.03396535215e-05;0.0286723143463;supercritical
361.400000000;8.00000000000;151.546919316;0.00659861648468;450.950592308;503.739524186;1.96124743981;0.820383756610;1.42003341876;263.410094069;6.15771779194;2.03409601297e-05;0.0286723800189;supercritical
361.450000000;8.00000000000;151.498193230;0.00660073878561;451.004604632;503.810514917;1.96144385879;0.820349873707;1.41959596414;263.448580285;6.15568480631;2.03422679793e-05;0.0286724516818;supercritical
361.500000000;8.00000000000;151.449516158;0.00660286031524;451.058601274;503.881483796;1.96164019015;0.820316084969;1.41915932239;263.487048242;6.15365263649;2.03435770672e-05;0.0286725293208;supercritical
361.550000000;8.00000000000;151.400888009;0.00660498107476;451.112582265;503.952430863;1.96183643403;0.820282390199;1.41872349139;263.525497965;6.15162128255;2.03448873905e-05;0.0286726129215;supercritical
361.600000000;8.00000000000;151.352308691;0.00660710106538;451.166547635;504.023356158;1.96203259056;0.820248789196;1.41828846903;263.563929481;6.14959074455;2.03461989461e-05;0.0286727024696;supercritical
361.650000000;8.00000000000;151.303778113;0.00660922028830;451.220497417;504.094259723;1.96222865987;0.820215281762;1.41785425321;263.602342815;6.14756102257;2.03475117310e-05;0.0286727979509;supercritical
361.700000000;8.00000000000;151.255296184;0.00661133874470;451.274431639;504.165141597;1.96242464210;0.820181867698;1.41742084182;263.640737993;6.14553211666;2.03488257424e-05;0.0286728993512;supercritical
361.750000000;8.00000000000;151.206862812;0.00661345643579;451.328350334;504.236001821;1.96262053739;0.820148546807;1.41698823279;263.679115040;6.14350402689;2.03501409771e-05;0.0286730066564;supercritical
361.800000000;8.00000000000;151.158477908;0.00661557336275;451.382253532;504.306840434;1.96281634587;0.820115318891;1.41655642402;263.717473983;6.14147675331;2.03514574323e-05;0.0286731198524;supercritical
361.850000000;8.00000000000;151.110141380;0.00661768952676;451.436141262;504.377657476;1.96301206768;0.820082183756;1.41612541344;263.755814846;6.13945029599;2.03527751051e-05;0.0286732389252;supercritical
361.900000000;8.00000000000;151.061853140;0.00661980492902;451.490013556;504.448452988;1.96320770295;0.820049141203;1.41569519899;263.794137655;6.13742465497;2.03540939924e-05;0.0286733638606;supercritical
361.950000000;8.00000000000;151.013613096;0.00662191957069;451.543870444;504.519227009;1.96340325181;0.820016191040;1.41526577859;263.832442436;6.13539983031;2.03554140913e-05;0.0286734946449;supercritical
362.000000000;8.00000000000;150.965421159;0.00662403345296;451.597711956;504.589979579;1.96359871440;0.819983333070;1.41483715021;263.870729213;6.13337582206;2.03567353989e-05;0.0286736312640;supercritical
362.050000000;8.00000000000;150.917277241;0.00662614657700;451.651538122;504.660710738;1.96379409084;0.819950567101;1.41440931179;263.908998013;6.13135263026;2.03580579124e-05;0.0286737737041;supercritical
362.100000000;8.00000000000;150.869181251;0.00662825894398;451.705348972;504.731420524;1.96398938129;0.819917892938;1.41398226130;263.947248860;6.12933025497;2.03593816288e-05;0.0286739219514;supercritical
362.150000000;8.00000000000;150.821133102;0.00663037055507;451.759144536;504.802108977;1.96418458585;0.819885310389;1.41355599670;263.985481779;6.12730869621;2.03607065451e-05;0.0286740759921;supercritical
362.200000000;8.00000000000;150.773132703;0.00663248141144;451.812924845;504.872776136;1.96437970468;0.819852819262;1.41313051597;264.023696796;6.12528795404;2.03620326586e-05;0.0286742358125;supercritical
362.250000000;8.00000000000;150.725179968;0.00663459151425;451.866689927;504.943422041;1.96457473789;0.819820419366;1.41270581710;264.061893936;6.12326802849;2.03633599663e-05;0.0286744013989;supercritical
362.300000000;8.00000000000;150.677274808;0.00663670086466;451.920439814;505.014046731;1.96476968562;0.819788110508;1.41228189806;264.100073224;6.12124891959;2.03646884654e-05;0.0286745727377;supercritical
362.350000000;8.00000000000;150.629417134;0.00663880946382;451.974174534;505.084650244;1.96496454801;0.819755892499;1.41185875687;264.138234684;6.11923062739;2.03660181530e-05;0.0286747498152;supercritical
362.400000000;8.00000000000;150.581606860;0.00664091731290;452.027894117;505.155232620;1.96515932517;0.819723765149;1.41143639151;264.176378341;6.11721315191;2.03673490263e-05;0.0286749326180;supercritical
362.450000000;8.00000000000;150.533843898;0.00664302441304;452.081598592;505.225793896;1.96535401725;0.819691728269;1.41101480001;264.214504221;6.11519649318;2.03686810824e-05;0.0286751211324;supercritical
362.500000000;8.00000000000;150.486128160;0.00664513076539;452.135287989;505.296334113;1.96554862437;0.819659781670;1.41059398039;264.252612347;6.11318065123;2.03700143185e-05;0.0286753153451;supercritical
362.550000000;8.00000000000;150.438459560;0.00664723637110;452.188962338;505.366853307;1.96574314667;0.819627925163;1.41017393065;264.290702746;6.11116562608;2.03713487317e-05;0.0286755152426;supercritical
362.600000000;8.00000000000;150.390838011;0.00664934123131;452.242621668;505.437351518;1.96593758427;0.819596158562;1.40975464885;264.328775440;6.10915141776;2.03726843193e-05;0.0286757208116;supercritical
362.650000000;8.00000000000;150.343263427;0.00665144534717;452.296266007;505.507828785;1.96613193729;0.819564481680;1.40933613301;264.366830456;6.10713802629;2.03740210784e-05;0.0286759320386;supercritical
362.700000000;8.00000000000;150.295735721;0.00665354871980;452.349895386;505.578285144;1.96632620588;0.819532894329;1.40891838119;264.404867817;6.10512545168;2.03753590063e-05;0.0286761489105;supercritical
362.750000000;8.00000000000;150.248254808;0.00665565135035;452.403509833;505.648720636;1.96652039016;0.819501396324;1.40850139143;264.442887548;6.10311369396;2.03766981001e-05;0.0286763714139;supercritical
362.800000000;8.00000000000;150.200820601;0.00665775323995;452.457109377;505.719135296;1.96671449025;0.819469987480;1.40808516179;264.480889674;6.10110275313;2.03780383571e-05;0.0286765995357;supercritical
362.850000000;8.00000000000;150.153433015;0.00665985438973;452.510694047;505.789529164;1.96690850629;0.819438667612;1.40766969034;264.518874218;6.09909262921;2.03793797745e-05;0.0286768332627;supercritical
362.900000000;8.00000000000;150.106091965;0.00666195480082;452.564263871;505.859902278;1.96710243839;0.819407436537;1.40725497515;264.556841205;6.09708332221;2.03807223495e-05;0.0286770725818;supercritical
362.950000000;8.00000000000;150.058797366;0.00666405447433;452.617818880;505.930254675;1.96729628670;0.819376294069;1.40684101430;264.594790659;6.09507483214;2.03820660793e-05;0.0286773174798;supercritical
363.000000000;8.00000000000;150.011549133;0.00666615341139;452.671359101;506.000586392;1.96749005134;0.819345240026;1.40642780587;264.632722604;6.09306715900;2.03834109613e-05;0.0286775679438;supercritical
363.050000000;8.00000000000;149.964347181;0.00666825161313;452.724884563;506.070897468;1.96768373242;0.819314274226;1.40601534797;264.670637066;6.09106030279;2.03847569927e-05;0.0286778239608;supercritical
363.100000000;8.00000000000;149.917191426;0.00667034908065;452.778395294;506.141187939;1.96787733009;0.819283396487;1.40560363867;264.708534066;6.08905426353;2.03861041707e-05;0.0286780855177;supercritical
363.150000000;8.00000000000;149.870081783;0.00667244581507;452.831891323;506.211457844;1.96807084445;0.819252606627;1.40519267610;264.746413631;6.08704904120;2.03874524926e-05;0.0286783526018;supercritical
363.200000000;8.00000000000;149.823018170;0.00667454181750;452.885372679;506.281707219;1.96826427565;0.819221904466;1.40478245837;264.784275783;6.08504463581;2.03888019558e-05;0.0286786252001;supercritical
363.250000000;8.00000000000;149.776000502;0.00667663708906;452.938839390;506.351936102;1.96845762381;0.819191289822;1.40437298358;264.822120546;6.08304104736;2.03901525574e-05;0.0286789032998;supercritical
363.300000000;8.00000000000;149.729028695;0.00667873163084;452.992291483;506.422144530;1.96865088904;0.819160762517;1.40396424987;264.859947945;6.08103827583;2.03915042949e-05;0.0286791868880;supercritical
363.350000000;8.00000000000;149.682102667;0.00668082544394;453.045728988;506.492332539;1.96884407148;0.819130322370;1.40355625537;264.897758003;6.07903632122;2.03928571654e-05;0.0286794759521;supercritical
363.400000000;8.00000000000;149.635222334;0.00668291852948;453.099151932;506.562500168;1.96903717125;0.819099969204;1.40314899822;264.935550744;6.07703518351;2.03942111664e-05;0.0286797704794;supercritical
363.450000000;8.00000000000;149.588387614;0.00668501088855;453.152560343;506.632647452;1.96923018847;0.819069702840;1.40274247656;264.973326191;6.07503486270;2.03955662951e-05;0.0286800704571;supercritical
363.500000000;8.00000000000;149.541598424;0.00668710252224;453.205954250;506.702774428;1.96942312327;0.819039523099;1.40233668853;265.011084369;6.07303535878;2.03969225489e-05;0.0286803758727;supercritical
363.550000000;8.00000000000;149.494854682;0.00668919343164;453.259333679;506.772881133;1.96961597577;0.819009429806;1.40193163230;265.048825300;6.07103667172;2.03982799252e-05;0.0286806867135;supercritical
363.600000000;8.00000000000;149.448156305;0.00669128361785;453.312698660;506.842967603;1.96980874610;0.818979422783;1.40152730604;265.086549009;6.06903880151;2.03996384212e-05;0.0286810029671;supercritical
363.650000000;8.00000000000;149.401503212;0.00669337308195;453.366049220;506.913033875;1.97000143437;0.818949501855;1.40112370790;265.124255518;6.06704174813;2.04009980343e-05;0.0286813246208;supercritical
363.700000000;8.00000000000;149.354895320;0.00669546182503;453.419385386;506.983079986;1.97019404071;0.818919666845;1.40072083607;265.161944852;6.06504551155;2.04023587619e-05;0.0286816516623;supercritical
363.750000000;8.00000000000;149.308332550;0.00669754984818;453.472707186;507.053105971;1.97038656524;0.818889917579;1.40031868873;265.199617033;6.06305009176;2.04037206014e-05;0.0286819840790;supercritical
363.800000000;8.00000000000;149.261814818;0.00669963715246;453.526014647;507.123111867;1.97057900809;0.818860253882;1.39991726406;265.237272086;6.06105548873;2.04050835501e-05;0.0286823218587;supercritical
363.850000000;8.00000000000;149.215342045;0.00670172373896;453.579307798;507.193097709;1.97077136937;0.818830675579;1.39951656026;265.274910032;6.05906170243;2.04064476055e-05;0.0286826649889;supercritical
363.900000000;8.00000000000;149.168914149;0.00670380960876;453.632586665;507.263063535;1.97096364921;0.818801182498;1.39911657553;265.312530896;6.05706873282;2.04078127649e-05;0.0286830134574;supercritical
363.950000000;8.00000000000;149.122531050;0.00670589476292;453.685851276;507.333009379;1.97115584772;0.818771774466;1.39871730808;265.350134700;6.05507657989;2.04091790257e-05;0.0286833672519;supercritical
364.000000000;8.00000000000;149.076192667;0.00670797920251;453.739101658;507.402935278;1.97134796503;0.818742451309;1.39831875612;265.387721468;6.05308524360;2.04105463853e-05;0.0286837263601;supercritical
364.050000000;8.00000000000;149.029898920;0.00671006292861;453.792337838;507.472841266;1.97154000126;0.818713212856;1.39792091786;265.425291222;6.05109472391;2.04119148413e-05;0.0286840907698;supercritical
364.100000000;8.00000000000;148.983649730;0.00671214594227;453.845559843;507.542727381;1.97173195654;0.818684058936;1.39752379154;265.462843987;6.04910502078;2.04132843909e-05;0.0286844604689;supercritical
364.150000000;8.00000000000;148.937445016;0.00671422824457;453.898767701;507.612593657;1.97192383096;0.818654989376;1.39712737538;265.500379783;6.04711613419;2.04146550316e-05;0.0286848354453;supercritical
364.200000000;8.00000000000;148.891284699;0.00671630983655;453.951961438;507.682440131;1.97211562467;0.818626004008;1.39673166762;265.537898636;6.04512806408;2.04160267609e-05;0.0286852156869;supercritical
364.250000000;8.00000000000;148.845168699;0.00671839071929;454.005141082;507.752266836;1.97230733778;0.818597102660;1.39633666650;265.575400566;6.04314081042;2.04173995761e-05;0.0286856011816;supercritical
364.300000000;8.00000000000;148.799096938;0.00672047089382;454.058306658;507.822073809;1.97249897040;0.818568285163;1.39594237027;265.612885598;6.04115437315;2.04187734749e-05;0.0286859919175;supercritical
364.350000000;8.00000000000;148.753069337;0.00672255036121;454.111458195;507.891861085;1.97269052266;0.818539551348;1.39554877719;265.650353754;6.03916875225;2.04201484546e-05;0.0286863878825;supercritical
364.400000000;8.00000000000;148.707085816;0.00672462912250;454.164595718;507.961628698;1.97288199467;0.818510901046;1.39515588551;265.687805056;6.03718394765;2.04215245127e-05;0.0286867890648;supercritical
364.450000000;8.00000000000;148.661146297;0.00672670717875;454.217719255;508.031376685;1.97307338655;0.818482334090;1.39476369351;265.725239528;6.03519995932;2.04229016467e-05;0.0286871954524;supercritical
364.500000000;8.00000000000;148.615250703;0.00672878453099;454.270828831;508.101105079;1.97326469842;0.818453850312;1.39437219945;265.762657191;6.03321678719;2.04242798540e-05;0.0286876070335;supercritical
364.550000000;8.00000000000;148.569398955;0.00673086118027;454.323924474;508.170813917;1.97345593040;0.818425449545;1.39398140161;265.800058069;6.03123443123;2.04256591322e-05;0.0286880237962;supercritical
364.600000000;8.00000000000;148.523590974;0.00673293712764;454.377006210;508.240503231;1.97364708261;0.818397131622;1.39359129828;265.837442183;6.02925289136;2.04270394788e-05;0.0286884457289;supercritical
364.650000000;8.00000000000;148.477826684;0.00673501237412;454.430074065;508.310173058;1.97383815515;0.818368896376;1.39320188774;265.874809557;6.02727216754;2.04284208912e-05;0.0286888728196;supercritical
364.700000000;8.00000000000;148.432106007;0.00673708692075;454.483128065;508.379823431;1.97402914816;0.818340743643;1.39281316829;265.912160213;6.02529225971;2.04298033670e-05;0.0286893050568;supercritical
364.750000000;8.00000000000;148.386428866;0.00673916076857;454.536168238;508.449454386;1.97422006174;0.818312673257;1.39242513823;265.949494172;6.02331316781;2.04311869037e-05;0.0286897424288;supercritical
364.800000000;8.00000000000;148.340795183;0.00674123391861;454.589194608;508.519065957;1.97441089601;0.818284685054;1.39203779587;265.986811458;6.02133489178;2.04325714989e-05;0.0286901849239;supercritical
364.850000000;8.00000000000;148.295204882;0.00674330637189;454.642207202;508.588658177;1.97460165108;0.818256778869;1.39165113951;266.024112092;6.01935743156;2.04339571501e-05;0.0286906325305;supercritical
364.900000000;8.00000000000;148.249657886;0.00674537812945;454.695206046;508.658231082;1.97479232708;0.818228954538;1.39126516749;266.061396097;6.01738078708;2.04353438547e-05;0.0286910852370;supercritical
364.950000000;8.00000000000;148.204154118;0.00674744919230;454.748191167;508.727784705;1.97498292412;0.818201211898;1.39087987811;266.098663495;6.01540495827;2.04367316105e-05;0.0286915430320;supercritical
365.000000000;8.00000000000;148.158693503;0.00674951956147;454.801162589;508.797319081;1.97517344231;0.818173550786;1.39049526971;266.135914308;6.01342994507;2.04381204149e-05;0.0286920059039;supercritical
365.050000000;8.00000000000;148.113275964;0.00675158923797;454.854120340;508.866834244;1.97536388177;0.818145971040;1.39011134063;266.173148558;6.01145574741;2.04395102655e-05;0.0286924738412;supercritical
365.100000000;8.00000000000;148.067901426;0.00675365822282;454.907064444;508.936330227;1.97555424260;0.818118472498;1.38972808920;266.210366267;6.00948236522;2.04409011598e-05;0.0286929468327;supercritical
365.150000000;8.00000000000;148.022569812;0.00675572651704;454.959994927;509.005807064;1.97574452494;0.818091054999;1.38934551377;266.247567456;6.00750979843;2.04422930955e-05;0.0286934248668;supercritical
365.200000000;8.00000000000;147.977281048;0.00675779412164;455.012911816;509.075264789;1.97593472888;0.818063718381;1.38896361269;266.284752149;6.00553804695;2.04436860702e-05;0.0286939079322;supercritical
365.250000000;8.00000000000;147.932035057;0.00675986103763;455.065815135;509.144703436;1.97612485455;0.818036462484;1.38858238432;266.321920366;6.00356711072;2.04450800814e-05;0.0286943960176;supercritical
365.300000000;8.00000000000;147.886831766;0.00676192726601;455.118704911;509.214123039;1.97631490206;0.818009287148;1.38820182702;266.359072130;6.00159698966;2.04464751267e-05;0.0286948891117;supercritical
365.350000000;8.00000000000;147.841671098;0.00676399280779;455.171581168;509.283523630;1.97650487152;0.817982192213;1.38782193915;266.396207462;5.99962768369;2.04478712037e-05;0.0286953872032;supercritical
365.400000000;8.00000000000;147.796552980;0.00676605766397;455.224443932;509.352905244;1.97669476304;0.817955177520;1.38744271909;266.433326383;5.99765919273;2.04492683102e-05;0.0286958902811;supercritical
365.450000000;8.00000000000;147.751477337;0.00676812183555;455.277293229;509.422267913;1.97688457673;0.817928242911;1.38706416522;266.470428917;5.99569151670;2.04506664436e-05;0.0286963983340;supercritical
365.500000000;8.00000000000;147.706444094;0.00677018532354;455.330129083;509.491611671;1.97707431271;0.817901388227;1.38668627592;266.507515083;5.99372465551;2.04520656016e-05;0.0286969113508;supercritical
365.550000000;8.00000000000;147.661453178;0.00677224812892;455.382951520;509.560936552;1.97726397110;0.817874613310;1.38630904958;266.544584905;5.99175860907;2.04534657819e-05;0.0286974293205;supercritical
365.600000000;8.00000000000;147.616504515;0.00677431025269;455.435760566;509.630242587;1.97745355199;0.817847918002;1.38593248459;266.581638402;5.98979337731;2.04548669820e-05;0.0286979522319;supercritical
365.650000000;8.00000000000;147.571598030;0.00677637169585;455.488556245;509.699529811;1.97764305551;0.817821302148;1.38555657936;266.618675598;5.98782896013;2.04562691997e-05;0.0286984800740;supercritical
365.700000000;8.00000000000;147.526733650;0.00677843245937;455.541338581;509.768798256;1.97783248177;0.817794765590;1.38518133228;266.655696512;5.98586535744;2.04576724326e-05;0.0286990128358;supercritical
365.750000000;8.00000000000;147.481911303;0.00678049254425;455.594107601;509.838047955;1.97802183087;0.817768308173;1.38480674178;266.692701167;5.98390256916;2.04590766784e-05;0.0286995505063;supercritical
365.800000000;8.00000000000;147.437130914;0.00678255195147;455.646863330;509.907278941;1.97821110292;0.817741929740;1.38443280625;266.729689584;5.98194059519;2.04604819347e-05;0.0287000930746;supercritical
365.850000000;8.00000000000;147.392392411;0.00678461068202;455.699605791;509.976491247;1.97840029805;0.817715630136;1.38405952413;266.766661784;5.97997943543;2.04618881992e-05;0.0287006405298;supercritical
365.900000000;8.00000000000;147.347695721;0.00678666873687;455.752335010;510.045684905;1.97858941635;0.817689409208;1.38368689384;266.803617789;5.97801908979;2.04632954696e-05;0.0287011928610;supercritical
365.950000000;8.00000000000;147.303040772;0.00678872611700;455.805051011;510.114859947;1.97877845793;0.817663266800;1.38331491381;266.840557619;5.97605955817;2.04647037435e-05;0.0287017500573;supercritical
366.000000000;8.00000000000;147.258427490;0.00679078282338;455.857753820;510.184016407;1.97896742292;0.817637202758;1.38294358247;266.877481296;5.97410084047;2.04661130188e-05;0.0287023121080;supercritical
366.050000000;8.00000000000;147.213855805;0.00679283885700;455.910443460;510.253154316;1.97915631141;0.817611216929;1.38257289827;266.914388840;5.97214293660;2.04675232930e-05;0.0287028790023;supercritical
366.100000000;8.00000000000;147.169325643;0.00679489421883;455.963119957;510.322273707;1.97934512351;0.817585309161;1.38220285965;266.951280274;5.97018584645;2.04689345639e-05;0.0287034507294;supercritical
366.150000000;8.00000000000;147.124836933;0.00679694890982;456.015783334;510.391374613;1.97953385934;0.817559479300;1.38183346507;266.988155617;5.96822956992;2.04703468292e-05;0.0287040272787;supercritical
366.200000000;8.00000000000;147.080389604;0.00679900293095;456.068433617;510.460457065;1.97972251901;0.817533727194;1.38146471298;267.025014891;5.96627410690;2.04717600867e-05;0.0287046086393;supercritical
366.250000000;8.00000000000;147.035983583;0.00680105628318;456.121070829;510.529521095;1.97991110261;0.817508052691;1.38109660183;267.061858117;5.96431945729;2.04731743340e-05;0.0287051948008;supercritical
366.300000000;8.00000000000;146.991618800;0.00680310896748;456.173694996;510.598566736;1.98009961026;0.817482455641;1.38072913011;267.098685315;5.96236562098;2.04745895689e-05;0.0287057857525;supercritical
366.350000000;8.00000000000;146.947295183;0.00680516098480;456.226306140;510.667594019;1.98028804208;0.817456935892;1.38036229627;267.135496507;5.96041259786;2.04760057891e-05;0.0287063814838;supercritical
366.400000000;8.00000000000;146.903012661;0.00680721233611;456.278904287;510.736602976;1.98047639815;0.817431493293;1.37999609880;267.172291713;5.95846038783;2.04774229924e-05;0.0287069819841;supercritical
366.450000000;8.00000000000;146.858771165;0.00680926302235;456.331489460;510.805593639;1.98066467860;0.817406127695;1.37963053617;267.209070954;5.95650899076;2.04788411766e-05;0.0287075872430;supercritical
366.500000000;8.00000000000;146.814570622;0.00681131304449;456.384061684;510.874566040;1.98085288353;0.817380838948;1.37926560687;267.245834250;5.95455840655;2.04802603393e-05;0.0287081972500;supercritical
366.550000000;8.00000000000;146.770410963;0.00681336240348;456.436620982;510.943520210;1.98104101305;0.817355626903;1.37890130940;267.282581623;5.95260863508;2.04816804785e-05;0.0287088119946;supercritical
366.600000000;8.00000000000;146.726292118;0.00681541110026;456.489167379;511.012456181;1.98122906725;0.817330491410;1.37853764225;267.319313093;5.95065967624;2.04831015917e-05;0.0287094314663;supercritical
366.650000000;8.00000000000;146.682214016;0.00681745913578;456.541700899;511.081373985;1.98141704626;0.817305432322;1.37817460391;267.356028680;5.94871152991;2.04845236769e-05;0.0287100556549;supercritical
366.700000000;8.00000000000;146.638176588;0.00681950651099;456.594221564;511.150273652;1.98160495018;0.817280449490;1.37781219290;267.392728405;5.94676419597;2.04859467319e-05;0.0287106845498;supercritical
366.750000000;8.00000000000;146.594179764;0.00682155322683;456.646729400;511.219155215;1.98179277910;0.817255542766;1.37745040772;267.429412289;5.94481767430;2.04873707543e-05;0.0287113181409;supercritical
366.800000000;8.00000000000;146.550223474;0.00682359928424;456.699224429;511.288018703;1.98198053314;0.817230712004;1.37708924689;267.466080351;5.94287196479;2.04887957420e-05;0.0287119564178;supercritical
366.850000000;8.00000000000;146.506307649;0.00682564468416;456.751706676;511.356864150;1.98216821241;0.817205957056;1.37672870894;267.502732613;5.94092706730;2.04902216928e-05;0.0287125993703;supercritical
366.900000000;8.00000000000;146.462432220;0.00682768942754;456.804176164;511.425691585;1.98235581700;0.817181277777;1.37636879237;267.539369094;5.93898298171;2.04916486046e-05;0.0287132469881;supercritical
366.950000000;8.00000000000;146.418597118;0.00682973351529;456.856632917;511.494501039;1.98254334703;0.817156674020;1.37600949573;267.575989815;5.93703970790;2.04930764751e-05;0.0287138992610;supercritical
367.000000000;8.00000000000;146.374802274;0.00683177694836;456.909076958;511.563292545;1.98273080259;0.817132145639;1.37565081755;267.612594797;5.93509724574;2.04945053021e-05;0.0287145561788;supercritical
367.050000000;8.00000000000;146.331047620;0.00683381972768;456.961508310;511.632066131;1.98291818380;0.817107692489;1.37529275637;267.649184058;5.93315559511;2.04959350836e-05;0.0287152177314;supercritical
367.100000000;8.00000000000;146.287333087;0.00683586185417;457.013926997;511.700821830;1.98310549075;0.817083314426;1.37493531072;267.685757620;5.93121475588;2.04973658173e-05;0.0287158839087;supercritical
367.150000000;8.00000000000;146.243658607;0.00683790332877;457.066333042;511.769559673;1.98329272355;0.817059011305;1.37457847917;267.722315503;5.92927472791;2.04987975010e-05;0.0287165547006;supercritical
367.200000000;8.00000000000;146.200024111;0.00683994415239;457.118726469;511.838279689;1.98347988231;0.817034782982;1.37422226025;267.758857726;5.92733551107;2.05002301327e-05;0.0287172300970;supercritical
367.250000000;8.00000000000;146.156429533;0.00684198432596;457.171107301;511.906981909;1.98366696712;0.817010629313;1.37386665254;267.795384310;5.92539710523;2.05016637102e-05;0.0287179100879;supercritical
367.300000000;8.00000000000;146.112874803;0.00684402385040;457.223475561;511.975666364;1.98385397810;0.816986550155;1.37351165458;267.831895275;5.92345951026;2.05030982313e-05;0.0287185946634;supercritical
367.350000000;8.00000000000;146.069359854;0.00684606272662;457.275831271;512.044333084;1.98404091533;0.816962545365;1.37315726495;267.868390640;5.92152272601;2.05045336939e-05;0.0287192838135;supercritical
367.400000000;8.00000000000;146.025884620;0.00684810095555;457.328174456;512.112982101;1.98422777894;0.816938614801;1.37280348223;267.904870426;5.91958675237;2.05059700959e-05;0.0287199775281;supercritical
367.450000000;8.00000000000;145.982449032;0.00685013853810;457.380505138;512.181613443;1.98441456901;0.816914758320;1.37245030497;267.941334653;5.91765158917;2.05074074352e-05;0.0287206757976;supercritical
367.500000000;8.00000000000;145.939053024;0.00685217547518;457.432823340;512.250227141;1.98460128565;0.816890975781;1.37209773177;267.977783339;5.91571723630;2.05088457095e-05;0.0287213786118;supercritical
367.550000000;8.00000000000;145.895696528;0.00685421176771;457.485129084;512.318823226;1.98478792897;0.816867267042;1.37174576121;268.014216506;5.91378369360;2.05102849170e-05;0.0287220859611;supercritical
367.600000000;8.00000000000;145.852379478;0.00685624741658;457.537422395;512.387401727;1.98497449906;0.816843631963;1.37139439188;268.050634173;5.91185096093;2.05117250553e-05;0.0287227978356;supercritical
367.650000000;8.00000000000;145.809101808;0.00685828242271;457.589703293;512.455962675;1.98516099603;0.816820070403;1.37104362237;268.087036359;5.90991903816;2.05131661225e-05;0.0287235142255;supercritical
367.700000000;8.00000000000;145.765863450;0.00686031678700;457.641971804;512.524506100;1.98534741998;0.816796582221;1.37069345129;268.123423084;5.90798792513;2.05146081164e-05;0.0287242351210;supercritical
367.750000000;8.00000000000;145.722664340;0.00686235051035;457.694227947;512.593032030;1.98553377101;0.816773167278;1.37034387722;268.159794369;5.90605762170;2.05160510350e-05;0.0287249605124;supercritical
367.800000000;8.00000000000;145.679504409;0.00686438359366;457.746471748;512.661540497;1.98572004921;0.816749825435;1.36999489879;268.196150231;5.90412812773;2.05174948762e-05;0.0287256903901;supercritical
367.850000000;8.00000000000;145.636383594;0.00686641603784;457.798703227;512.730031530;1.98590625470;0.816726556552;1.36964651460;268.232490691;5.90219944307;2.05189396379e-05;0.0287264247443;supercritical
367.900000000;8.00000000000;145.593301827;0.00686844784377;457.850922408;512.798505158;1.98609238757;0.816703360490;1.36929872327;268.268815769;5.90027156757;2.05203853180e-05;0.0287271635655;supercritical
367.950000000;8.00000000000;145.550259043;0.00687047901236;457.903129313;512.866961412;1.98627844792;0.816680237112;1.36895152342;268.305125484;5.89834450107;2.05218319144e-05;0.0287279068439;supercritical
368.000000000;8.00000000000;145.507255177;0.00687250954449;457.955323965;512.935400321;1.98646443585;0.816657186278;1.36860491367;268.341419855;5.89641824343;2.05232794252e-05;0.0287286545700;supercritical
368.050000000;8.00000000000;145.464290164;0.00687453944106;458.007506385;513.003821913;1.98665035146;0.816634207853;1.36825889266;268.377698902;5.89449279450;2.05247278482e-05;0.0287294067343;supercritical
368.100000000;8.00000000000;145.421363939;0.00687656870295;458.059676596;513.072226220;1.98683619485;0.816611301698;1.36791345901;268.413962643;5.89256815411;2.05261771815e-05;0.0287301633272;supercritical
368.150000000;8.00000000000;145.378476435;0.00687859733106;458.111834621;513.140613269;1.98702196612;0.816588467676;1.36756861136;268.450211099;5.89064432213;2.05276274230e-05;0.0287309243393;supercritical
368.200000000;8.00000000000;145.335627590;0.00688062532625;458.163980481;513.208983091;1.98720766537;0.816565705652;1.36722434836;268.486444289;5.88872129838;2.05290785705e-05;0.0287316897610;supercritical
368.250000000;8.00000000000;145.292817337;0.00688265268943;458.216114198;513.277335714;1.98739329270;0.816543015488;1.36688066865;268.522662231;5.88679908272;2.05305306222e-05;0.0287324595828;supercritical
368.300000000;8.00000000000;145.250045613;0.00688467942147;458.268235795;513.345671167;1.98757884821;0.816520397050;1.36653757088;268.558864945;5.88487767498;2.05319835760e-05;0.0287332337955;supercritical
368.350000000;8.00000000000;145.207312353;0.00688670552325;458.320345294;513.413989480;1.98776433199;0.816497850201;1.36619505371;268.595052450;5.88295707500;2.05334374299e-05;0.0287340123895;supercritical
368.400000000;8.00000000000;145.164617494;0.00688873099564;458.372442717;513.482290682;1.98794974414;0.816475374806;1.36585311580;268.631224765;5.88103728263;2.05348921818e-05;0.0287347953556;supercritical
368.450000000;8.00000000000;145.121960970;0.00689075583953;458.424528085;513.550574802;1.98813508477;0.816452970732;1.36551175580;268.667381910;5.87911829771;2.05363478298e-05;0.0287355826844;supercritical
368.500000000;8.00000000000;145.079342719;0.00689278005577;458.476601421;513.618841867;1.98832035396;0.816430637843;1.36517097239;268.703523902;5.87720012006;2.05378043719e-05;0.0287363743666;supercritical
368.550000000;8.00000000000;145.036762677;0.00689480364526;458.528662746;513.687091908;1.98850555182;0.816408376006;1.36483076424;268.739650762;5.87528274954;2.05392618060e-05;0.0287371703928;supercritical
368.600000000;8.00000000000;144.994220779;0.00689682660885;458.580712083;513.755324953;1.98869067845;0.816386185086;1.36449113002;268.775762508;5.87336618596;2.05407201302e-05;0.0287379707539;supercritical
368.650000000;8.00000000000;144.951716964;0.00689884894741;458.632749452;513.823541031;1.98887573393;0.816364064951;1.36415206841;268.811859159;5.87145042917;2.05421793424e-05;0.0287387754407;supercritical
368.700000000;8.00000000000;144.909251166;0.00690087066182;458.684774875;513.891740170;1.98906071837;0.816342015468;1.36381357810;268.847940734;5.86953547900;2.05436394408e-05;0.0287395844438;supercritical
368.750000000;8.00000000000;144.866823325;0.00690289175292;458.736788375;513.959922398;1.98924563187;0.816320036504;1.36347565777;268.884007252;5.86762133528;2.05451004233e-05;0.0287403977543;supercritical
368.800000000;8.00000000000;144.824433376;0.00690491222159;458.788789972;514.028087745;1.98943047451;0.816298127927;1.36313830612;268.920058731;5.86570799784;2.05465622880e-05;0.0287412153628;supercritical
368.850000000;8.00000000000;144.782081256;0.00690693206869;458.840779689;514.096236238;1.98961524641;0.816276289604;1.36280152184;268.956095190;5.86379546652;2.05480250329e-05;0.0287420372603;supercritical
368.900000000;8.00000000000;144.739766904;0.00690895129506;458.892757546;514.164367907;1.98979994764;0.816254521405;1.36246530364;268.992116649;5.86188374113;2.05494886561e-05;0.0287428634377;supercritical
368.950000000;8.00000000000;144.697490257;0.00691096990158;458.944723565;514.232482778;1.98998457832;0.816232823198;1.36212965021;269.028123125;5.85997282151;2.05509531555e-05;0.0287436938859;supercritical
369.000000000;8.00000000000;144.655251252;0.00691298788910;458.996677768;514.300580881;1.99016913853;0.816211194853;1.36179456027;269.064114637;5.85806270748;2.05524185293e-05;0.0287445285959;supercritical
369.050000000;8.00000000000;144.613049828;0.00691500525846;459.048620176;514.368662244;1.99035362837;0.816189636238;1.36146003253;269.100091204;5.85615339888;2.05538847755e-05;0.0287453675587;supercritical
369.100000000;8.00000000000;144.570885922;0.00691702201052;459.100550809;514.436726894;1.99053804793;0.816168147223;1.36112606569;269.136052844;5.85424489551;2.05553518922e-05;0.0287462107652;supercritical
369.150000000;8.00000000000;144.528759472;0.00691903814612;459.152469690;514.504774859;1.99072239731;0.816146727680;1.36079265850;269.171999576;5.85233719722;2.05568198775e-05;0.0287470582066;supercritical
369.200000000;8.00000000000;144.486670418;0.00692105366613;459.204376840;514.572806169;1.99090667661;0.816125377477;1.36045980966;269.207931419;5.85043030381;2.05582887293e-05;0.0287479098739;supercritical
369.250000000;8.00000000000;144.444618696;0.00692306857137;459.256272279;514.640820850;1.99109088592;0.816104096487;1.36012751790;269.243848390;5.84852421512;2.05597584459e-05;0.0287487657581;supercritical
369.300000000;8.00000000000;144.402604247;0.00692508286270;459.308156028;514.708818930;1.99127502533;0.816082884580;1.35979578197;269.279750508;5.84661893095;2.05612290252e-05;0.0287496258504;supercritical
369.350000000;8.00000000000;144.360627009;0.00692709654095;459.360028110;514.776800437;1.99145909493;0.816061741627;1.35946460059;269.315637792;5.84471445114;2.05627004655e-05;0.0287504901420;supercritical
369.400000000;8.00000000000;144.318686920;0.00692910960697;459.411888543;514.844765399;1.99164309483;0.816040667501;1.35913397250;269.351510260;5.84281077550;2.05641727647e-05;0.0287513586239;supercritical
369.450000000;8.00000000000;144.276783920;0.00693112206159;459.463737351;514.912713844;1.99182702511;0.816019662074;1.35880389645;269.387367930;5.84090790384;2.05656459209e-05;0.0287522312875;supercritical
369.500000000;8.00000000000;144.234917947;0.00693313390566;459.515574553;514.980645798;1.99201088588;0.815998725218;1.35847437118;269.423210821;5.83900583598;2.05671199324e-05;0.0287531081238;supercritical
369.550000000;8.00000000000;144.193088942;0.00693514514000;459.567400170;515.048561290;1.99219467721;0.815977856806;1.35814539545;269.459038950;5.83710457175;2.05685947972e-05;0.0287539891242;supercritical
369.600000000;8.00000000000;144.151296844;0.00693715576545;459.619214223;515.116460347;1.99237839921;0.815957056711;1.35781696801;269.494852336;5.83520411094;2.05700705133e-05;0.0287548742799;supercritical
369.650000000;8.00000000000;144.109541593;0.00693916578284;459.671016733;515.184342996;1.99256205196;0.815936324807;1.35748908763;269.530650997;5.83330445338;2.05715470790e-05;0.0287557635822;supercritical
369.700000000;8.00000000000;144.067823127;0.00694117519300;459.722807720;515.252209264;1.99274563556;0.815915660968;1.35716175305;269.566434951;5.83140559888;2.05730244924e-05;0.0287566570224;supercritical
369.750000000;8.00000000000;144.026141388;0.00694318399676;459.774587206;515.320059180;1.99292915011;0.815895065066;1.35683496306;269.602204216;5.82950754725;2.05745027515e-05;0.0287575545919;supercritical
369.800000000;8.00000000000;143.984496315;0.00694519219494;459.826355210;515.387892770;1.99311259569;0.815874536979;1.35650871641;269.637958810;5.82761029830;2.05759818546e-05;0.0287584562821;supercritical
369.850000000;8.00000000000;143.942887849;0.00694719978837;459.878111754;515.455710061;1.99329597240;0.815854076578;1.35618301189;269.673698751;5.82571385184;2.05774617998e-05;0.0287593620842;supercritical
369.900000000;8.00000000000;143.901315929;0.00694920677787;459.929856857;515.523511080;1.99347928033;0.815833683741;1.35585784828;269.709424057;5.82381820768;2.05789425851e-05;0.0287602719898;supercritical
369.950000000;8.00000000000;143.859780497;0.00695121316426;459.981590541;515.591295855;1.99366251957;0.815813358342;1.35553322435;269.745134747;5.82192336562;2.05804242089e-05;0.0287611859903;supercritical
370.000000000;8.00000000000;143.818281493;0.00695321894836;460.033312825;515.659064411;1.99384569021;0.815793100258;1.35520913888;269.780830837;5.82002932547;2.05819066691e-05;0.0287621040772;supercritical
370.050000000;8.00000000000;143.776818858;0.00695522413098;460.085023730;515.726816777;1.99402879234;0.815772909363;1.35488559068;269.816512346;5.81813608705;2.05833899641e-05;0.0287630262419;supercritical
370.100000000;8.00000000000;143.735392533;0.00695722871295;460.136723276;515.794552979;1.99421182605;0.815752785535;1.35456257853;269.852179291;5.81624365015;2.05848740919e-05;0.0287639524759;supercritical
370.150000000;8.00000000000;143.694002459;0.00695923269508;460.188411484;515.862273044;1.99439479144;0.815732728650;1.35424010122;269.887831691;5.81435201457;2.05863590507e-05;0.0287648827708;supercritical
370.200000000;8.00000000000;143.652648577;0.00696123607817;460.240088373;515.929976998;1.99457768860;0.815712738586;1.35391815756;269.923469563;5.81246118013;2.05878448388e-05;0.0287658171182;supercritical
370.250000000;8.00000000000;143.611330829;0.00696323886304;460.291753965;515.997664869;1.99476051761;0.815692815218;1.35359674636;269.959092925;5.81057114661;2.05893314542e-05;0.0287667555097;supercritical
370.300000000;8.00000000000;143.570049155;0.00696524105050;460.343408278;516.065336682;1.99494327857;0.815672958427;1.35327586641;269.994701794;5.80868191384;2.05908188952e-05;0.0287676979368;supercritical
370.350000000;8.00000000000;143.528803499;0.00696724264136;460.395051333;516.132992464;1.99512597156;0.815653168088;1.35295551654;270.030296188;5.80679348159;2.05923071600e-05;0.0287686443912;supercritical
370.400000000;8.00000000000;143.487593801;0.00696924363641;460.446683151;516.200632242;1.99530859668;0.815633444081;1.35263569554;270.065876125;5.80490584968;2.05937962467e-05;0.0287695948645;supercritical
370.450000000;8.00000000000;143.446420003;0.00697124403647;460.498303751;516.268256043;1.99549115401;0.815613786283;1.35231640226;270.101441622;5.80301901790;2.05952861536e-05;0.0287705493485;supercritical
370.500000000;8.00000000000;143.405282048;0.00697324384233;460.549913153;516.335863891;1.99567364365;0.815594194575;1.35199763549;270.136992697;5.80113298605;2.05967768788e-05;0.0287715078348;supercritical
370.550000000;8.00000000000;143.364179878;0.00697524305480;460.601511377;516.403455815;1.99585606568;0.815574668834;1.35167939408;270.172529367;5.79924775393;2.05982684207e-05;0.0287724703152;supercritical
370.600000000;8.00000000000;143.323113435;0.00697724167467;460.653098442;516.471031840;1.99603842020;0.815555208941;1.35136167684;270.208051650;5.79736332133;2.05997607773e-05;0.0287734367814;supercritical
370.650000000;8.00000000000;143.282082661;0.00697923970274;460.704674369;516.538591991;1.99622070729;0.815535814775;1.35104448262;270.243559563;5.79547968804;2.06012539470e-05;0.0287744072252;supercritical
370.700000000;8.00000000000;143.241087500;0.00698123713981;460.756239178;516.606136297;1.99640292704;0.815516486217;1.35072781024;270.279053123;5.79359685387;2.06027479278e-05;0.0287753816384;supercritical
370.750000000;8.00000000000;143.200127893;0.00698323398667;460.807792888;516.673664781;1.99658507954;0.815497223146;1.35041165855;270.314532348;5.79171481860;2.06042427182e-05;0.0287763600128;supercritical
370.800000000;8.00000000000;143.159203785;0.00698523024410;460.859335518;516.741177471;1.99676716487;0.815478025444;1.35009602639;270.349997256;5.78983358203;2.06057383163e-05;0.0287773423403;supercritical
370.850000000;8.00000000000;143.118315117;0.00698722591291;460.910867089;516.808674392;1.99694918313;0.815458892991;1.34978091260;270.385447863;5.78795314395;2.06072347203e-05;0.0287783286127;supercritical
370.900000000;8.00000000000;143.077461834;0.00698922099389;460.962387620;516.876155571;1.99713113441;0.815439825669;1.34946631604;270.420884187;5.78607350415;2.06087319285e-05;0.0287793188219;supercritical
370.950000000;8.00000000000;143.036643878;0.00699121548780;461.013897130;516.943621033;1.99731301878;0.815420823360;1.34915223556;270.456306245;5.78419466241;2.06102299391e-05;0.0287803129598;supercritical
371.000000000;8.00000000000;142.995861192;0.00699320939545;461.065395639;517.011070803;1.99749483635;0.815401885944;1.34883867001;270.491714054;5.78231661854;2.06117287505e-05;0.0287813110185;supercritical
371.050000000;8.00000000000;142.955113721;0.00699520271762;461.116883167;517.078504908;1.99767658719;0.815383013305;1.34852561826;270.527107631;5.78043937231;2.06132283607e-05;0.0287823129897;supercritical
371.100000000;8.00000000000;142.914401408;0.00699719545509;461.168359733;517.145923373;1.99785827139;0.815364205326;1.34821307917;270.562486993;5.77856292352;2.06147287682e-05;0.0287833188656;supercritical
371.150000000;8.00000000000;142.873724197;0.00699918760863;461.219825356;517.213326225;1.99803988904;0.815345461887;1.34790105161;270.597852158;5.77668727194;2.06162299712e-05;0.0287843286381;supercritical
371.200000000;8.00000000000;142.833082032;0.00700117917903;461.271280055;517.280713487;1.99822144023;0.815326782874;1.34758953444;270.633203143;5.77481241738;2.06177319679e-05;0.0287853422992;supercritical
371.250000000;8.00000000000;142.792474857;0.00700317016707;461.322723850;517.348085187;1.99840292504;0.815308168169;1.34727852654;270.668539964;5.77293835960;2.06192347567e-05;0.0287863598411;supercritical
371.300000000;8.00000000000;142.751902616;0.00700516057351;461.374156760;517.415441348;1.99858434357;0.815289617655;1.34696802680;270.703862639;5.77106509840;2.06207383357e-05;0.0287873812557;supercritical
371.350000000;8.00000000000;142.711365254;0.00700715039914;461.425578805;517.482781998;1.99876569589;0.815271131217;1.34665803407;270.739171184;5.76919263356;2.06222427034e-05;0.0287884065351;supercritical
371.400000000;8.00000000000;142.670862715;0.00700913964473;461.476990002;517.550107160;1.99894698209;0.815252708740;1.34634854727;270.774465617;5.76732096486;2.06237478579e-05;0.0287894356716;supercritical
371.450000000;8.00000000000;142.630394943;0.00701112831104;461.528390372;517.617416861;1.99912820225;0.815234350107;1.34603956526;270.809745953;5.76545009208;2.06252537977e-05;0.0287904686571;supercritical
371.500000000;8.00000000000;142.589961884;0.00701311639885;461.579779934;517.684711125;1.99930935648;0.815216055203;1.34573108694;270.845012211;5.76358001501;2.06267605209e-05;0.0287915054839;supercritical
371.550000000;8.00000000000;142.549563482;0.00701510390893;461.631158706;517.751989978;1.99949044484;0.815197823914;1.34542311120;270.880264407;5.76171073342;2.06282680258e-05;0.0287925461442;supercritical
371.600000000;8.00000000000;142.509199683;0.00701709084203;461.682526708;517.819253444;1.99967146742;0.815179656124;1.34511563694;270.915502558;5.75984224710;2.06297763109e-05;0.0287935906302;supercritical
371.650000000;8.00000000000;142.468870431;0.00701907719893;461.733883958;517.886501550;1.99985242432;0.815161551720;1.34480866307;270.950726680;5.75797455582;2.06312853744e-05;0.0287946389340;supercritical
371.700000000;8.00000000000;142.428575672;0.00702106298039;461.785230476;517.953734319;2.00003331560;0.815143510588;1.34450218848;270.985936790;5.75610765936;2.06327952146e-05;0.0287956910480;supercritical
371.750000000;8.00000000000;142.388315351;0.00702304818717;461.836566280;518.020951777;2.00021414137;0.815125532613;1.34419621208;271.021132905;5.75424155749;2.06343058298e-05;0.0287967469644;supercritical
371.800000000;8.00000000000;142.348089414;0.00702503282002;461.887891388;518.088153949;2.00039490170;0.815107617683;1.34389073278;271.056315042;5.75237625000;2.06358172185e-05;0.0287978066754;supercritical
371.850000000;8.00000000000;142.307897806;0.00702701687972;461.939205821;518.155340859;2.00057559668;0.815089765683;1.34358574949;271.091483216;5.75051173666;2.06373293788e-05;0.0287988701735;supercritical
371.900000000;8.00000000000;142.267740473;0.00702900036700;461.990509596;518.222512532;2.00075622639;0.815071976502;1.34328126114;271.126637446;5.74864801725;2.06388423091e-05;0.0287999374509;supercritical
371.950000000;8.00000000000;142.227617362;0.00703098328264;462.041802732;518.289668993;2.00093679091;0.815054250026;1.34297726664;271.161777746;5.74678509153;2.06403560078e-05;0.0288010085000;supercritical
372.000000000;8.00000000000;142.187528417;0.00703296562737;462.093085248;518.356810267;2.00111729034;0.815036586144;1.34267376491;271.196904135;5.74492295928;2.06418704732e-05;0.0288020833131;supercritical
372.050000000;8.00000000000;142.147473586;0.00703494740196;462.144357162;518.423936378;2.00129772475;0.815018984742;1.34237075488;271.232016628;5.74306162028;2.06433857037e-05;0.0288031618828;supercritical
372.100000000;8.00000000000;142.107452814;0.00703692860716;462.195618493;518.491047350;2.00147809423;0.815001445710;1.34206823548;271.267115241;5.74120107429;2.06449016976e-05;0.0288042442013;supercritical
372.150000000;8.00000000000;142.067466049;0.00703890924371;462.246869260;518.558143209;2.00165839885;0.814983968935;1.34176620564;271.302199992;5.73934132109;2.06464184533e-05;0.0288053302611;supercritical
372.200000000;8.00000000000;142.027513235;0.00704088931236;462.298109480;518.625223979;2.00183863871;0.814966554307;1.34146466429;271.337270896;5.73748236045;2.06479359691e-05;0.0288064200547;supercritical
372.250000000;8.00000000000;141.987594321;0.00704286881386;462.349339173;518.692289684;2.00201881389;0.814949201714;1.34116361038;271.372327970;5.73562419214;2.06494542435e-05;0.0288075135745;supercritical
372.300000000;8.00000000000;141.947709253;0.00704484774894;462.400558357;518.759340348;2.00219892447;0.814931911046;1.34086304285;271.407371230;5.73376681592;2.06509732746e-05;0.0288086108131;supercritical
372.350000000;8.00000000000;141.907857978;0.00704682611836;462.451767049;518.826375996;2.00237897052;0.814914682193;1.34056296064;271.442400693;5.73191023156;2.06524930611e-05;0.0288097117630;supercritical
372.400000000;8.00000000000;141.868040443;0.00704880392286;462.502965269;518.893396652;2.00255895215;0.814897515043;1.34026336270;271.477416374;5.73005443884;2.06540136011e-05;0.0288108164168;supercritical
372.450000000;8.00000000000;141.828256594;0.00705078116317;462.554153035;518.960402341;2.00273886941;0.814880409488;1.33996424798;271.512418291;5.72819943752;2.06555348931e-05;0.0288119247669;supercritical
372.500000000;8.00000000000;141.788506380;0.00705275784004;462.605330365;519.027393085;2.00291872241;0.814863365418;1.33966561544;271.547406459;5.72634522736;2.06570569356e-05;0.0288130368059;supercritical
372.550000000;8.00000000000;141.748789748;0.00705473395420;462.656497277;519.094368910;2.00309851122;0.814846382722;1.33936746403;271.582380894;5.72449180813;2.06585797268e-05;0.0288141525266;supercritical
372.600000000;8.00000000000;141.709106645;0.00705670950638;462.707653789;519.161329840;2.00327823592;0.814829461293;1.33906979271;271.617341613;5.72263917960;2.06601032652e-05;0.0288152719214;supercritical
372.650000000;8.00000000000;141.669457018;0.00705868449732;462.758799919;519.228275897;2.00345789659;0.814812601021;1.33877260045;271.652288631;5.72078734153;2.06616275491e-05;0.0288163949831;supercritical
372.700000000;8.00000000000;141.629840817;0.00706065892775;462.809935686;519.295207108;2.00363749332;0.814795801798;1.33847588621;271.687221965;5.71893629368;2.06631525770e-05;0.0288175217043;supercritical
372.750000000;8.00000000000;141.590257988;0.00706263279841;462.861061107;519.362123494;2.00381702618;0.814779063515;1.33817964896;271.722141631;5.71708603581;2.06646783473e-05;0.0288186520777;supercritical
372.800000000;8.00000000000;141.550708479;0.00706460611002;462.912176200;519.429025080;2.00399649526;0.814762386065;1.33788388767;271.757047645;5.71523656769;2.06662048584e-05;0.0288197860959;supercritical
372.850000000;8.00000000000;141.511192239;0.00706657886330;462.963280984;519.495911891;2.00417590064;0.814745769339;1.33758860132;271.791940023;5.71338788908;2.06677321087e-05;0.0288209237518;supercritical
372.900000000;8.00000000000;141.471709216;0.00706855105900;463.014375476;519.562783948;2.00435524240;0.814729213231;1.33729378889;271.826818780;5.71153999974;2.06692600967e-05;0.0288220650381;supercritical
372.950000000;8.00000000000;141.432259359;0.00707052269782;463.065459695;519.629641277;2.00453452062;0.814712717632;1.33699944936;271.861683933;5.70969289943;2.06707888207e-05;0.0288232099474;supercritical
373.000000000;8.00000000000;141.392842615;0.00707249378051;463.116533657;519.696483901;2.00471373537;0.814696282436;1.33670558171;271.896535497;5.70784658791;2.06723182791e-05;0.0288243584727;supercritical
373.050000000;8.00000000000;141.353458933;0.00707446430776;463.167597381;519.763311843;2.00489288675;0.814679907537;1.33641218493;271.931373489;5.70600106493;2.06738484705e-05;0.0288255106067;supercritical
373.100000000;8.00000000000;141.314108262;0.00707643428032;463.218650885;519.830125128;2.00507197483;0.814663592827;1.33611925801;271.966197924;5.70415633026;2.06753793932e-05;0.0288266663423;supercritical
373.150000000;8.00000000000;141.274790552;0.00707840369889;463.269694186;519.896923777;2.00525099968;0.814647338201;1.33582679995;272.001008819;5.70231238365;2.06769110457e-05;0.0288278256722;supercritical
373.200000000;8.00000000000;141.235505750;0.00708037256420;463.320727302;519.963707815;2.00542996140;0.814631143552;1.33553480973;272.035806188;5.70046922487;2.06784434265e-05;0.0288289885893;supercritical
373.250000000;8.00000000000;141.196253806;0.00708234087696;463.371750250;520.030477266;2.00560886006;0.814615008774;1.33524328636;272.070590047;5.69862685365;2.06799765339e-05;0.0288301550866;supercritical
373.300000000;8.00000000000;141.157034669;0.00708430863788;463.422763049;520.097232152;2.00578769573;0.814598933764;1.33495222884;272.105360413;5.69678526977;2.06815103664e-05;0.0288313251569;supercritical
373.350000000;8.00000000000;141.117848288;0.00708627584768;463.473765715;520.163972496;2.00596646850;0.814582918414;1.33466163617;272.140117301;5.69494447298;2.06830449226e-05;0.0288324987932;supercritical
373.400000000;8.00000000000;141.078694613;0.00708824250707;463.524758267;520.230698323;2.00614517845;0.814566962621;1.33437150737;272.174860726;5.69310446302;2.06845802007e-05;0.0288336759883;supercritical
373.450000000;8.00000000000;141.039573594;0.00709020861677;463.575740721;520.297409655;2.00632382565;0.814551066279;1.33408184144;272.209590705;5.69126523966;2.06861161994e-05;0.0288348567353;supercritical
373.500000000;8.00000000000;141.000485179;0.00709217417747;463.626713095;520.364106515;2.00650241019;0.814535229284;1.33379263739;272.244307252;5.68942680264;2.06876529171e-05;0.0288360410271;supercritical
373.550000000;8.00000000000;140.961429320;0.00709413918990;463.677675407;520.430788926;2.00668093214;0.814519451532;1.33350389424;272.279010384;5.68758915172;2.06891903522e-05;0.0288372288567;supercritical
373.600000000;8.00000000000;140.922405964;0.00709610365475;463.728627674;520.497456912;2.00685939158;0.814503732919;1.33321561102;272.313700116;5.68575228666;2.06907285032e-05;0.0288384202172;supercritical
373.650000000;8.00000000000;140.883415064;0.00709806757272;463.779569913;520.564110495;2.00703778860;0.814488073341;1.33292778673;272.348376463;5.68391620719;2.06922673687e-05;0.0288396151015;supercritical
373.700000000;8.00000000000;140.844456568;0.00710003094454;463.830502142;520.630749698;2.00721612325;0.814472472695;1.33264042042;272.383039441;5.68208091308;2.06938069470e-05;0.0288408135028;supercritical
373.750000000;8.00000000000;140.805530427;0.00710199377088;463.881424378;520.697374545;2.00739439564;0.814456930878;1.33235351109;272.417689066;5.68024640407;2.06953472367e-05;0.0288420154140;supercritical
373.800000000;8.00000000000;140.766636592;0.00710395605246;463.932336637;520.763985057;2.00757260582;0.814441447787;1.33206705779;272.452325352;5.67841267991;2.06968882363e-05;0.0288432208283;supercritical
373.850000000;8.00000000000;140.727775012;0.00710591778998;463.983238938;520.830581258;2.00775075389;0.814426023318;1.33178105955;272.486948316;5.67657974035;2.06984299442e-05;0.0288444297388;supercritical
373.900000000;8.00000000000;140.688945638;0.00710787898413;464.034131298;520.897163171;2.00792883992;0.814410657370;1.33149551540;272.521557972;5.67474758513;2.06999723590e-05;0.0288456421387;supercritical
373.950000000;8.00000000000;140.650148421;0.00710983963561;464.085013732;520.963730817;2.00810686398;0.814395349840;1.33121042438;272.556154335;5.67291621402;2.07015154792e-05;0.0288468580210;supercritical
374.000000000;8.00000000000;140.611383312;0.00711179974512;464.135886260;521.030284221;2.00828482615;0.814380100627;1.33092578553;272.590737422;5.67108562674;2.07030593032e-05;0.0288480773790;supercritical
374.050000000;8.00000000000;140.572650262;0.00711375931334;464.186748897;521.096823403;2.00846272651;0.814364909628;1.33064159790;272.625307248;5.66925582306;2.07046038296e-05;0.0288493002057;supercritical
374.100000000;8.00000000000;140.533949221;0.00711571834097;464.237601660;521.163348388;2.00864056514;0.814349776743;1.33035786053;272.659863827;5.66742680271;2.07061490569e-05;0.0288505264945;supercritical
374.150000000;8.00000000000;140.495280141;0.00711767682871;464.288444567;521.229859197;2.00881834211;0.814334701869;1.33007457247;272.694407174;5.66559856543;2.07076949836e-05;0.0288517562385;supercritical
374.200000000;8.00000000000;140.456642972;0.00711963477724;464.339277635;521.296355853;2.00899605750;0.814319684906;1.32979173277;272.728937306;5.66377111099;2.07092416082e-05;0.0288529894310;supercritical
374.250000000;8.00000000000;140.418037667;0.00712159218724;464.390100880;521.362838378;2.00917371139;0.814304725754;1.32950934050;272.763454237;5.66194443911;2.07107889293e-05;0.0288542260653;supercritical
374.300000000;8.00000000000;140.379464177;0.00712354905942;464.440914319;521.429306794;2.00935130384;0.814289824311;1.32922739470;272.797957983;5.66011854954;2.07123369454e-05;0.0288554661345;supercritical
374.350000000;8.00000000000;140.340922453;0.00712550539444;464.491717969;521.495761124;2.00952883495;0.814274980477;1.32894589443;272.832448558;5.65829344203;2.07138856550e-05;0.0288567096321;supercritical
374.400000000;8.00000000000;140.302412447;0.00712746119301;464.542511847;521.562201391;2.00970630478;0.814260194153;1.32866483877;272.866925977;5.65646911631;2.07154350567e-05;0.0288579565512;supercritical
374.450000000;8.00000000000;140.263934110;0.00712941645579;464.593295969;521.628627616;2.00988371340;0.814245465238;1.32838422677;272.901390256;5.65464557214;2.07169851490e-05;0.0288592068853;supercritical
374.500000000;8.00000000000;140.225487395;0.00713137118347;464.644070353;521.695039821;2.01006106090;0.814230793633;1.32810405750;272.935841410;5.65282280924;2.07185359304e-05;0.0288604606277;supercritical
374.550000000;8.00000000000;140.187072254;0.00713332537673;464.694835015;521.761438029;2.01023834735;0.814216179239;1.32782433004;272.970279453;5.65100082736;2.07200873995e-05;0.0288617177717;supercritical
374.600000000;8.00000000000;140.148688638;0.00713527903626;464.745589971;521.827822261;2.01041557283;0.814201621956;1.32754504345;273.004704400;5.64917962625;2.07216395548e-05;0.0288629783108;supercritical
374.650000000;8.00000000000;140.110336500;0.00713723216272;464.796335239;521.894192540;2.01059273741;0.814187121685;1.32726619682;273.039116267;5.64735920563;2.07231923949e-05;0.0288642422383;supercritical
374.700000000;8.00000000000;140.072015793;0.00713918475679;464.847070834;521.960548888;2.01076984116;0.814172678329;1.32698778922;273.073515069;5.64553956526;2.07247459184e-05;0.0288655095476;supercritical
374.750000000;8.00000000000;140.033726467;0.00714113681915;464.897796773;522.026891327;2.01094688416;0.814158291788;1.32670981973;273.107900819;5.64372070486;2.07263001238e-05;0.0288667802322;supercritical
374.800000000;8.00000000000;139.995468477;0.00714308835048;464.948513074;522.093219878;2.01112386649;0.814143961965;1.32643228743;273.142273534;5.64190262418;2.07278550097e-05;0.0288680542856;supercritical
374.850000000;8.00000000000;139.957241775;0.00714503935143;464.999219751;522.159534563;2.01130078821;0.814129688761;1.32615519142;273.176633228;5.64008532295;2.07294105746e-05;0.0288693317011;supercritical
374.900000000;8.00000000000;139.919046313;0.00714698982270;465.049916822;522.225835404;2.01147764941;0.814115472079;1.32587853079;273.210979915;5.63826880091;2.07309668172e-05;0.0288706124724;supercritical
374.950000000;8.00000000000;139.880882044;0.00714893976493;465.100604304;522.292122423;2.01165445015;0.814101311821;1.32560230461;273.245313611;5.63645305780;2.07325237360e-05;0.0288718965928;supercritical
375.000000000;8.00000000000;139.842748922;0.00715088917881;465.151282211;522.358395642;2.01183119052;0.814087207890;1.32532651199;273.279634330;5.63463809335;2.07340813295e-05;0.0288731840559;supercritical
375.050000000;8.00000000000;139.804646898;0.00715283806500;465.201950561;522.424655081;2.01200787058;0.814073160189;1.32505115203;273.313942086;5.63282390730;2.07356395964e-05;0.0288744748553;supercritical
375.100000000;8.00000000000;139.766575928;0.00715478642417;465.252609371;522.490900764;2.01218449041;0.814059168621;1.32477622382;273.348236896;5.63101049939;2.07371985353e-05;0.0288757689845;supercritical
375.150000000;8.00000000000;139.728535963;0.00715673425697;465.303258655;522.557132711;2.01236105008;0.814045233089;1.32450172647;273.382518773;5.62919786934;2.07387581447e-05;0.0288770664371;supercritical
375.200000000;8.00000000000;139.690526956;0.00715868156408;465.353898431;522.623350944;2.01253754967;0.814031353498;1.32422765907;273.416787731;5.62738601689;2.07403184233e-05;0.0288783672067;supercritical
375.250000000;8.00000000000;139.652548863;0.00716062834615;465.404528715;522.689555484;2.01271398925;0.814017529751;1.32395402075;273.451043786;5.62557494178;2.07418793696e-05;0.0288796712868;supercritical
375.300000000;8.00000000000;139.614601635;0.00716257460385;465.455149522;522.755746353;2.01289036889;0.814003761752;1.32368081059;273.485286952;5.62376464373;2.07434409822e-05;0.0288809786711;supercritical
375.350000000;8.00000000000;139.576685228;0.00716452033783;465.505760870;522.821923572;2.01306668866;0.813990049406;1.32340802773;273.519517244;5.62195512248;2.07450032598e-05;0.0288822893533;supercritical
375.400000000;8.00000000000;139.538799593;0.00716646554876;465.556362773;522.888087163;2.01324294865;0.813976392617;1.32313567127;273.553734675;5.62014637777;2.07465662009e-05;0.0288836033269;supercritical
375.450000000;8.00000000000;139.500944686;0.00716841023728;465.606955248;522.954237146;2.01341914891;0.813962791290;1.32286374032;273.587939262;5.61833840932;2.07481298042e-05;0.0288849205857;supercritical
375.500000000;8.00000000000;139.463120461;0.00717035440405;465.657538312;523.020373544;2.01359528953;0.813949245329;1.32259223401;273.622131017;5.61653121686;2.07496940683e-05;0.0288862411234;supercritical
375.550000000;8.00000000000;139.425326871;0.00717229804974;465.708111979;523.086496377;2.01377137057;0.813935754640;1.32232115147;273.656309956;5.61472480013;2.07512589918e-05;0.0288875649336;supercritical
375.600000000;8.00000000000;139.387563870;0.00717424117499;465.758676266;523.152605666;2.01394739211;0.813922319129;1.32205049180;273.690476093;5.61291915885;2.07528245733e-05;0.0288888920101;supercritical
375.650000000;8.00000000000;139.349831414;0.00717618378044;465.809231190;523.218701433;2.01412335422;0.813908938702;1.32178025415;273.724629442;5.61111429275;2.07543908115e-05;0.0288902223467;supercritical
375.700000000;8.00000000000;139.312129456;0.00717812586676;465.859776765;523.284783699;2.01429925697;0.813895613263;1.32151043763;273.758770018;5.60931020157;2.07559577049e-05;0.0288915559370;supercritical
375.750000000;8.00000000000;139.274457950;0.00718006743460;465.910313007;523.350852484;2.01447510043;0.813882342719;1.32124104138;273.792897835;5.60750688503;2.07575252523e-05;0.0288928927749;supercritical
375.800000000;8.00000000000;139.236816852;0.00718200848459;465.960839933;523.416907810;2.01465088468;0.813869126976;1.32097206454;273.827012907;5.60570434285;2.07590934522e-05;0.0288942328541;supercritical
375.850000000;8.00000000000;139.199206116;0.00718394901739;466.011357558;523.482949697;2.01482660978;0.813855965942;1.32070350624;273.861115249;5.60390257478;2.07606623033e-05;0.0288955761685;supercritical
375.900000000;8.00000000000;139.161625697;0.00718588903364;466.061865898;523.548978167;2.01500227582;0.813842859522;1.32043536562;273.895204874;5.60210158052;2.07622318042e-05;0.0288969227118;supercritical
375.950000000;8.00000000000;139.124075550;0.00718782853399;466.112364969;523.614993241;2.01517788285;0.813829807623;1.32016764182;273.929281798;5.60030135982;2.07638019536e-05;0.0288982724779;supercritical
376.000000000;8.00000000000;139.086555629;0.00718976751907;466.162854786;523.680994939;2.01535343095;0.813816810154;1.31990033398;273.963346034;5.59850191240;2.07653727501e-05;0.0288996254607;supercritical
376.050000000;8.00000000000;139.049065890;0.00719170598954;466.213335365;523.746983281;2.01552892020;0.813803867020;1.31963344125;273.997397596;5.59670323797;2.07669441924e-05;0.0289009816541;supercritical
376.100000000;8.00000000000;139.011606288;0.00719364394602;466.263806721;523.812958290;2.01570435065;0.813790978130;1.31936696278;274.031436500;5.59490533628;2.07685162792e-05;0.0289023410518;supercritical
376.150000000;8.00000000000;138.974176778;0.00719558138917;466.314268871;523.878919984;2.01587972239;0.813778143392;1.31910089772;274.065462757;5.59310820704;2.07700890090e-05;0.0289037036479;supercritical
376.200000000;8.00000000000;138.936777316;0.00719751831961;466.364721829;523.944868386;2.01605503548;0.813765362713;1.31883524521;274.099476384;5.59131184997;2.07716623806e-05;0.0289050694362;supercritical
376.250000000;8.00000000000;138.899407857;0.00719945473798;466.415165612;524.010803516;2.01623029000;0.813752636002;1.31857000443;274.133477394;5.58951626480;2.07732363926e-05;0.0289064384107;supercritical
376.300000000;8.00000000000;138.862068357;0.00720139064493;466.465600234;524.076725393;2.01640548600;0.813739963168;1.31830517451;274.167465800;5.58772145126;2.07748110437e-05;0.0289078105653;supercritical
376.350000000;8.00000000000;138.824758771;0.00720332604108;466.516025711;524.142634040;2.01658062358;0.813727344118;1.31804075463;274.201441618;5.58592740907;2.07763863326e-05;0.0289091858939;supercritical
376.400000000;8.00000000000;138.787479055;0.00720526092706;466.566442059;524.208529476;2.01675570278;0.813714778762;1.31777674395;274.235404860;5.58413413794;2.07779622579e-05;0.0289105643907;supercritical
376.450000000;8.00000000000;138.750229165;0.00720719530352;466.616849293;524.274411721;2.01693072369;0.813702267008;1.31751314163;274.269355542;5.58234163761;2.07795388184e-05;0.0289119460495;supercritical
376.500000000;8.00000000000;138.713009057;0.00720912917107;466.667247428;524.340280797;2.01710568637;0.813689808767;1.31724994683;274.303293676;5.58054990779;2.07811160126e-05;0.0289133308643;supercritical
376.550000000;8.00000000000;138.675818687;0.00721106253035;466.717636480;524.406136723;2.01728059090;0.813677403947;1.31698715873;274.337219278;5.57875894821;2.07826938394e-05;0.0289147188293;supercritical
376.600000000;8.00000000000;138.638658011;0.00721299538199;466.768016463;524.471979519;2.01745543734;0.813665052458;1.31672477649;274.371132360;5.57696875858;2.07842722973e-05;0.0289161099384;supercritical
376.650000000;8.00000000000;138.601526986;0.00721492772661;466.818387394;524.537809207;2.01763022575;0.813652754211;1.31646279930;274.405032936;5.57517933863;2.07858513851e-05;0.0289175041857;supercritical
376.700000000;8.00000000000;138.564425567;0.00721685956484;466.868749287;524.603625806;2.01780495622;0.813640509114;1.31620122632;274.438921021;5.57339068808;2.07874311015e-05;0.0289189015653;supercritical
376.750000000;8.00000000000;138.527353711;0.00721879089730;466.919102158;524.669429336;2.01797962881;0.813628317080;1.31594005674;274.472796629;5.57160280664;2.07890114451e-05;0.0289203020712;supercritical
376.800000000;8.00000000000;138.490311376;0.00722072172463;466.969446021;524.735219818;2.01815424359;0.813616178017;1.31567928973;274.506659772;5.56981569404;2.07905924147e-05;0.0289217056976;supercritical
376.850000000;8.00000000000;138.453298516;0.00722265204743;467.019780893;524.800997272;2.01832880062;0.813604091837;1.31541892449;274.540510465;5.56802934999;2.07921740090e-05;0.0289231124386;supercritical
376.900000000;8.00000000000;138.416315090;0.00722458186633;467.070106787;524.866761718;2.01850329998;0.813592058451;1.31515896018;274.574348722;5.56624377421;2.07937562267e-05;0.0289245222883;supercritical
376.950000000;8.00000000000;138.379361053;0.00722651118195;467.120423719;524.932513175;2.01867774173;0.813580077769;1.31489939601;274.608174556;5.56445896643;2.07953390665e-05;0.0289259352408;supercritical
377.000000000;8.00000000000;138.342436363;0.00722843999491;467.170731705;524.998251664;2.01885212594;0.813568149704;1.31464023115;274.641987981;5.56267492635;2.07969225271e-05;0.0289273512904;supercritical
377.050000000;8.00000000000;138.305540977;0.00723036830583;467.221030758;525.063977205;2.01902645269;0.813556274166;1.31438146480;274.675789011;5.56089165370;2.07985066072e-05;0.0289287704312;supercritical
377.100000000;8.00000000000;138.268674852;0.00723229611532;467.271320894;525.129689817;2.01920072203;0.813544451068;1.31412309616;274.709577659;5.55910914819;2.08000913055e-05;0.0289301926574;supercritical
377.150000000;8.00000000000;138.231837944;0.00723422342400;467.321602129;525.195389521;2.01937493404;0.813532680320;1.31386512442;274.743353939;5.55732740954;2.08016766209e-05;0.0289316179633;supercritical
377.200000000;8.00000000000;138.195030213;0.00723615023248;467.371874476;525.261076336;2.01954908878;0.813520961837;1.31360754878;274.777117865;5.55554643747;2.08032625519e-05;0.0289330463429;supercritical
377.250000000;8.00000000000;138.158251613;0.00723807654137;467.422137951;525.326750282;2.01972318633;0.813509295528;1.31335036844;274.810869449;5.55376623168;2.08048490974e-05;0.0289344777907;supercritical
377.300000000;8.00000000000;138.121502104;0.00724000235129;467.472392569;525.392411379;2.01989722674;0.813497681309;1.31309358260;274.844608707;5.55198679190;2.08064362560e-05;0.0289359123008;supercritical
377.350000000;8.00000000000;138.084781643;0.00724192766285;467.522638344;525.458059647;2.02007121010;0.813486119090;1.31283719047;274.878335650;5.55020811785;2.08080240266e-05;0.0289373498675;supercritical
377.400000000;8.00000000000;138.048090187;0.00724385247666;467.572875292;525.523695105;2.02024513645;0.813474608785;1.31258119125;274.912050294;5.54843020922;2.08096124077e-05;0.0289387904851;supercritical
377.450000000;8.00000000000;138.011427694;0.00724577679332;467.623103426;525.589317773;2.02041900588;0.813463150307;1.31232558415;274.945752650;5.54665306575;2.08112013983e-05;0.0289402341478;supercritical
377.500000000;8.00000000000;137.974794122;0.00724770061344;467.673322762;525.654927670;2.02059281844;0.813451743569;1.31207036838;274.979442733;5.54487668714;2.08127909970e-05;0.0289416808501;supercritical
377.550000000;8.00000000000;137.938189429;0.00724962393763;467.723533315;525.720524816;2.02076657421;0.813440388485;1.31181554316;275.013120556;5.54310107310;2.08143812026e-05;0.0289431305862;supercritical
377.600000000;8.00000000000;137.901613573;0.00725154676649;467.773735099;525.786109231;2.02094027325;0.813429084968;1.31156110771;275.046786133;5.54132622336;2.08159720138e-05;0.0289445833504;supercritical
377.650000000;8.00000000000;137.865066512;0.00725346910063;467.823928128;525.851680933;2.02111391562;0.813417832933;1.31130706123;275.080439476;5.53955213761;2.08175634294e-05;0.0289460391372;supercritical
377.700000000;8.00000000000;137.828548204;0.00725539094064;467.874112418;525.917239943;2.02128750141;0.813406632293;1.31105340295;275.114080600;5.53777881558;2.08191554481e-05;0.0289474979409;supercritical
377.750000000;8.00000000000;137.792058607;0.00725731228714;467.924287983;525.982786280;2.02146103066;0.813395482963;1.31080013209;275.147709517;5.53600625698;2.08207480688e-05;0.0289489597558;supercritical
377.800000000;8.00000000000;137.755597680;0.00725923314072;467.974454837;526.048319963;2.02163450345;0.813384384857;1.31054724788;275.181326241;5.53423446151;2.08223412901e-05;0.0289504245765;supercritical
377.850000000;8.00000000000;137.719165382;0.00726115350197;468.024612996;526.113841011;2.02180791984;0.813373337890;1.31029474954;275.214930785;5.53246342890;2.08239351108e-05;0.0289518923972;supercritical
377.900000000;8.00000000000;137.682761670;0.00726307337151;468.074762472;526.179349444;2.02198127990;0.813362341977;1.31004263630;275.248523162;5.53069315884;2.08255295298e-05;0.0289533632124;supercritical
377.950000000;8.00000000000;137.646386504;0.00726499274991;468.124903282;526.244845281;2.02215458370;0.813351397032;1.30979090738;275.282103387;5.52892365105;2.08271245457e-05;0.0289548370166;supercritical
378.000000000;8.00000000000;137.610039841;0.00726691163779;468.175035439;526.310328541;2.02232783130;0.813340502971;1.30953956203;275.315671470;5.52715490524;2.08287201574e-05;0.0289563138043;supercritical
378.050000000;8.00000000000;137.573721642;0.00726883003573;468.225158958;526.375799244;2.02250102276;0.813329659710;1.30928859947;275.349227427;5.52538692112;2.08303163637e-05;0.0289577935698;supercritical
378.100000000;8.00000000000;137.537431865;0.00727074794433;468.275273853;526.441257408;2.02267415815;0.813318867163;1.30903801894;275.382771271;5.52361969841;2.08319131632e-05;0.0289592763077;supercritical
378.150000000;8.00000000000;137.501170468;0.00727266536419;468.325380139;526.506703052;2.02284723754;0.813308125248;1.30878781969;275.416303013;5.52185323679;2.08335105549e-05;0.0289607620124;supercritical
378.200000000;8.00000000000;137.464937412;0.00727458229588;468.375477829;526.572136196;2.02302026100;0.813297433879;1.30853800094;275.449822668;5.52008753600;2.08351085374e-05;0.0289622506785;supercritical
378.250000000;8.00000000000;137.428732654;0.00727649874001;468.425566939;526.637556859;2.02319322858;0.813286792973;1.30828856195;275.483330249;5.51832259573;2.08367071096e-05;0.0289637423006;supercritical
378.300000000;8.00000000000;137.392556155;0.00727841469715;468.475647481;526.702965059;2.02336614035;0.813276202446;1.30803950195;275.516825768;5.51655841570;2.08383062703e-05;0.0289652368731;supercritical
378.350000000;8.00000000000;137.356407874;0.00728033016791;468.525719472;526.768360815;2.02353899638;0.813265662216;1.30779082020;275.550309239;5.51479499561;2.08399060183e-05;0.0289667343906;supercritical
378.400000000;8.00000000000;137.320287770;0.00728224515286;468.575782924;526.833744147;2.02371179672;0.813255172197;1.30754251594;275.583780674;5.51303233516;2.08415063523e-05;0.0289682348476;supercritical
378.450000000;8.00000000000;137.284195802;0.00728415965260;468.625837852;526.899115073;2.02388454146;0.813244732308;1.30729458842;275.617240088;5.51127043407;2.08431072712e-05;0.0289697382388;supercritical
378.500000000;8.00000000000;137.248131931;0.00728607366770;468.675884270;526.964473612;2.02405723064;0.813234342466;1.30704703690;275.650687492;5.50950929204;2.08447087738e-05;0.0289712445588;supercritical
378.550000000;8.00000000000;137.212096115;0.00728798719875;468.725922193;527.029819783;2.02422986434;0.813224002588;1.30679986063;275.684122899;5.50774890879;2.08463108588e-05;0.0289727538021;supercritical
378.600000000;8.00000000000;137.176088315;0.00728990024634;468.775951634;527.095153604;2.02440244262;0.813213712591;1.30655305886;275.717546324;5.50598928400;2.08479135252e-05;0.0289742659634;supercritical
378.650000000;8.00000000000;137.140108491;0.00729181281104;468.825972607;527.160475095;2.02457496554;0.813203472393;1.30630663086;275.750957777;5.50423041740;2.08495167716e-05;0.0289757810373;supercritical
378.700000000;8.00000000000;137.104156602;0.00729372489344;468.875985126;527.225784274;2.02474743317;0.813193281911;1.30606057589;275.784357274;5.50247230868;2.08511205970e-05;0.0289772990184;supercritical
378.750000000;8.00000000000;137.068232608;0.00729563649411;468.925989206;527.291081159;2.02491984557;0.813183141065;1.30581489320;275.817744825;5.50071495756;2.08527250002e-05;0.0289788199015;supercritical
378.800000000;8.00000000000;137.032336470;0.00729754761363;468.975984860;527.356365769;2.02509220280;0.813173049771;1.30556958207;275.851120445;5.49895836373;2.08543299799e-05;0.0289803436812;supercritical
378.850000000;8.00000000000;136.996468148;0.00729945825259;469.025972103;527.421638123;2.02526450493;0.813163007949;1.30532464175;275.884484145;5.49720252690;2.08559355350e-05;0.0289818703521;supercritical
378.900000000;8.00000000000;136.960627602;0.00730136841155;469.075950947;527.486898239;2.02543675202;0.813153015517;1.30508007152;275.917835940;5.49544744677;2.08575416643e-05;0.0289833999091;supercritical
378.950000000;8.00000000000;136.924814792;0.00730327809109;469.125921408;527.552146137;2.02560894414;0.813143072394;1.30483587065;275.951175841;5.49369312306;2.08591483666e-05;0.0289849323467;supercritical
379.000000000;8.00000000000;136.889029680;0.00730518729179;469.175883498;527.617381833;2.02578108134;0.813133178498;1.30459203841;275.984503861;5.49193955545;2.08607556409e-05;0.0289864676598;supercritical
379.050000000;8.00000000000;136.853272224;0.00730709601421;469.225837233;527.682605346;2.02595316369;0.813123333748;1.30434857407;276.017820013;5.49018674366;2.08623634859e-05;0.0289880058431;supercritical
379.100000000;8.00000000000;136.817542386;0.00730900425894;469.275782625;527.747816696;2.02612519126;0.813113538065;1.30410547691;276.051124310;5.48843468739;2.08639719004e-05;0.0289895468913;supercritical
379.150000000;8.00000000000;136.781840128;0.00731091202653;469.325719688;527.813015900;2.02629716410;0.813103791367;1.30386274621;276.084416764;5.48668338634;2.08655808833e-05;0.0289910907992;supercritical
379.200000000;8.00000000000;136.746165408;0.00731281931757;469.375648436;527.878202977;2.02646908229;0.813094093574;1.30362038124;276.117697389;5.48493284021;2.08671904335e-05;0.0289926375615;supercritical
379.250000000;8.00000000000;136.710518189;0.00731472613262;469.425568884;527.943377944;2.02664094587;0.813084444606;1.30337838130;276.150966196;5.48318304871;2.08688005498e-05;0.0289941871732;supercritical
379.300000000;8.00000000000;136.674898431;0.00731663247224;469.475481043;528.008540821;2.02681275492;0.813074844382;1.30313674565;276.184223198;5.48143401154;2.08704112310e-05;0.0289957396289;supercritical
379.350000000;8.00000000000;136.639306095;0.00731853833701;469.525384929;528.073691625;2.02698450949;0.813065292823;1.30289547360;276.217468409;5.47968572839;2.08720224760e-05;0.0289972949236;supercritical
379.400000000;8.00000000000;136.603741143;0.00732044372749;469.575280555;528.138830375;2.02715620966;0.813055789850;1.30265456442;276.250701840;5.47793819897;2.08736342837e-05;0.0289988530520;supercritical
379.450000000;8.00000000000;136.568203535;0.00732234864425;469.625167934;528.203957088;2.02732785547;0.813046335383;1.30241401741;276.283923504;5.47619142299;2.08752466528e-05;0.0290004140089;supercritical
379.500000000;8.00000000000;136.532693233;0.00732425308784;469.675047080;528.269071782;2.02749944700;0.813036929341;1.30217383185;276.317133414;5.47444540013;2.08768595824e-05;0.0290019777894;supercritical
379.550000000;8.00000000000;136.497210198;0.00732615705883;469.724918006;528.334174477;2.02767098430;0.813027571648;1.30193400704;276.350331582;5.47270013011;2.08784730711e-05;0.0290035443881;supercritical
379.600000000;8.00000000000;136.461754391;0.00732806055778;469.774780727;528.399265189;2.02784246744;0.813018262222;1.30169454228;276.383518021;5.47095561262;2.08800871180e-05;0.0290051138000;supercritical
379.650000000;8.00000000000;136.426325775;0.00732996358526;469.824635255;528.464343937;2.02801389648;0.813009000986;1.30145543686;276.416692742;5.46921184736;2.08817017219e-05;0.0290066860201;supercritical
379.700000000;8.00000000000;136.390924310;0.00733186614182;469.874481604;528.529410739;2.02818527147;0.812999787860;1.30121669008;276.449855760;5.46746883403;2.08833168816e-05;0.0290082610431;supercritical
379.750000000;8.00000000000;136.355549959;0.00733376822802;469.924319788;528.594465612;2.02835659249;0.812990622767;1.30097830124;276.483007085;5.46572657233;2.08849325960e-05;0.0290098388641;supercritical
379.800000000;8.00000000000;136.320202682;0.00733566984441;469.974149819;528.659508575;2.02852785959;0.812981505628;1.30074026964;276.516146731;5.46398506196;2.08865488640e-05;0.0290114194779;supercritical
379.850000000;8.00000000000;136.284882443;0.00733757099156;470.023971712;528.724539645;2.02869907284;0.812972436366;1.30050259459;276.549274709;5.46224430261;2.08881656844e-05;0.0290130028796;supercritical
379.900000000;8.00000000000;136.249589202;0.00733947167002;470.073785480;528.789558840;2.02887023229;0.812963414901;1.30026527539;276.582391033;5.46050429400;2.08897830563e-05;0.0290145890640;supercritical
379.950000000;8.00000000000;136.214322922;0.00734137188035;470.123591136;528.854566178;2.02904133800;0.812954441156;1.30002831135;276.615495714;5.45876503581;2.08914009783e-05;0.0290161780262;supercritical
380.000000000;8.00000000000;136.179083565;0.00734327162309;470.173388692;528.919561677;2.02921239004;0.812945515054;1.29979170179;276.648588765;5.45702652774;2.08930194495e-05;0.0290177697611;supercritical
380.050000000;8.00000000000;136.143871093;0.00734517089880;470.223178164;528.984545354;2.02938338847;0.812936636517;1.29955544600;276.681670198;5.45528876949;2.08946384687e-05;0.0290193642637;supercritical
380.100000000;8.00000000000;136.108685468;0.00734706970803;470.272959563;529.049517228;2.02955433334;0.812927805467;1.29931954331;276.714740025;5.45355176076;2.08962580348e-05;0.0290209615291;supercritical
380.150000000;8.00000000000;136.073526652;0.00734896805133;470.322732904;529.114477315;2.02972522473;0.812919021829;1.29908399303;276.747798259;5.45181550124;2.08978781468e-05;0.0290225615522;supercritical
380.200000000;8.00000000000;136.038394609;0.00735086592926;470.372498199;529.179425633;2.02989606268;0.812910285524;1.29884879447;276.780844912;5.45007999063;2.08994988034e-05;0.0290241643281;supercritical
380.250000000;8.00000000000;136.003289299;0.00735276334235;470.422255461;529.244362200;2.03006684726;0.812901596477;1.29861394696;276.813879996;5.44834522863;2.09011200036e-05;0.0290257698519;supercritical
380.300000000;8.00000000000;135.968210687;0.00735466029116;470.472004704;529.309287033;2.03023757853;0.812892954609;1.29837944982;276.846903523;5.44661121494;2.09027417464e-05;0.0290273781186;supercritical
380.350000000;8.00000000000;135.933158734;0.00735655677623;470.521745941;529.374200151;2.03040825655;0.812884359846;1.29814530236;276.879915506;5.44487794924;2.09043640305e-05;0.0290289891232;supercritical
380.400000000;8.00000000000;135.898133403;0.00735845279812;470.571479185;529.439101569;2.03057888138;0.812875812110;1.29791150392;276.912915957;5.44314543124;2.09059868550e-05;0.0290306028610;supercritical
380.450000000;8.00000000000;135.863134657;0.00736034835735;470.621204448;529.503991307;2.03074945307;0.812867311326;1.29767805381;276.945904887;5.44141366064;2.09076102187e-05;0.0290322193268;supercritical
380.500000000;8.00000000000;135.828162459;0.00736224345448;470.670921745;529.568869381;2.03091997170;0.812858857418;1.29744495136;276.978882309;5.43968263712;2.09092341206e-05;0.0290338385159;supercritical
380.550000000;8.00000000000;135.793216772;0.00736413809005;470.720631087;529.633735808;2.03109043731;0.812850450309;1.29721219591;277.011848235;5.43795236038;2.09108585595e-05;0.0290354604234;supercritical
380.600000000;8.00000000000;135.758297558;0.00736603226460;470.770332489;529.698590606;2.03126084997;0.812842089925;1.29697978679;277.044802677;5.43622283012;2.09124835344e-05;0.0290370850444;supercritical
380.650000000;8.00000000000;135.723404781;0.00736792597866;470.820025963;529.763433792;2.03143120974;0.812833776189;1.29674772332;277.077745647;5.43449404603;2.09141090442e-05;0.0290387123741;supercritical
380.700000000;8.00000000000;135.688538404;0.00736981923279;470.869711522;529.828265384;2.03160151667;0.812825509026;1.29651600484;277.110677157;5.43276600781;2.09157350878e-05;0.0290403424075;supercritical
380.750000000;8.00000000000;135.653698390;0.00737171202752;470.919389178;529.893085399;2.03177177083;0.812817288362;1.29628463069;277.143597219;5.43103871514;2.09173616642e-05;0.0290419751400;supercritical
380.800000000;8.00000000000;135.618884703;0.00737360436338;470.969058946;529.957893853;2.03194197228;0.812809114121;1.29605360021;277.176505845;5.42931216773;2.09189887723e-05;0.0290436105666;supercritical
380.850000000;8.00000000000;135.584097305;0.00737549624092;471.018720837;530.022690764;2.03211212106;0.812800986229;1.29582291273;277.209403047;5.42758636527;2.09206164109e-05;0.0290452486825;supercritical
380.900000000;8.00000000000;135.549336160;0.00737738766066;471.068374865;530.087476150;2.03228221725;0.812792904610;1.29559256759;277.242288838;5.42586130745;2.09222445792e-05;0.0290468894830;supercritical
380.950000000;8.00000000000;135.514601232;0.00737927862315;471.118021041;530.152250027;2.03245226090;0.812784869191;1.29536256415;277.275163228;5.42413699397;2.09238732759e-05;0.0290485329632;supercritical
381.000000000;8.00000000000;135.479892485;0.00738116912892;471.167659381;530.217012412;2.03262225207;0.812776879896;1.29513290174;277.308026230;5.42241342451;2.09255025000e-05;0.0290501791185;supercritical
381.050000000;8.00000000000;135.445209882;0.00738305917849;471.217289895;530.281763323;2.03279219081;0.812768936653;1.29490357970;277.340877855;5.42069059877;2.09271322505e-05;0.0290518279439;supercritical
381.100000000;8.00000000000;135.410553386;0.00738494877241;471.266912596;530.346502776;2.03296207720;0.812761039386;1.29467459740;277.373718117;5.41896851645;2.09287625262e-05;0.0290534794348;supercritical
381.150000000;8.00000000000;135.375922962;0.00738683791119;471.316527498;530.411230788;2.03313191127;0.812753188022;1.29444595417;277.406547025;5.41724717723;2.09303933263e-05;0.0290551335865;supercritical
381.200000000;8.00000000000;135.341318574;0.00738872659538;471.366134614;530.475947377;2.03330169310;0.812745382487;1.29421764937;277.439364593;5.41552658081;2.09320246495e-05;0.0290567903941;supercritical
381.250000000;8.00000000000;135.306740185;0.00739061482550;471.415733954;530.540652559;2.03347142274;0.812737622708;1.29398968235;277.472170832;5.41380672688;2.09336564949e-05;0.0290584498530;supercritical
381.300000000;8.00000000000;135.272187759;0.00739250260208;471.465325534;530.605346350;2.03364110025;0.812729908611;1.29376205247;277.504965754;5.41208761513;2.09352888614e-05;0.0290601119586;supercritical
381.350000000;8.00000000000;135.237661261;0.00739438992565;471.514909364;530.670028769;2.03381072569;0.812722240123;1.29353475908;277.537749371;5.41036924525;2.09369217479e-05;0.0290617767060;supercritical
381.400000000;8.00000000000;135.203160655;0.00739627679673;471.564485458;530.734699832;2.03398029911;0.812714617171;1.29330780154;277.570521693;5.40865161693;2.09385551535e-05;0.0290634440906;supercritical
381.450000000;8.00000000000;135.168685906;0.00739816321584;471.614053828;530.799359555;2.03414982057;0.812707039682;1.29308117921;277.603282734;5.40693472987;2.09401890770e-05;0.0290651141077;supercritical
381.500000000;8.00000000000;135.134236976;0.00740004918352;471.663614487;530.864007955;2.03431929013;0.812699507583;1.29285489146;277.636032505;5.40521858376;2.09418235175e-05;0.0290667867527;supercritical
381.550000000;8.00000000000;135.099813831;0.00740193470028;471.713167448;530.928645050;2.03448870785;0.812692020801;1.29262893763;277.668771017;5.40350317828;2.09434584739e-05;0.0290684620210;supercritical
381.600000000;8.00000000000;135.065416436;0.00740381976665;471.762712722;530.993270855;2.03465807378;0.812684579265;1.29240331711;277.701498282;5.40178851313;2.09450939452e-05;0.0290701399078;supercritical
381.650000000;8.00000000000;135.031044755;0.00740570438315;471.812250322;531.057885387;2.03482738798;0.812677182902;1.29217802925;277.734214312;5.40007458799;2.09467299303e-05;0.0290718204086;supercritical
381.700000000;8.00000000000;134.996698752;0.00740758855029;471.861780261;531.122488663;2.03499665051;0.812669831639;1.29195307342;277.766919118;5.39836140256;2.09483664282e-05;0.0290735035188;supercritical
381.750000000;8.00000000000;134.962378392;0.00740947226861;471.911302551;531.187080700;2.03516586143;0.812662525405;1.29172844899;277.799612712;5.39664895653;2.09500034379e-05;0.0290751892336;supercritical
381.800000000;8.00000000000;134.928083640;0.00741135553861;471.960817205;531.251661514;2.03533502078;0.812655264128;1.29150415534;277.832295106;5.39493724959;2.09516409584e-05;0.0290768775487;supercritical
381.850000000;8.00000000000;134.893814461;0.00741323836082;472.010324234;531.316231121;2.03550412864;0.812648047735;1.29128019183;277.864966311;5.39322628142;2.09532789886e-05;0.0290785684593;supercritical
381.900000000;8.00000000000;134.859570820;0.00741512073576;472.059823652;531.380789538;2.03567318505;0.812640876157;1.29105655784;277.897626338;5.39151605172;2.09549175276e-05;0.0290802619609;supercritical
381.950000000;8.00000000000;134.825352681;0.00741700266393;472.109315471;531.445336782;2.03584219008;0.812633749320;1.29083325275;277.930275200;5.38980656017;2.09565565742e-05;0.0290819580489;supercritical
382.000000000;8.00000000000;134.791160010;0.00741888414585;472.158799702;531.509872869;2.03601114377;0.812626667155;1.29061027593;277.962912908;5.38809780646;2.09581961276e-05;0.0290836567189;supercritical
382.050000000;8.00000000000;134.756992772;0.00742076518204;472.208276359;531.574397815;2.03618004619;0.812619629589;1.29038762676;277.995539473;5.38638979028;2.09598361867e-05;0.0290853579662;supercritical
382.100000000;8.00000000000;134.722850932;0.00742264577301;472.257745453;531.638911637;2.03634889739;0.812612636552;1.29016530462;278.028154906;5.38468251133;2.09614767504e-05;0.0290870617863;supercritical
382.150000000;8.00000000000;134.688734456;0.00742452591928;472.307206997;531.703414351;2.03651769743;0.812605687973;1.28994330890;278.060759220;5.38297596928;2.09631178178e-05;0.0290887681747;supercritical
382.200000000;8.00000000000;134.654643308;0.00742640562134;472.356661003;531.767905974;2.03668644636;0.812598783782;1.28972163898;278.093352425;5.38127016383;2.09647593879e-05;0.0290904771269;supercritical
382.250000000;8.00000000000;134.620577454;0.00742828487973;472.406107483;531.832386521;2.03685514424;0.812591923907;1.28950029423;278.125934533;5.37956509467;2.09664014597e-05;0.0290921886385;supercritical
382.300000000;8.00000000000;134.586536859;0.00743016369494;472.455546449;531.896856008;2.03702379112;0.812585108279;1.28927927406;278.158505556;5.37786076148;2.09680440321e-05;0.0290939027048;supercritical
382.350000000;8.00000000000;134.552521490;0.00743204206748;472.504977914;531.961314453;2.03719238707;0.812578336827;1.28905857785;278.191065504;5.37615716394;2.09696871042e-05;0.0290956193216;supercritical
382.400000000;8.00000000000;134.518531312;0.00743391999786;472.554401889;532.025761872;2.03736093213;0.812571609482;1.28883820498;278.223614389;5.37445430176;2.09713306750e-05;0.0290973384842;supercritical
382.450000000;8.00000000000;134.484566289;0.00743579748659;472.603818386;532.090198279;2.03752942637;0.812564926173;1.28861815486;278.256152223;5.37275217460;2.09729747435e-05;0.0290990601882;supercritical
382.500000000;8.00000000000;134.450626389;0.00743767453417;472.653227419;532.154623692;2.03769786983;0.812558286831;1.28839842686;278.288679017;5.37105078217;2.09746193087e-05;0.0291007844293;supercritical
382.550000000;8.00000000000;134.416711577;0.00743955114111;472.702628998;532.219038127;2.03786626258;0.812551691385;1.28817902040;278.321194781;5.36935012415;2.09762643695e-05;0.0291025112029;supercritical
382.600000000;8.00000000000;134.382821819;0.00744142730792;472.752023136;532.283441600;2.03803460466;0.812545139768;1.28795993485;278.353699528;5.36765020023;2.09779099251e-05;0.0291042405047;supercritical
382.650000000;8.00000000000;134.348957081;0.00744330303509;472.801409845;532.347834126;2.03820289614;0.812538631908;1.28774116963;278.386193269;5.36595101008;2.09795559745e-05;0.0291059723302;supercritical
382.700000000;8.00000000000;134.315117328;0.00744517832313;472.850789137;532.412215722;2.03837113706;0.812532167737;1.28752272413;278.418676014;5.36425255340;2.09812025165e-05;0.0291077066751;supercritical
382.750000000;8.00000000000;134.281302528;0.00744705317254;472.900161023;532.476586404;2.03853932749;0.812525747187;1.28730459774;278.451147776;5.36255482988;2.09828495504e-05;0.0291094435349;supercritical
382.800000000;8.00000000000;134.247512645;0.00744892758382;472.949525517;532.540946187;2.03870746748;0.812519370187;1.28708678988;278.483608565;5.36085783919;2.09844970751e-05;0.0291111829053;supercritical